﻿<?xml version="1.0" encoding="UTF-8" standalone="yes"?>
<!--IATI Publications - UNDP Development Projects by Countries-->
<iati-activities xmlns:xsi="http://www.w3.org/2001/XMLSchema-instance" xmlns:xsd="http://www.w3.org/2001/XMLSchema" generated-datetime="2017-05-23T10:57:33" version="2.02">
  <!--Aruba-->
  <iati-activity last-updated-datetime="2017-05-01T00:02:02" default-currency="USD" xml:lang="es" hierarchy="1">
    <iati-identifier>XM-DAC-41114-PROJECT-00087367</iati-identifier>
    <reporting-org ref="XM-DAC-41114" type="40">
      <narrative>United Nations Development Programme</narrative>
    </reporting-org>
    <title>
      <narrative>Engagement Facility Aruba</narrative>
    </title>
    <description type="1">
      <narrative>To deliver upstream policy and knowledge/innovation results to the Government of Aruba</narrative>
    </description>
    <participating-org role="4" type="40" ref="XM-DAC-41114">
      <narrative>United Nations Development Programme</narrative>
    </participating-org>
    <participating-org role="2" type="40" ref="XM-DAC-41114">
      <narrative>UNITED NATIONS DEVELOPMENT PROGRAMME</narrative>
    </participating-org>
    <participating-org role="1" type="40" ref="XM-DAC-41114">
      <narrative>UNITED NATIONS DEVELOPMENT PROGRAMME</narrative>
    </participating-org>
    <activity-status code="2" />
    <activity-date type="1" iso-date="2015-03-04" />
    <activity-date type="2" iso-date="2015-03-04" />
    <activity-date type="3" iso-date="2017-12-31" />
    <contact-info type="1">
      <email>
      </email>
      <website>
      </website>
    </contact-info>
    <recipient-country code="AW">
      <narrative>Aruba</narrative>
    </recipient-country>
    <sector vocabulary="1" code="15113" />
    <collaboration-type code="4" />
    <default-flow-type code="10" />
    <default-finance-type code="110" />
    <default-aid-type code="C01" />
    <default-tied-status code="3" />
    <document-link format="text/html" url="http://procurement-notices.undp.org/index.cfm">
      <title>
        <narrative>Request for Procurement</narrative>
      </title>
      <category code="A10" />
      <language code="en" />
    </document-link>
    <document-link format="text/html" url="http://open.undp.org/#project/00087367">
      <title>
        <narrative>Purchase Order Summary</narrative>
      </title>
      <category code="A11" />
      <category code="A12" />
      <language code="en" />
    </document-link>
    <related-activity type="2" ref="XM-DAC-41114-OUTPUT-00094402" />
    <conditions attached="0" />
  </iati-activity>
  <iati-activity last-updated-datetime="2017-05-01T00:02:02" default-currency="USD" xml:lang="es" hierarchy="2">
    <iati-identifier>XM-DAC-41114-OUTPUT-00094402</iati-identifier>
    <reporting-org ref="XM-DAC-41114" type="40">
      <narrative>United Nations Development Programme</narrative>
    </reporting-org>
    <title>
      <narrative>Engagement Facility Aruba</narrative>
    </title>
    <description type="1">
      <narrative>The Engagement Facility Aruba project seeks to deliver upstream policy and knowledge/innovation results to the Government of Aruba</narrative>
    </description>
    <participating-org role="1" type="40" ref="XM-DAC-41114">
      <narrative>UNITED NATIONS DEVELOPMENT PROGRAMME</narrative>
    </participating-org>
    <activity-status code="2" />
    <activity-date type="1" iso-date="2015-03-04" />
    <activity-date type="2" iso-date="2015-03-04" />
    <activity-date type="3" iso-date="2017-12-31" />
    <contact-info type="1">
      <email>
      </email>
      <website>
      </website>
    </contact-info>
    <recipient-country code="AW">
      <narrative>Aruba</narrative>
    </recipient-country>
    <sector vocabulary="1" code="15113" />
    <sector vocabulary="99" code="2">
      <narrative>Democratic Governance</narrative>
    </sector>
    <country-budget-items vocabulary="1">
      <budget-item code="2.1.8" percentage="100">
        <description>
          <narrative>Anti corruption</narrative>
        </description>
      </budget-item>
    </country-budget-items>
    <policy-marker vocabulary="1" code="1" significance="0" />
    <collaboration-type code="4" />
    <default-flow-type code="10" />
    <default-finance-type code="110" />
    <default-aid-type code="C01" />
    <default-tied-status code="3" />
    <budget type="2" status="2">
      <period-start iso-date="2017-01-01" />
      <period-end iso-date="2017-12-31" />
      <value currency="USD" value-date="2017-04-30">33000</value>
    </budget>
    <budget type="2" status="2">
      <period-start iso-date="2016-01-01" />
      <period-end iso-date="2016-12-31" />
      <value currency="USD" value-date="2016-12-31">83696</value>
    </budget>
    <transaction>
      <transaction-type code="4" />
      <transaction-date iso-date="2017-04-30" />
      <value currency="USD" value-date="2017-04-30">6155</value>
      <provider-org ref="XM-DAC-41114">
        <narrative>United Nations development Programme</narrative>
      </provider-org>
      <disbursement-channel code="2" />
    </transaction>
    <transaction>
      <transaction-type code="11" />
      <transaction-date iso-date="2017-04-30" />
      <value currency="USD" value-date="2017-04-30">33000</value>
      <provider-org type="40" ref="XM-DAC-41114" provider-activity-id="XM-DAC-41114-PROJECT-00087367">
        <narrative>UNITED NATIONS DEVELOPMENT PROGRAMME</narrative>
      </provider-org>
      <receiver-org type="40" ref="XM-DAC-41114" receiver-activity-id="XM-DAC-41114-OUTPUT-00094402">
        <narrative>United Nations development Programme</narrative>
      </receiver-org>
      <disbursement-channel code="2" />
    </transaction>
    <transaction>
      <transaction-type code="11" />
      <transaction-date iso-date="2016-12-31" />
      <value currency="USD" value-date="2016-12-31">83696</value>
      <provider-org type="40" ref="XM-DAC-41114" provider-activity-id="XM-DAC-41114-PROJECT-00087367">
        <narrative>UNITED NATIONS DEVELOPMENT PROGRAMME</narrative>
      </provider-org>
      <receiver-org type="40" ref="XM-DAC-41114" receiver-activity-id="XM-DAC-41114-OUTPUT-00094402">
        <narrative>United Nations development Programme</narrative>
      </receiver-org>
      <disbursement-channel code="2" />
    </transaction>
    <transaction>
      <transaction-type code="4" />
      <transaction-date iso-date="2016-12-31" />
      <value currency="USD" value-date="2016-12-31">49779</value>
      <disbursement-channel code="2" />
    </transaction>
    <document-link format="text/html" url="http://open.undp.org/#project/00087367">
      <title>
        <narrative>Activity web page</narrative>
      </title>
      <category code="A12" />
    </document-link>
    <related-activity type="1" ref="XM-DAC-41114-PROJECT-00087367" />
    <conditions attached="0" />
  </iati-activity>
  <iati-activity last-updated-datetime="2017-05-01T00:02:02" default-currency="USD" xml:lang="es" hierarchy="1">
    <iati-identifier>XM-DAC-41114-PROJECT-00091538</iati-identifier>
    <reporting-org ref="XM-DAC-41114" type="40">
      <narrative>United Nations Development Programme</narrative>
    </reporting-org>
    <title>
      <narrative>Aruba SIDS Centre of Excellence</narrative>
    </title>
    <description type="1">
      <narrative>Creating a Centre of Excellence for Sustainable Development of Small Island Developing States in Aruba</narrative>
    </description>
    <participating-org role="4" type="10" ref="03018">
      <narrative>MINISTRY OF FINANCE -  ARUBA</narrative>
    </participating-org>
    <participating-org role="2" type="40" ref="XM-DAC-41114">
      <narrative>UNITED NATIONS DEVELOPMENT PROGRAMME</narrative>
    </participating-org>
    <participating-org role="1" type="40" ref="XM-DAC-41114">
      <narrative>UNITED NATIONS DEVELOPMENT PROGRAMME</narrative>
    </participating-org>
    <activity-status code="2" />
    <activity-date type="1" iso-date="2015-11-02" />
    <activity-date type="2" iso-date="2015-11-02" />
    <activity-date type="3" iso-date="2019-12-31" />
    <contact-info type="1">
      <email>
      </email>
      <website>
      </website>
    </contact-info>
    <recipient-country code="AW">
      <narrative>Aruba</narrative>
    </recipient-country>
    <sector vocabulary="1" code="74010" />
    <collaboration-type code="4" />
    <default-flow-type code="10" />
    <default-finance-type code="110" />
    <default-aid-type code="C01" />
    <default-tied-status code="3" />
    <document-link format="text/html" url="http://procurement-notices.undp.org/index.cfm">
      <title>
        <narrative>Request for Procurement</narrative>
      </title>
      <category code="A10" />
      <language code="en" />
    </document-link>
    <document-link format="text/html" url="http://open.undp.org/#project/00091538">
      <title>
        <narrative>Purchase Order Summary</narrative>
      </title>
      <category code="A11" />
      <category code="A12" />
      <language code="en" />
    </document-link>
    <related-activity type="2" ref="XM-DAC-41114-OUTPUT-00096700" />
    <conditions attached="0" />
  </iati-activity>
  <iati-activity last-updated-datetime="2017-05-01T00:02:02" default-currency="USD" xml:lang="es" hierarchy="2">
    <iati-identifier>XM-DAC-41114-OUTPUT-00096700</iati-identifier>
    <reporting-org ref="XM-DAC-41114" type="40">
      <narrative>United Nations Development Programme</narrative>
    </reporting-org>
    <title>
      <narrative>Aruba SIDS Centre of Excellenc</narrative>
    </title>
    <description type="1">
      <narrative>The "Creation of a Centre of Excellence for Sustainable Development for Small Island Developing States (SIDS)" seeks to facilitate strengthening the capacity of SIDS in the area of Sustainable Development</narrative>
    </description>
    <participating-org role="1" type="40" ref="XM-DAC-41114">
      <narrative>UNITED NATIONS DEVELOPMENT PROGRAMME</narrative>
    </participating-org>
    <activity-status code="2" />
    <activity-date type="1" iso-date="2015-11-02" />
    <activity-date type="2" iso-date="2015-11-02" />
    <activity-date type="3" iso-date="2017-11-01" />
    <contact-info type="1">
      <email>
      </email>
      <website>
      </website>
    </contact-info>
    <recipient-country code="AW">
      <narrative>Aruba</narrative>
    </recipient-country>
    <sector vocabulary="1" code="74010" />
    <sector vocabulary="99" code="5">
      <narrative>Climate Change &amp; Disaster Resilience</narrative>
    </sector>
    <country-budget-items vocabulary="1">
      <budget-item code="5.4.11" percentage="100">
        <description>
          <narrative>Social Protection, Land Housing and Community Amenities - disaster prevention and preparedness</narrative>
        </description>
      </budget-item>
    </country-budget-items>
    <policy-marker vocabulary="1" code="1" significance="0" />
    <collaboration-type code="4" />
    <default-flow-type code="10" />
    <default-finance-type code="110" />
    <default-aid-type code="C01" />
    <default-tied-status code="3" />
    <budget type="2" status="2">
      <period-start iso-date="2017-01-01" />
      <period-end iso-date="2017-12-31" />
      <value currency="USD" value-date="2017-04-30">486178</value>
    </budget>
    <budget type="2" status="2">
      <period-start iso-date="2016-01-01" />
      <period-end iso-date="2016-12-31" />
      <value currency="USD" value-date="2016-12-31">377693</value>
    </budget>
    <transaction>
      <transaction-type code="4" />
      <transaction-date iso-date="2017-04-30" />
      <value currency="USD" value-date="2017-04-30">28668</value>
      <provider-org ref="XM-DAC-41114">
        <narrative>United Nations development Programme</narrative>
      </provider-org>
      <disbursement-channel code="2" />
    </transaction>
    <transaction>
      <transaction-type code="11" />
      <transaction-date iso-date="2017-04-30" />
      <value currency="USD" value-date="2017-04-30">486178</value>
      <provider-org type="40" ref="XM-DAC-41114" provider-activity-id="XM-DAC-41114-PROJECT-00091538">
        <narrative>UNITED NATIONS DEVELOPMENT PROGRAMME</narrative>
      </provider-org>
      <receiver-org type="40" ref="XM-DAC-41114" receiver-activity-id="XM-DAC-41114-OUTPUT-00096700">
        <narrative>United Nations development Programme</narrative>
      </receiver-org>
      <disbursement-channel code="2" />
    </transaction>
    <transaction>
      <transaction-type code="11" />
      <transaction-date iso-date="2016-12-31" />
      <value currency="USD" value-date="2016-12-31">377693</value>
      <provider-org type="40" ref="XM-DAC-41114" provider-activity-id="XM-DAC-41114-PROJECT-00091538">
        <narrative>UNITED NATIONS DEVELOPMENT PROGRAMME</narrative>
      </provider-org>
      <receiver-org type="40" ref="XM-DAC-41114" receiver-activity-id="XM-DAC-41114-OUTPUT-00096700">
        <narrative>United Nations development Programme</narrative>
      </receiver-org>
      <disbursement-channel code="2" />
    </transaction>
    <transaction>
      <transaction-type code="4" />
      <transaction-date iso-date="2016-12-31" />
      <value currency="USD" value-date="2016-12-31">239873</value>
      <disbursement-channel code="2" />
    </transaction>
    <document-link format="text/html" url="http://open.undp.org/#project/00091538">
      <title>
        <narrative>Activity web page</narrative>
      </title>
      <category code="A12" />
    </document-link>
    <related-activity type="1" ref="XM-DAC-41114-PROJECT-00091538" />
    <conditions attached="0" />
  </iati-activity>
</iati-activities>