﻿<?xml version="1.0" encoding="UTF-8" standalone="yes"?>
<!--IATI Publications - UNDP Development Projects by Countries-->
<iati-activities xmlns:xsi="http://www.w3.org/2001/XMLSchema-instance" xmlns:xsd="http://www.w3.org/2001/XMLSchema" generated-datetime="2017-05-23T10:57:18" version="2.02">
  <!--Cook Islands-->
  <iati-activity last-updated-datetime="2017-05-01T00:02:02" default-currency="USD" xml:lang="en" hierarchy="1">
    <iati-identifier>XM-DAC-41114-PROJECT-00062173</iati-identifier>
    <reporting-org ref="XM-DAC-41114" type="40">
      <narrative>United Nations Development Programme</narrative>
    </reporting-org>
    <title>
      <narrative>Strengthening the Resilience of our Islands and our Com</narrative>
    </title>
    <description type="1">
      <narrative>Strengthening the Resilience of our Islands and our Communities to Climate Change (SRIC - CC)</narrative>
    </description>
    <participating-org role="4" type="10" ref="02728">
      <narrative>National Execution</narrative>
    </participating-org>
    <participating-org role="2" type="40" ref="XM-DAC-41114">
      <narrative>UNITED NATIONS DEVELOPMENT PROGRAMME</narrative>
    </participating-org>
    <participating-org role="1" type="40" ref="47111">
      <narrative>Adaptation Fund  (AF)</narrative>
    </participating-org>
    <activity-status code="2" />
    <activity-date type="1" iso-date="2012-07-01" />
    <activity-date type="2" iso-date="2012-07-01" />
    <activity-date type="3" iso-date="2017-12-31" />
    <contact-info type="1">
      <email>registry.ws@undp.org</email>
      <website>http://www.ws.undp.org/</website>
    </contact-info>
    <recipient-country code="CK">
      <narrative>Cook Islands</narrative>
    </recipient-country>
    <sector vocabulary="1" code="51010" />
    <collaboration-type code="4" />
    <default-flow-type code="10" />
    <default-finance-type code="110" />
    <default-aid-type code="C01" />
    <default-tied-status code="3" />
    <document-link format="application/pdf" url="https://info.undp.org/docs/pdc/Documents/COK/SRIC%20_project%20document.pdf">
      <title>
        <narrative>SRIC Adaption Fund Cook Islands - Project Document</narrative>
      </title>
      <category code="A01" />
      <category code="A02" />
      <category code="A03" />
      <category code="A04" />
      <category code="A05" />
      <category code="A08" />
      <language code="en" />
    </document-link>
    <document-link format="application/pdf" url="http://www.ws.undp.org/content/dam/samoa/docs/UNDP_WS_UNDAF_Summary_Report_2013-17.pdf">
      <title>
        <narrative>UNDP_WS_UNDAF_Summary_Report_2013-17</narrative>
      </title>
      <category code="A09" />
      <language code="en" />
    </document-link>
    <document-link format="text/html" url="http://procurement-notices.undp.org/index.cfm">
      <title>
        <narrative>Request for Procurement</narrative>
      </title>
      <category code="A10" />
      <language code="en" />
    </document-link>
    <document-link format="text/html" url="http://open.undp.org/#project/00062173">
      <title>
        <narrative>Purchase Order Summary</narrative>
      </title>
      <category code="A11" />
      <category code="A12" />
      <language code="en" />
    </document-link>
    <related-activity type="2" ref="XM-DAC-41114-OUTPUT-00079524" />
    <conditions attached="0" />
  </iati-activity>
  <iati-activity last-updated-datetime="2017-05-01T00:02:02" default-currency="USD" xml:lang="en" hierarchy="2">
    <iati-identifier>XM-DAC-41114-OUTPUT-00079524</iati-identifier>
    <reporting-org ref="XM-DAC-41114" type="40">
      <narrative>United Nations Development Programme</narrative>
    </reporting-org>
    <title>
      <narrative>Enhancing Resilience to CC</narrative>
    </title>
    <description type="1">
      <narrative>Strengthening the Resilience of our Islands and our Communities to Climate Change (SRIC - CC)</narrative>
    </description>
    <participating-org role="1" type="40" ref="47111">
      <narrative>Adaptation Fund  (AF)</narrative>
    </participating-org>
    <activity-status code="2" />
    <activity-date type="1" iso-date="2012-07-01" />
    <activity-date type="2" iso-date="2012-07-01" />
    <activity-date type="3" iso-date="2016-12-31" />
    <contact-info type="1">
      <email>registry.ws@undp.org</email>
      <website>http://www.ws.undp.org/</website>
    </contact-info>
    <activity-scope code="8" />
    <recipient-country code="CK">
      <narrative>Cook Islands</narrative>
    </recipient-country>
    <location ref="CK">
      <location-reach code="2" />
      <location-id vocabulary="G1" code="1899402" />
      <name>
        <narrative>Cook Islands</narrative>
      </name>
      <description>
        <narrative>semi-independent political entity</narrative>
      </description>
      <activity-description>
        <narrative />
      </activity-description>
      <administrative level="0" code="1899402" vocabulary="G1" />
      <point srsName="http://www.opengis.net/def/crs/EPSG/0/4326">
        <pos>-21.248420 -159.785160</pos>
      </point>
      <exactness code="1" />
      <location-class code="1" />
      <feature-designation code="PCLS" />
    </location>
    <sector vocabulary="1" code="51010" />
    <sector vocabulary="99" code="1">
      <narrative>Inclusive &amp; Sustainable Growth</narrative>
    </sector>
    <policy-marker vocabulary="1" code="1" significance="0" />
    <collaboration-type code="4" />
    <default-flow-type code="10" />
    <default-finance-type code="110" />
    <default-aid-type code="C01" />
    <default-tied-status code="3" />
    <budget type="2" status="2">
      <period-start iso-date="2017-01-01" />
      <period-end iso-date="2017-12-31" />
      <value currency="USD" value-date="2017-04-30">400000</value>
    </budget>
    <budget type="2" status="2">
      <period-start iso-date="2016-01-01" />
      <period-end iso-date="2016-12-31" />
      <value currency="USD" value-date="2016-12-31">1661779</value>
    </budget>
    <budget type="2" status="2">
      <period-start iso-date="2015-01-01" />
      <period-end iso-date="2015-12-31" />
      <value currency="USD" value-date="2015-12-31">611103</value>
    </budget>
    <budget type="2" status="2">
      <period-start iso-date="2014-01-01" />
      <period-end iso-date="2014-12-31" />
      <value currency="USD" value-date="2014-12-31">1226102</value>
    </budget>
    <budget type="2" status="2">
      <period-start iso-date="2013-01-01" />
      <period-end iso-date="2013-12-31" />
      <value currency="USD" value-date="2013-12-31">394286</value>
    </budget>
    <budget type="2" status="2">
      <period-start iso-date="2012-01-01" />
      <period-end iso-date="2012-12-31" />
      <value currency="USD" value-date="2012-12-31">52307</value>
    </budget>
    <transaction>
      <transaction-type code="4" />
      <transaction-date iso-date="2017-04-30" />
      <value currency="USD" value-date="2017-04-30">13056</value>
      <provider-org ref="XM-DAC-41114">
        <narrative>United Nations development Programme</narrative>
      </provider-org>
      <disbursement-channel code="2" />
    </transaction>
    <transaction>
      <transaction-type code="3" />
      <transaction-date iso-date="2017-04-30" />
      <value currency="USD" value-date="2017-04-30">88152</value>
      <provider-org ref="XM-DAC-41114">
        <narrative>United Nations development Programme</narrative>
      </provider-org>
      <receiver-org type="40" ref="">
        <narrative>Government of Cook Islands</narrative>
      </receiver-org>
      <disbursement-channel code="2" />
    </transaction>
    <transaction>
      <transaction-type code="11" />
      <transaction-date iso-date="2017-04-30" />
      <value currency="USD" value-date="2017-04-30">400000</value>
      <provider-org type="40" ref="47111">
        <narrative>Adaptation Fund  (AF)</narrative>
      </provider-org>
      <receiver-org type="40" ref="XM-DAC-41114" receiver-activity-id="XM-DAC-41114-OUTPUT-00079524">
        <narrative>United Nations development Programme</narrative>
      </receiver-org>
      <disbursement-channel code="2" />
    </transaction>
    <transaction>
      <transaction-type code="11" />
      <transaction-date iso-date="2016-12-31" />
      <value currency="USD" value-date="2016-12-31">1661779</value>
      <provider-org type="40" ref="47111">
        <narrative>Adaptation Fund  (AF)</narrative>
      </provider-org>
      <receiver-org type="40" ref="XM-DAC-41114" receiver-activity-id="XM-DAC-41114-OUTPUT-00079524">
        <narrative>United Nations development Programme</narrative>
      </receiver-org>
      <disbursement-channel code="2" />
    </transaction>
    <transaction>
      <transaction-type code="11" />
      <transaction-date iso-date="2015-12-31" />
      <value currency="USD" value-date="2015-12-31">611103</value>
      <provider-org type="40" ref="47111">
        <narrative>Adaptation Fund  (AF)</narrative>
      </provider-org>
      <receiver-org type="40" ref="XM-DAC-41114" receiver-activity-id="XM-DAC-41114-OUTPUT-00079524">
        <narrative>United Nations development Programme</narrative>
      </receiver-org>
      <disbursement-channel code="2" />
    </transaction>
    <transaction>
      <transaction-type code="11" />
      <transaction-date iso-date="2014-12-31" />
      <value currency="USD" value-date="2014-12-31">1226102</value>
      <provider-org type="40" ref="47111">
        <narrative>Adaptation Fund  (AF)</narrative>
      </provider-org>
      <receiver-org type="40" ref="XM-DAC-41114" receiver-activity-id="XM-DAC-41114-OUTPUT-00079524">
        <narrative>United Nations development Programme</narrative>
      </receiver-org>
      <disbursement-channel code="2" />
    </transaction>
    <transaction>
      <transaction-type code="11" />
      <transaction-date iso-date="2013-12-31" />
      <value currency="USD" value-date="2013-12-31">394286</value>
      <provider-org type="40" ref="47111">
        <narrative>Adaptation Fund  (AF)</narrative>
      </provider-org>
      <receiver-org type="40" ref="XM-DAC-41114" receiver-activity-id="XM-DAC-41114-OUTPUT-00079524">
        <narrative>United Nations development Programme</narrative>
      </receiver-org>
      <disbursement-channel code="2" />
    </transaction>
    <transaction>
      <transaction-type code="11" />
      <transaction-date iso-date="2012-12-31" />
      <value currency="USD" value-date="2012-12-31">52307</value>
      <provider-org type="40" ref="47111">
        <narrative>Adaptation Fund  (AF)</narrative>
      </provider-org>
      <receiver-org type="40" ref="XM-DAC-41114" receiver-activity-id="XM-DAC-41114-OUTPUT-00079524">
        <narrative>United Nations development Programme</narrative>
      </receiver-org>
      <disbursement-channel code="2" />
    </transaction>
    <transaction>
      <transaction-type code="4" />
      <transaction-date iso-date="2016-12-31" />
      <value currency="USD" value-date="2016-12-31">1644812</value>
      <disbursement-channel code="2" />
    </transaction>
    <transaction>
      <transaction-type code="4" />
      <transaction-date iso-date="2015-12-31" />
      <value currency="USD" value-date="2015-12-31">587586</value>
      <disbursement-channel code="2" />
    </transaction>
    <transaction>
      <transaction-type code="4" />
      <transaction-date iso-date="2014-12-31" />
      <value currency="USD" value-date="2014-12-31">1016792</value>
      <disbursement-channel code="2" />
    </transaction>
    <transaction>
      <transaction-type code="4" />
      <transaction-date iso-date="2013-12-31" />
      <value currency="USD" value-date="2013-12-31">388965</value>
      <disbursement-channel code="2" />
    </transaction>
    <transaction>
      <transaction-type code="4" />
      <transaction-date iso-date="2012-12-31" />
      <value currency="USD" value-date="2012-12-31">47500</value>
      <disbursement-channel code="2" />
    </transaction>
    <document-link format="text/html" url="http://open.undp.org/#project/00062173">
      <title>
        <narrative>Activity web page</narrative>
      </title>
      <category code="A12" />
    </document-link>
    <related-activity type="1" ref="XM-DAC-41114-PROJECT-00062173" />
    <conditions attached="0" />
  </iati-activity>
  <iati-activity last-updated-datetime="2017-05-01T00:02:02" default-currency="USD" xml:lang="en" hierarchy="1">
    <iati-identifier>XM-DAC-41114-PROJECT-00078843</iati-identifier>
    <reporting-org ref="XM-DAC-41114" type="40">
      <narrative>United Nations Development Programme</narrative>
    </reporting-org>
    <title>
      <narrative>National Biodiversity Strategy in Cook Is</narrative>
    </title>
    <description type="1">
      <narrative>National Biodiversity Strategy and Plan in Cook Islands (NBSAP)</narrative>
    </description>
    <participating-org role="4" type="10" ref="02728">
      <narrative>National Execution</narrative>
    </participating-org>
    <participating-org role="2" type="40" ref="XM-DAC-41114">
      <narrative>UNITED NATIONS DEVELOPMENT PROGRAMME</narrative>
    </participating-org>
    <participating-org role="1" type="40" ref="10003">
      <narrative>Global Environment Fund Truste</narrative>
    </participating-org>
    <activity-status code="2" />
    <activity-date type="1" iso-date="2014-06-01" />
    <activity-date type="2" iso-date="2014-06-01" />
    <activity-date type="3" iso-date="2017-12-31" />
    <contact-info type="1">
      <email>registry.ws@undp.org</email>
      <website>http://www.ws.undp.org/</website>
    </contact-info>
    <recipient-country code="CK">
      <narrative>Cook Islands</narrative>
    </recipient-country>
    <sector vocabulary="1" code="41010" />
    <collaboration-type code="4" />
    <default-flow-type code="10" />
    <default-finance-type code="110" />
    <default-aid-type code="C01" />
    <default-tied-status code="3" />
    <document-link format="application/pdf" url="https://info.undp.org/docs/pdc/Documents/COK/signed%20cover%20page_NBSAP%20Cook%20Islands.pdf">
      <title>
        <narrative>signed cover page_NBSAP Cook Islands</narrative>
      </title>
      <category code="A01" />
      <category code="A02" />
      <category code="A03" />
      <category code="A04" />
      <category code="A05" />
      <category code="A08" />
      <language code="en" />
    </document-link>
    <document-link format="application/pdf" url="http://www.ws.undp.org/content/dam/samoa/docs/UNDP_WS_UNDAF_Summary_Report_2013-17.pdf">
      <title>
        <narrative>UNDP_WS_UNDAF_Summary_Report_2013-17</narrative>
      </title>
      <category code="A09" />
      <language code="en" />
    </document-link>
    <document-link format="text/html" url="http://procurement-notices.undp.org/index.cfm">
      <title>
        <narrative>Request for Procurement</narrative>
      </title>
      <category code="A10" />
      <language code="en" />
    </document-link>
    <document-link format="text/html" url="http://open.undp.org/#project/00078843">
      <title>
        <narrative>Purchase Order Summary</narrative>
      </title>
      <category code="A11" />
      <category code="A12" />
      <language code="en" />
    </document-link>
    <related-activity type="2" ref="XM-DAC-41114-OUTPUT-00088928" />
    <conditions attached="0" />
  </iati-activity>
  <iati-activity last-updated-datetime="2017-05-01T00:02:02" default-currency="USD" xml:lang="en" hierarchy="2">
    <iati-identifier>XM-DAC-41114-OUTPUT-00088928</iati-identifier>
    <reporting-org ref="XM-DAC-41114" type="40">
      <narrative>United Nations Development Programme</narrative>
    </reporting-org>
    <title>
      <narrative>National Biodiversity Strategy</narrative>
    </title>
    <description type="1">
      <narrative>This project is part of the second generation of Biodiversity Enabling Activities (BD EA) under the GEF. Cook Islands has been Party to the Convention on Biological Diversity (CBD) since 20 April 1993.</narrative>
    </description>
    <participating-org role="1" type="40" ref="10003">
      <narrative>Global Environment Fund Truste</narrative>
    </participating-org>
    <activity-status code="2" />
    <activity-date type="1" iso-date="2014-06-01" />
    <activity-date type="2" iso-date="2014-06-01" />
    <activity-date type="3" iso-date="2016-12-31" />
    <contact-info type="1">
      <email>registry.ws@undp.org</email>
      <website>http://www.ws.undp.org/</website>
    </contact-info>
    <recipient-country code="CK">
      <narrative>Cook Islands</narrative>
    </recipient-country>
    <sector vocabulary="1" code="41010" />
    <sector vocabulary="99" code="2">
      <narrative>Democratic Governance</narrative>
    </sector>
    <country-budget-items vocabulary="1">
      <budget-item code="4.2.1" percentage="100">
        <description>
          <narrative>Environment - policy, planning and administration</narrative>
        </description>
      </budget-item>
    </country-budget-items>
    <policy-marker vocabulary="1" code="1" significance="0" />
    <collaboration-type code="4" />
    <default-flow-type code="10" />
    <default-finance-type code="110" />
    <default-aid-type code="C01" />
    <default-tied-status code="3" />
    <budget type="2" status="2">
      <period-start iso-date="2017-01-01" />
      <period-end iso-date="2017-12-31" />
      <value currency="USD" value-date="2017-04-30">80564</value>
    </budget>
    <budget type="2" status="2">
      <period-start iso-date="2016-01-01" />
      <period-end iso-date="2016-12-31" />
      <value currency="USD" value-date="2016-12-31">134943</value>
    </budget>
    <budget type="2" status="2">
      <period-start iso-date="2015-01-01" />
      <period-end iso-date="2015-12-31" />
      <value currency="USD" value-date="2015-12-31">4493</value>
    </budget>
    <transaction>
      <transaction-type code="4" />
      <transaction-date iso-date="2017-04-30" />
      <value currency="USD" value-date="2017-04-30">91</value>
      <provider-org ref="XM-DAC-41114">
        <narrative>United Nations development Programme</narrative>
      </provider-org>
      <disbursement-channel code="2" />
    </transaction>
    <transaction>
      <transaction-type code="3" />
      <transaction-date iso-date="2017-04-30" />
      <value currency="USD" value-date="2017-04-30">43617</value>
      <provider-org ref="XM-DAC-41114">
        <narrative>United Nations development Programme</narrative>
      </provider-org>
      <receiver-org type="40" ref="">
        <narrative>Government of Cook Islands</narrative>
      </receiver-org>
      <disbursement-channel code="2" />
    </transaction>
    <transaction>
      <transaction-type code="11" />
      <transaction-date iso-date="2017-04-30" />
      <value currency="USD" value-date="2017-04-30">80564</value>
      <provider-org type="40" ref="10003">
        <narrative>Global Environment Fund Truste</narrative>
      </provider-org>
      <receiver-org type="40" ref="XM-DAC-41114" receiver-activity-id="XM-DAC-41114-OUTPUT-00088928">
        <narrative>United Nations development Programme</narrative>
      </receiver-org>
      <disbursement-channel code="2" />
    </transaction>
    <transaction>
      <transaction-type code="11" />
      <transaction-date iso-date="2016-12-31" />
      <value currency="USD" value-date="2016-12-31">134943</value>
      <provider-org type="40" ref="10003">
        <narrative>Global Environment Fund Truste</narrative>
      </provider-org>
      <receiver-org type="40" ref="XM-DAC-41114" receiver-activity-id="XM-DAC-41114-OUTPUT-00088928">
        <narrative>United Nations development Programme</narrative>
      </receiver-org>
      <disbursement-channel code="2" />
    </transaction>
    <transaction>
      <transaction-type code="11" />
      <transaction-date iso-date="2015-12-31" />
      <value currency="USD" value-date="2015-12-31">4493</value>
      <provider-org type="40" ref="10003">
        <narrative>Global Environment Fund Truste</narrative>
      </provider-org>
      <receiver-org type="40" ref="XM-DAC-41114" receiver-activity-id="XM-DAC-41114-OUTPUT-00088928">
        <narrative>United Nations development Programme</narrative>
      </receiver-org>
      <disbursement-channel code="2" />
    </transaction>
    <transaction>
      <transaction-type code="4" />
      <transaction-date iso-date="2016-12-31" />
      <value currency="USD" value-date="2016-12-31">91235</value>
      <disbursement-channel code="2" />
    </transaction>
    <transaction>
      <transaction-type code="4" />
      <transaction-date iso-date="2015-12-31" />
      <value currency="USD" value-date="2015-12-31">4493</value>
      <disbursement-channel code="2" />
    </transaction>
    <document-link format="text/html" url="http://open.undp.org/#project/00078843">
      <title>
        <narrative>Activity web page</narrative>
      </title>
      <category code="A12" />
    </document-link>
    <related-activity type="1" ref="XM-DAC-41114-PROJECT-00078843" />
    <conditions attached="0" />
  </iati-activity>
  <iati-activity last-updated-datetime="2017-05-01T00:02:02" default-currency="USD" xml:lang="en" hierarchy="1">
    <iati-identifier>XM-DAC-41114-PROJECT-00079046</iati-identifier>
    <reporting-org ref="XM-DAC-41114" type="40">
      <narrative>United Nations Development Programme</narrative>
    </reporting-org>
    <title>
      <narrative>ABS Nagoya Protocol in Cook Is (MSP)</narrative>
    </title>
    <description type="1">
      <narrative>Strengthening the implementation of the Nagoya Protocol on access to genetic resources and benefit sharing in the Cook Islands (Full Project)</narrative>
    </description>
    <participating-org role="4" type="10" ref="02728">
      <narrative>National Execution</narrative>
    </participating-org>
    <participating-org role="2" type="40" ref="XM-DAC-41114">
      <narrative>UNITED NATIONS DEVELOPMENT PROGRAMME</narrative>
    </participating-org>
    <participating-org role="1" type="40" ref="10003">
      <narrative>Global Environment Fund Truste</narrative>
    </participating-org>
    <activity-status code="2" />
    <activity-date type="1" iso-date="2015-07-06" />
    <activity-date type="2" iso-date="2015-07-06" />
    <activity-date type="3" iso-date="2018-06-05" />
    <contact-info type="1">
      <email>registry.ws@undp.org</email>
      <website>http://www.ws.undp.org/</website>
    </contact-info>
    <recipient-country code="CK">
      <narrative>Cook Islands</narrative>
    </recipient-country>
    <sector vocabulary="1" code="41010" />
    <collaboration-type code="4" />
    <default-flow-type code="10" />
    <default-finance-type code="110" />
    <default-aid-type code="C01" />
    <default-tied-status code="3" />
    <document-link format="application/msword" url="https://info.undp.org/docs/pdc/Documents/COK/For%20STA_PIMS%205317%20Cook%20Islands%20ABS%20ProDoc_11Dec2014_v2_Final.docx">
      <title>
        <narrative>United Nations Development Programme</narrative>
      </title>
      <category code="A01" />
      <category code="A02" />
      <category code="A03" />
      <category code="A04" />
      <category code="A05" />
      <category code="A08" />
      <language code="en" />
    </document-link>
    <document-link format="application/pdf" url="http://www.ws.undp.org/content/dam/samoa/docs/UNDP_WS_UNDAF_Summary_Report_2013-17.pdf">
      <title>
        <narrative>UNDP_WS_UNDAF_Summary_Report_2013-17</narrative>
      </title>
      <category code="A09" />
      <language code="en" />
    </document-link>
    <document-link format="text/html" url="http://procurement-notices.undp.org/index.cfm">
      <title>
        <narrative>Request for Procurement</narrative>
      </title>
      <category code="A10" />
      <language code="en" />
    </document-link>
    <document-link format="text/html" url="http://open.undp.org/#project/00079046">
      <title>
        <narrative>Purchase Order Summary</narrative>
      </title>
      <category code="A11" />
      <category code="A12" />
      <language code="en" />
    </document-link>
    <related-activity type="2" ref="XM-DAC-41114-OUTPUT-00089162" />
    <conditions attached="0" />
  </iati-activity>
  <iati-activity last-updated-datetime="2017-05-01T00:02:02" default-currency="USD" xml:lang="en" hierarchy="2">
    <iati-identifier>XM-DAC-41114-OUTPUT-00089162</iati-identifier>
    <reporting-org ref="XM-DAC-41114" type="40">
      <narrative>United Nations Development Programme</narrative>
    </reporting-org>
    <title>
      <narrative>ABS Nagoya Protocol in Cook Is</narrative>
    </title>
    <description type="1">
      <narrative>Strengthening the implementation of the Nagoya Protocol on access to genetic resources and benefit sharing in the Cook Islands (Medium SizeProject)</narrative>
    </description>
    <participating-org role="1" type="40" ref="10003">
      <narrative>Global Environment Fund Truste</narrative>
    </participating-org>
    <activity-status code="2" />
    <activity-date type="1" iso-date="2015-07-06" />
    <activity-date type="2" iso-date="2015-07-06" />
    <activity-date type="3" iso-date="2018-06-05" />
    <contact-info type="1">
      <email>registry.ws@undp.org</email>
      <website>http://www.ws.undp.org/</website>
    </contact-info>
    <recipient-country code="CK">
      <narrative>Cook Islands</narrative>
    </recipient-country>
    <sector vocabulary="1" code="41010" />
    <sector vocabulary="99" code="2">
      <narrative>Democratic Governance</narrative>
    </sector>
    <country-budget-items vocabulary="1">
      <budget-item code="4.2.1" percentage="100">
        <description>
          <narrative>Environment - policy, planning and administration</narrative>
        </description>
      </budget-item>
    </country-budget-items>
    <policy-marker vocabulary="1" code="1" significance="0" />
    <collaboration-type code="4" />
    <default-flow-type code="10" />
    <default-finance-type code="110" />
    <default-aid-type code="C01" />
    <default-tied-status code="3" />
    <budget type="2" status="2">
      <period-start iso-date="2017-01-01" />
      <period-end iso-date="2017-12-31" />
      <value currency="USD" value-date="2017-04-30">374326</value>
    </budget>
    <budget type="2" status="2">
      <period-start iso-date="2018-01-01" />
      <period-end iso-date="2018-12-31" />
      <value currency="USD" value-date="2017-04-30">25054</value>
    </budget>
    <budget type="2" status="2">
      <period-start iso-date="2016-01-01" />
      <period-end iso-date="2016-12-31" />
      <value currency="USD" value-date="2016-12-31">264549</value>
    </budget>
    <budget type="2" status="2">
      <period-start iso-date="2015-01-01" />
      <period-end iso-date="2015-12-31" />
      <value currency="USD" value-date="2015-12-31">28918</value>
    </budget>
    <transaction>
      <transaction-type code="4" />
      <transaction-date iso-date="2017-04-30" />
      <value currency="USD" value-date="2017-04-30">9320</value>
      <provider-org ref="XM-DAC-41114">
        <narrative>United Nations development Programme</narrative>
      </provider-org>
      <disbursement-channel code="2" />
    </transaction>
    <transaction>
      <transaction-type code="3" />
      <transaction-date iso-date="2017-04-30" />
      <value currency="USD" value-date="2017-04-30">26122</value>
      <provider-org ref="XM-DAC-41114">
        <narrative>United Nations development Programme</narrative>
      </provider-org>
      <receiver-org type="40" ref="">
        <narrative>Government of Cook Islands</narrative>
      </receiver-org>
      <disbursement-channel code="2" />
    </transaction>
    <transaction>
      <transaction-type code="11" />
      <transaction-date iso-date="2018-12-31" />
      <value currency="USD" value-date="2018-12-31">25054</value>
      <provider-org type="40" ref="10003">
        <narrative>Global Environment Fund Truste</narrative>
      </provider-org>
      <receiver-org type="40" ref="XM-DAC-41114" receiver-activity-id="XM-DAC-41114-OUTPUT-00089162">
        <narrative>United Nations development Programme</narrative>
      </receiver-org>
      <disbursement-channel code="2" />
    </transaction>
    <transaction>
      <transaction-type code="11" />
      <transaction-date iso-date="2017-04-30" />
      <value currency="USD" value-date="2017-04-30">374326</value>
      <provider-org type="40" ref="10003">
        <narrative>Global Environment Fund Truste</narrative>
      </provider-org>
      <receiver-org type="40" ref="XM-DAC-41114" receiver-activity-id="XM-DAC-41114-OUTPUT-00089162">
        <narrative>United Nations development Programme</narrative>
      </receiver-org>
      <disbursement-channel code="2" />
    </transaction>
    <transaction>
      <transaction-type code="11" />
      <transaction-date iso-date="2016-12-31" />
      <value currency="USD" value-date="2016-12-31">264549</value>
      <provider-org type="40" ref="10003">
        <narrative>Global Environment Fund Truste</narrative>
      </provider-org>
      <receiver-org type="40" ref="XM-DAC-41114" receiver-activity-id="XM-DAC-41114-OUTPUT-00089162">
        <narrative>United Nations development Programme</narrative>
      </receiver-org>
      <disbursement-channel code="2" />
    </transaction>
    <transaction>
      <transaction-type code="11" />
      <transaction-date iso-date="2015-12-31" />
      <value currency="USD" value-date="2015-12-31">28918</value>
      <provider-org type="40" ref="10003">
        <narrative>Global Environment Fund Truste</narrative>
      </provider-org>
      <receiver-org type="40" ref="XM-DAC-41114" receiver-activity-id="XM-DAC-41114-OUTPUT-00089162">
        <narrative>United Nations development Programme</narrative>
      </receiver-org>
      <disbursement-channel code="2" />
    </transaction>
    <transaction>
      <transaction-type code="4" />
      <transaction-date iso-date="2016-12-31" />
      <value currency="USD" value-date="2016-12-31">192746</value>
      <disbursement-channel code="2" />
    </transaction>
    <transaction>
      <transaction-type code="4" />
      <transaction-date iso-date="2015-12-31" />
      <value currency="USD" value-date="2015-12-31">15917</value>
      <disbursement-channel code="2" />
    </transaction>
    <document-link format="text/html" url="http://open.undp.org/#project/00079046">
      <title>
        <narrative>Activity web page</narrative>
      </title>
      <category code="A12" />
    </document-link>
    <related-activity type="1" ref="XM-DAC-41114-PROJECT-00079046" />
    <conditions attached="0" />
  </iati-activity>
  <iati-activity last-updated-datetime="2017-05-01T00:02:02" default-currency="USD" xml:lang="en" hierarchy="1">
    <iati-identifier>XM-DAC-41114-PROJECT-00084399</iati-identifier>
    <reporting-org ref="XM-DAC-41114" type="40">
      <narrative>United Nations Development Programme</narrative>
    </reporting-org>
    <title>
      <narrative>Ridge to Reef Approach in Cook Islands_Full Size</narrative>
    </title>
    <description type="1">
      <narrative>Ridge to Reef (R2R) in Cook Islands (Full size project)</narrative>
    </description>
    <participating-org role="4" type="10" ref="02728">
      <narrative>National Execution</narrative>
    </participating-org>
    <participating-org role="2" type="40" ref="XM-DAC-41114">
      <narrative>UNITED NATIONS DEVELOPMENT PROGRAMME</narrative>
    </participating-org>
    <participating-org role="1" type="40" ref="10003">
      <narrative>Global Environment Fund Truste</narrative>
    </participating-org>
    <activity-status code="2" />
    <activity-date type="1" iso-date="2015-04-01" />
    <activity-date type="2" iso-date="2015-04-01" />
    <activity-date type="3" iso-date="2019-05-01" />
    <contact-info type="1">
      <email>registry.ws@undp.org</email>
      <website>http://www.ws.undp.org/</website>
    </contact-info>
    <recipient-country code="CK">
      <narrative>Cook Islands</narrative>
    </recipient-country>
    <sector vocabulary="1" code="41010" />
    <collaboration-type code="4" />
    <default-flow-type code="10" />
    <default-finance-type code="110" />
    <default-aid-type code="C01" />
    <default-tied-status code="3" />
    <document-link format="application/msword" url="https://info.undp.org/docs/pdc/Documents/COK/For_Submission_5168_Cook%20Islands_Prodoc_FINAL.doc">
      <title>
        <narrative>For_Submission_5168_Cook Islands_Prodoc_FINAL</narrative>
      </title>
      <category code="A01" />
      <category code="A02" />
      <category code="A03" />
      <category code="A04" />
      <category code="A05" />
      <category code="A08" />
      <language code="en" />
    </document-link>
    <document-link format="application/pdf" url="http://www.ws.undp.org/content/dam/samoa/docs/UNDP_WS_UNDAF_Summary_Report_2013-17.pdf">
      <title>
        <narrative>UNDP_WS_UNDAF_Summary_Report_2013-17</narrative>
      </title>
      <category code="A09" />
      <language code="en" />
    </document-link>
    <document-link format="text/html" url="http://procurement-notices.undp.org/index.cfm">
      <title>
        <narrative>Request for Procurement</narrative>
      </title>
      <category code="A10" />
      <language code="en" />
    </document-link>
    <document-link format="text/html" url="http://open.undp.org/#project/00084399">
      <title>
        <narrative>Purchase Order Summary</narrative>
      </title>
      <category code="A11" />
      <category code="A12" />
      <language code="en" />
    </document-link>
    <related-activity type="2" ref="XM-DAC-41114-OUTPUT-00092426" />
    <conditions attached="0" />
  </iati-activity>
  <iati-activity last-updated-datetime="2017-05-01T00:02:02" default-currency="USD" xml:lang="en" hierarchy="2">
    <iati-identifier>XM-DAC-41114-OUTPUT-00092426</iati-identifier>
    <reporting-org ref="XM-DAC-41114" type="40">
      <narrative>United Nations Development Programme</narrative>
    </reporting-org>
    <title>
      <narrative>Ridge to Reef Approach in Cook</narrative>
    </title>
    <description type="1">
      <narrative>Ridge to Reef in Cook Islands</narrative>
    </description>
    <participating-org role="1" type="40" ref="10003">
      <narrative>Global Environment Fund Truste</narrative>
    </participating-org>
    <activity-status code="2" />
    <activity-date type="1" iso-date="2015-04-01" />
    <activity-date type="2" iso-date="2015-04-01" />
    <activity-date type="3" iso-date="2019-05-01" />
    <contact-info type="1">
      <email>registry.ws@undp.org</email>
      <website>http://www.ws.undp.org/</website>
    </contact-info>
    <recipient-country code="CK">
      <narrative>Cook Islands</narrative>
    </recipient-country>
    <sector vocabulary="1" code="41010" />
    <sector vocabulary="99" code="2">
      <narrative>Democratic Governance</narrative>
    </sector>
    <country-budget-items vocabulary="1">
      <budget-item code="4.2.1" percentage="100">
        <description>
          <narrative>Environment - policy, planning and administration</narrative>
        </description>
      </budget-item>
    </country-budget-items>
    <policy-marker vocabulary="1" code="1" significance="1" />
    <collaboration-type code="4" />
    <default-flow-type code="10" />
    <default-finance-type code="110" />
    <default-aid-type code="C01" />
    <default-tied-status code="3" />
    <budget type="2" status="2">
      <period-start iso-date="2017-01-01" />
      <period-end iso-date="2017-12-31" />
      <value currency="USD" value-date="2017-04-30">1008543</value>
    </budget>
    <budget type="2" status="2">
      <period-start iso-date="2018-01-01" />
      <period-end iso-date="2018-12-31" />
      <value currency="USD" value-date="2017-04-30">613710</value>
    </budget>
    <budget type="2" status="2">
      <period-start iso-date="2016-01-01" />
      <period-end iso-date="2016-12-31" />
      <value currency="USD" value-date="2016-12-31">1131672</value>
    </budget>
    <budget type="2" status="2">
      <period-start iso-date="2015-01-01" />
      <period-end iso-date="2015-12-31" />
      <value currency="USD" value-date="2015-12-31">90666</value>
    </budget>
    <transaction>
      <transaction-type code="4" />
      <transaction-date iso-date="2017-04-30" />
      <value currency="USD" value-date="2017-04-30">7674</value>
      <provider-org ref="XM-DAC-41114">
        <narrative>United Nations development Programme</narrative>
      </provider-org>
      <disbursement-channel code="2" />
    </transaction>
    <transaction>
      <transaction-type code="11" />
      <transaction-date iso-date="2018-12-31" />
      <value currency="USD" value-date="2018-12-31">613710</value>
      <provider-org type="40" ref="10003">
        <narrative>Global Environment Fund Truste</narrative>
      </provider-org>
      <receiver-org type="40" ref="XM-DAC-41114" receiver-activity-id="XM-DAC-41114-OUTPUT-00092426">
        <narrative>United Nations development Programme</narrative>
      </receiver-org>
      <disbursement-channel code="2" />
    </transaction>
    <transaction>
      <transaction-type code="11" />
      <transaction-date iso-date="2017-04-30" />
      <value currency="USD" value-date="2017-04-30">1008543</value>
      <provider-org type="40" ref="10003">
        <narrative>Global Environment Fund Truste</narrative>
      </provider-org>
      <receiver-org type="40" ref="XM-DAC-41114" receiver-activity-id="XM-DAC-41114-OUTPUT-00092426">
        <narrative>United Nations development Programme</narrative>
      </receiver-org>
      <disbursement-channel code="2" />
    </transaction>
    <transaction>
      <transaction-type code="11" />
      <transaction-date iso-date="2016-12-31" />
      <value currency="USD" value-date="2016-12-31">1131672</value>
      <provider-org type="40" ref="10003">
        <narrative>Global Environment Fund Truste</narrative>
      </provider-org>
      <receiver-org type="40" ref="XM-DAC-41114" receiver-activity-id="XM-DAC-41114-OUTPUT-00092426">
        <narrative>United Nations development Programme</narrative>
      </receiver-org>
      <disbursement-channel code="2" />
    </transaction>
    <transaction>
      <transaction-type code="11" />
      <transaction-date iso-date="2015-12-31" />
      <value currency="USD" value-date="2015-12-31">90666</value>
      <provider-org type="40" ref="10003">
        <narrative>Global Environment Fund Truste</narrative>
      </provider-org>
      <receiver-org type="40" ref="XM-DAC-41114" receiver-activity-id="XM-DAC-41114-OUTPUT-00092426">
        <narrative>United Nations development Programme</narrative>
      </receiver-org>
      <disbursement-channel code="2" />
    </transaction>
    <transaction>
      <transaction-type code="4" />
      <transaction-date iso-date="2016-12-31" />
      <value currency="USD" value-date="2016-12-31">322679</value>
      <disbursement-channel code="2" />
    </transaction>
    <transaction>
      <transaction-type code="4" />
      <transaction-date iso-date="2015-12-31" />
      <value currency="USD" value-date="2015-12-31">39176</value>
      <disbursement-channel code="2" />
    </transaction>
    <document-link format="text/html" url="http://open.undp.org/#project/00084399">
      <title>
        <narrative>Activity web page</narrative>
      </title>
      <category code="A12" />
    </document-link>
    <related-activity type="1" ref="XM-DAC-41114-PROJECT-00084399" />
    <conditions attached="0" />
  </iati-activity>
  <iati-activity last-updated-datetime="2017-05-01T00:02:02" default-currency="USD" xml:lang="en" hierarchy="1">
    <iati-identifier>XM-DAC-41114-PROJECT-00098352</iati-identifier>
    <reporting-org ref="XM-DAC-41114" type="40">
      <narrative>United Nations Development Programme</narrative>
    </reporting-org>
    <title>
      <narrative>UN Joint Presence &amp; Coordination in Cook Islands</narrative>
    </title>
    <description type="1">
      <narrative>After a study conducted in 2015 about Joint Presence Offices (JPOs) in the Pacific. The UN system agreed to establish JPOs in the Cook Island &amp;amp; Niue to be led by UN Coordination  Officers for 3 years (2016-2018).</narrative>
    </description>
    <participating-org role="4" type="40" ref="XM-DAC-41114">
      <narrative>United Nations Development Programme</narrative>
    </participating-org>
    <participating-org role="2" type="40" ref="XM-DAC-41114">
      <narrative>UNITED NATIONS DEVELOPMENT PROGRAMME</narrative>
    </participating-org>
    <participating-org role="1" type="40" ref="XM-DAC-41114">
      <narrative>UNITED NATIONS DEVELOPMENT PROGRAMME</narrative>
    </participating-org>
    <activity-status code="2" />
    <activity-date type="1" iso-date="2016-09-20" />
    <activity-date type="2" iso-date="2016-09-20" />
    <activity-date type="3" iso-date="2018-12-31" />
    <contact-info type="1">
      <email>registry.ws@undp.org</email>
      <website>http://www.ws.undp.org/</website>
    </contact-info>
    <recipient-country code="CK">
      <narrative>Cook Islands</narrative>
    </recipient-country>
    <sector vocabulary="1" code="15110" />
    <collaboration-type code="4" />
    <default-flow-type code="10" />
    <default-finance-type code="110" />
    <default-aid-type code="C01" />
    <default-tied-status code="3" />
    <document-link format="application/pdf" url="http://www.ws.undp.org/content/dam/samoa/docs/UNDP_WS_UNDAF_Summary_Report_2013-17.pdf">
      <title>
        <narrative>UNDP_WS_UNDAF_Summary_Report_2013-17</narrative>
      </title>
      <category code="A09" />
      <language code="en" />
    </document-link>
    <document-link format="text/html" url="http://procurement-notices.undp.org/index.cfm">
      <title>
        <narrative>Request for Procurement</narrative>
      </title>
      <category code="A10" />
      <language code="en" />
    </document-link>
    <document-link format="text/html" url="http://open.undp.org/#project/00098352">
      <title>
        <narrative>Purchase Order Summary</narrative>
      </title>
      <category code="A11" />
      <category code="A12" />
      <language code="en" />
    </document-link>
    <related-activity type="2" ref="XM-DAC-41114-OUTPUT-00101716" />
    <conditions attached="0" />
  </iati-activity>
  <iati-activity last-updated-datetime="2017-05-01T00:02:02" default-currency="USD" xml:lang="en" hierarchy="2">
    <iati-identifier>XM-DAC-41114-OUTPUT-00101716</iati-identifier>
    <reporting-org ref="XM-DAC-41114" type="40">
      <narrative>United Nations Development Programme</narrative>
    </reporting-org>
    <title>
      <narrative>UN JPO Cook Islands</narrative>
    </title>
    <description type="1">
      <narrative>UN Joint Presence Offices in the Cook Islands</narrative>
    </description>
    <participating-org role="1" type="40" ref="XM-DAC-41114">
      <narrative>UNITED NATIONS DEVELOPMENT PROGRAMME</narrative>
    </participating-org>
    <activity-status code="2" />
    <activity-date type="1" iso-date="2016-09-20" />
    <activity-date type="2" iso-date="2016-09-20" />
    <activity-date type="3" iso-date="2018-12-31" />
    <contact-info type="1">
      <email>registry.ws@undp.org</email>
      <website>http://www.ws.undp.org/</website>
    </contact-info>
    <recipient-country code="CK">
      <narrative>Cook Islands</narrative>
    </recipient-country>
    <sector vocabulary="1" code="15110" />
    <sector vocabulary="99" code="1">
      <narrative>Inclusive &amp; Sustainable Growth</narrative>
    </sector>
    <country-budget-items vocabulary="1">
      <budget-item code="3.1.1" percentage="100">
        <description>
          <narrative>policy, planning and administration</narrative>
        </description>
      </budget-item>
    </country-budget-items>
    <policy-marker vocabulary="1" code="1" significance="0" />
    <collaboration-type code="4" />
    <default-flow-type code="10" />
    <default-finance-type code="110" />
    <default-aid-type code="C01" />
    <default-tied-status code="3" />
    <budget type="2" status="2">
      <period-start iso-date="2017-01-01" />
      <period-end iso-date="2017-12-31" />
      <value currency="USD" value-date="2017-04-30">45000</value>
    </budget>
    <budget type="2" status="2">
      <period-start iso-date="2016-01-01" />
      <period-end iso-date="2016-12-31" />
      <value currency="USD" value-date="2016-12-31">45000</value>
    </budget>
    <transaction>
      <transaction-type code="4" />
      <transaction-date iso-date="2017-04-30" />
      <value currency="USD" value-date="2017-04-30">22176</value>
      <provider-org ref="XM-DAC-41114">
        <narrative>United Nations development Programme</narrative>
      </provider-org>
      <disbursement-channel code="2" />
    </transaction>
    <transaction>
      <transaction-type code="11" />
      <transaction-date iso-date="2017-04-30" />
      <value currency="USD" value-date="2017-04-30">45000</value>
      <provider-org type="40" ref="XM-DAC-41114" provider-activity-id="XM-DAC-41114-PROJECT-00098352">
        <narrative>UNITED NATIONS DEVELOPMENT PROGRAMME</narrative>
      </provider-org>
      <receiver-org type="40" ref="XM-DAC-41114" receiver-activity-id="XM-DAC-41114-OUTPUT-00101716">
        <narrative>United Nations development Programme</narrative>
      </receiver-org>
      <disbursement-channel code="2" />
    </transaction>
    <transaction>
      <transaction-type code="11" />
      <transaction-date iso-date="2016-12-31" />
      <value currency="USD" value-date="2016-12-31">45000</value>
      <provider-org type="40" ref="XM-DAC-41114" provider-activity-id="XM-DAC-41114-PROJECT-00098352">
        <narrative>UNITED NATIONS DEVELOPMENT PROGRAMME</narrative>
      </provider-org>
      <receiver-org type="40" ref="XM-DAC-41114" receiver-activity-id="XM-DAC-41114-OUTPUT-00101716">
        <narrative>United Nations development Programme</narrative>
      </receiver-org>
      <disbursement-channel code="2" />
    </transaction>
    <transaction>
      <transaction-type code="4" />
      <transaction-date iso-date="2016-12-31" />
      <value currency="USD" value-date="2016-12-31">40073</value>
      <disbursement-channel code="2" />
    </transaction>
    <document-link format="text/html" url="http://open.undp.org/#project/00098352">
      <title>
        <narrative>Activity web page</narrative>
      </title>
      <category code="A12" />
    </document-link>
    <related-activity type="1" ref="XM-DAC-41114-PROJECT-00098352" />
    <conditions attached="0" />
  </iati-activity>
</iati-activities>