﻿<?xml version="1.0" encoding="UTF-8" standalone="yes"?>
<!--IATI Publications - UNDP Development Projects by Countries-->
<iati-activities xmlns:xsi="http://www.w3.org/2001/XMLSchema-instance" xmlns:xsd="http://www.w3.org/2001/XMLSchema" generated-datetime="2017-05-23T10:57:36" version="2.02">
  <!--Curacao-->
  <iati-activity last-updated-datetime="2017-05-01T00:02:02" default-currency="USD" xml:lang="es" hierarchy="1">
    <iati-identifier>XM-DAC-41114-PROJECT-00063081</iati-identifier>
    <reporting-org ref="XM-DAC-41114" type="40">
      <narrative>United Nations Development Programme</narrative>
    </reporting-org>
    <title>
      <narrative>Capacity Development for Nation Building of Curacao</narrative>
    </title>
    <description type="1">
      <narrative>Capacity Development for Nation Building of Curacao project will assist the Government of Curacao in formulating a National Development Plan, develop national socio-economic database and assist the country in meeting Millennium Development Goals</narrative>
    </description>
    <participating-org role="4" type="10" ref="03008">
      <narrative>ISLAND GOVERNMENT OF CURACAO</narrative>
    </participating-org>
    <participating-org role="2" type="40" ref="XM-DAC-41114">
      <narrative>UNITED NATIONS DEVELOPMENT PROGRAMME</narrative>
    </participating-org>
    <participating-org role="1" type="10" ref="11704">
      <narrative>Government of Curacao</narrative>
    </participating-org>
    <activity-status code="2" />
    <activity-date type="1" iso-date="2011-12-01" />
    <activity-date type="2" iso-date="2011-12-01" />
    <activity-date type="3" iso-date="2017-12-31" />
    <contact-info type="1">
      <email>
      </email>
      <website>
      </website>
    </contact-info>
    <recipient-country code="CW">
      <narrative>Curacao</narrative>
    </recipient-country>
    <sector vocabulary="1" code="15150" />
    <collaboration-type code="4" />
    <default-flow-type code="10" />
    <default-finance-type code="110" />
    <default-aid-type code="C01" />
    <default-tied-status code="3" />
    <document-link format="text/html" url="http://procurement-notices.undp.org/view_notice.cfm?notice_id=21763">
      <title>
        <narrative>Capacity Development for Nation Building of Curacao</narrative>
      </title>
      <category code="A10" />
      <language code="en" />
    </document-link>
    <document-link format="text/html" url="http://procurement-notices.undp.org/view_notice.cfm?notice_id=33025">
      <title>
        <narrative>Capacity Development for Nation Building of Curacao</narrative>
      </title>
      <category code="A10" />
      <language code="en" />
    </document-link>
    <document-link format="text/html" url="http://procurement-notices.undp.org/view_notice.cfm?notice_id=34455">
      <title>
        <narrative>Capacity Development for Nation Building of Curacao</narrative>
      </title>
      <category code="A10" />
      <language code="en" />
    </document-link>
    <document-link format="text/html" url="http://open.undp.org/#project/00063081">
      <title>
        <narrative>Purchase Order Summary</narrative>
      </title>
      <category code="A11" />
      <category code="A12" />
      <language code="en" />
    </document-link>
    <related-activity type="2" ref="XM-DAC-41114-OUTPUT-00080405" />
    <conditions attached="0" />
  </iati-activity>
  <iati-activity last-updated-datetime="2017-05-01T00:02:02" default-currency="USD" xml:lang="es" hierarchy="2">
    <iati-identifier>XM-DAC-41114-OUTPUT-00080405</iati-identifier>
    <reporting-org ref="XM-DAC-41114" type="40">
      <narrative>United Nations Development Programme</narrative>
    </reporting-org>
    <title>
      <narrative>Curacao Nation Building</narrative>
    </title>
    <description type="1">
      <narrative>Capacity Development for Nation Building of Curacao project will assist the Government of Curacao in formulating a National Development Plan, develop national socio-economic database and assist the country in meeting Millennium Development Goals</narrative>
    </description>
    <participating-org role="1" type="10" ref="11704">
      <narrative>Government of Curacao</narrative>
    </participating-org>
    <activity-status code="2" />
    <activity-date type="1" iso-date="2011-12-01" />
    <activity-date type="2" iso-date="2011-12-01" />
    <activity-date type="3" iso-date="2017-12-31" />
    <contact-info type="1">
      <email>
      </email>
      <website>
      </website>
    </contact-info>
    <recipient-country code="CW">
      <narrative>Curacao</narrative>
    </recipient-country>
    <sector vocabulary="1" code="15150" />
    <sector vocabulary="99" code="2">
      <narrative>Democratic Governance</narrative>
    </sector>
    <country-budget-items vocabulary="1">
      <budget-item code="1.7.1" percentage="100">
        <description>
          <narrative>Other General Services - support to civil society </narrative>
        </description>
      </budget-item>
    </country-budget-items>
    <policy-marker vocabulary="1" code="1" significance="0" />
    <collaboration-type code="4" />
    <default-flow-type code="10" />
    <default-finance-type code="110" />
    <default-aid-type code="C01" />
    <default-tied-status code="3" />
    <budget type="2" status="2">
      <period-start iso-date="2017-01-01" />
      <period-end iso-date="2017-12-31" />
      <value currency="USD" value-date="2017-04-30">178476</value>
    </budget>
    <budget type="2" status="2">
      <period-start iso-date="2016-01-01" />
      <period-end iso-date="2016-12-31" />
      <value currency="USD" value-date="2016-12-31">188105</value>
    </budget>
    <budget type="2" status="2">
      <period-start iso-date="2015-01-01" />
      <period-end iso-date="2015-12-31" />
      <value currency="USD" value-date="2015-12-31">268570</value>
    </budget>
    <budget type="2" status="2">
      <period-start iso-date="2014-01-01" />
      <period-end iso-date="2014-12-31" />
      <value currency="USD" value-date="2014-12-31">383060</value>
    </budget>
    <budget type="2" status="2">
      <period-start iso-date="2013-01-01" />
      <period-end iso-date="2013-12-31" />
      <value currency="USD" value-date="2013-12-31">225950</value>
    </budget>
    <budget type="2" status="2">
      <period-start iso-date="2012-01-01" />
      <period-end iso-date="2012-12-31" />
      <value currency="USD" value-date="2012-12-31">111750</value>
    </budget>
    <transaction>
      <transaction-type code="4" />
      <transaction-date iso-date="2017-04-30" />
      <value currency="USD" value-date="2017-04-30">0</value>
      <provider-org ref="XM-DAC-41114">
        <narrative>United Nations development Programme</narrative>
      </provider-org>
      <disbursement-channel code="2" />
    </transaction>
    <transaction>
      <transaction-type code="11" />
      <transaction-date iso-date="2017-04-30" />
      <value currency="USD" value-date="2017-04-30">178476</value>
      <provider-org type="10" ref="11704">
        <narrative>Government of Curacao</narrative>
      </provider-org>
      <receiver-org type="40" ref="XM-DAC-41114" receiver-activity-id="XM-DAC-41114-OUTPUT-00080405">
        <narrative>United Nations development Programme</narrative>
      </receiver-org>
      <disbursement-channel code="2" />
    </transaction>
    <transaction>
      <transaction-type code="1" />
      <transaction-date iso-date="2017-04-30" />
      <value currency="USD" value-date="2017-04-30">212000</value>
      <provider-org ref="11704" type="10">
        <narrative>Government of Curacao</narrative>
      </provider-org>
      <receiver-org ref="XM-DAC-41114" receiver-activity-id="00080405">
        <narrative>United Nations development Programme</narrative>
      </receiver-org>
      <disbursement-channel code="2" />
    </transaction>
    <transaction>
      <transaction-type code="11" />
      <transaction-date iso-date="2016-12-31" />
      <value currency="USD" value-date="2016-12-31">188105</value>
      <provider-org type="10" ref="11704">
        <narrative>Government of Curacao</narrative>
      </provider-org>
      <receiver-org type="40" ref="XM-DAC-41114" receiver-activity-id="XM-DAC-41114-OUTPUT-00080405">
        <narrative>United Nations development Programme</narrative>
      </receiver-org>
      <disbursement-channel code="2" />
    </transaction>
    <transaction>
      <transaction-type code="11" />
      <transaction-date iso-date="2015-12-31" />
      <value currency="USD" value-date="2015-12-31">268570</value>
      <provider-org type="10" ref="11704">
        <narrative>Government of Curacao</narrative>
      </provider-org>
      <receiver-org type="40" ref="XM-DAC-41114" receiver-activity-id="XM-DAC-41114-OUTPUT-00080405">
        <narrative>United Nations development Programme</narrative>
      </receiver-org>
      <disbursement-channel code="2" />
    </transaction>
    <transaction>
      <transaction-type code="1" />
      <transaction-date iso-date="2015-12-31" />
      <value currency="USD" value-date="2015-12-31">147091</value>
      <provider-org ref="11704" type="10">
        <narrative>Government of Curacao</narrative>
      </provider-org>
      <receiver-org ref="XM-DAC-41114" receiver-activity-id="00080405">
        <narrative>United Nations development Programme</narrative>
      </receiver-org>
      <disbursement-channel code="2" />
    </transaction>
    <transaction>
      <transaction-type code="11" />
      <transaction-date iso-date="2014-12-31" />
      <value currency="USD" value-date="2014-12-31">383060</value>
      <provider-org type="10" ref="11704">
        <narrative>Government of Curacao</narrative>
      </provider-org>
      <receiver-org type="40" ref="XM-DAC-41114" receiver-activity-id="XM-DAC-41114-OUTPUT-00080405">
        <narrative>United Nations development Programme</narrative>
      </receiver-org>
      <disbursement-channel code="2" />
    </transaction>
    <transaction>
      <transaction-type code="1" />
      <transaction-date iso-date="2014-12-31" />
      <value currency="USD" value-date="2014-12-31">147125</value>
      <provider-org ref="11704" type="10">
        <narrative>Government of Curacao</narrative>
      </provider-org>
      <receiver-org ref="XM-DAC-41114" receiver-activity-id="00080405">
        <narrative>United Nations development Programme</narrative>
      </receiver-org>
      <disbursement-channel code="2" />
    </transaction>
    <transaction>
      <transaction-type code="11" />
      <transaction-date iso-date="2013-12-31" />
      <value currency="USD" value-date="2013-12-31">225950</value>
      <provider-org type="10" ref="11704">
        <narrative>Government of Curacao</narrative>
      </provider-org>
      <receiver-org type="40" ref="XM-DAC-41114" receiver-activity-id="XM-DAC-41114-OUTPUT-00080405">
        <narrative>United Nations development Programme</narrative>
      </receiver-org>
      <disbursement-channel code="2" />
    </transaction>
    <transaction>
      <transaction-type code="1" />
      <transaction-date iso-date="2013-12-31" />
      <value currency="USD" value-date="2013-12-31">305986</value>
      <provider-org ref="11704" type="10">
        <narrative>Government of Curacao</narrative>
      </provider-org>
      <receiver-org ref="XM-DAC-41114" receiver-activity-id="00080405">
        <narrative>United Nations development Programme</narrative>
      </receiver-org>
      <disbursement-channel code="2" />
    </transaction>
    <transaction>
      <transaction-type code="11" />
      <transaction-date iso-date="2012-12-31" />
      <value currency="USD" value-date="2012-12-31">111750</value>
      <provider-org type="10" ref="11704">
        <narrative>Government of Curacao</narrative>
      </provider-org>
      <receiver-org type="40" ref="XM-DAC-41114" receiver-activity-id="XM-DAC-41114-OUTPUT-00080405">
        <narrative>United Nations development Programme</narrative>
      </receiver-org>
      <disbursement-channel code="2" />
    </transaction>
    <transaction>
      <transaction-type code="1" />
      <transaction-date iso-date="2012-12-31" />
      <value currency="USD" value-date="2012-12-31">314526</value>
      <provider-org ref="11704" type="10">
        <narrative>Government of Curacao</narrative>
      </provider-org>
      <receiver-org ref="XM-DAC-41114" receiver-activity-id="00080405">
        <narrative>United Nations development Programme</narrative>
      </receiver-org>
      <disbursement-channel code="2" />
    </transaction>
    <transaction>
      <transaction-type code="4" />
      <transaction-date iso-date="2016-12-31" />
      <value currency="USD" value-date="2016-12-31">226624</value>
      <disbursement-channel code="2" />
    </transaction>
    <transaction>
      <transaction-type code="4" />
      <transaction-date iso-date="2015-12-31" />
      <value currency="USD" value-date="2015-12-31">248520</value>
      <disbursement-channel code="2" />
    </transaction>
    <transaction>
      <transaction-type code="4" />
      <transaction-date iso-date="2014-12-31" />
      <value currency="USD" value-date="2014-12-31">273145</value>
      <disbursement-channel code="2" />
    </transaction>
    <transaction>
      <transaction-type code="4" />
      <transaction-date iso-date="2013-12-31" />
      <value currency="USD" value-date="2013-12-31">143720</value>
      <disbursement-channel code="2" />
    </transaction>
    <transaction>
      <transaction-type code="4" />
      <transaction-date iso-date="2012-12-31" />
      <value currency="USD" value-date="2012-12-31">22499</value>
      <disbursement-channel code="2" />
    </transaction>
    <document-link format="text/html" url="http://open.undp.org/#project/00063081">
      <title>
        <narrative>Activity web page</narrative>
      </title>
      <category code="A12" />
    </document-link>
    <related-activity type="1" ref="XM-DAC-41114-PROJECT-00063081" />
    <conditions attached="0" />
  </iati-activity>
</iati-activities>