﻿<?xml version="1.0" encoding="UTF-8" standalone="yes"?>
<!--IATI Publications - UNDP Development Projects by Countries-->
<iati-activities xmlns:xsi="http://www.w3.org/2001/XMLSchema-instance" xmlns:xsd="http://www.w3.org/2001/XMLSchema" generated-datetime="2017-05-23T10:57:18" version="2.02">
  <!--Democr People's Repub of Korea-->
  <iati-activity last-updated-datetime="2017-05-01T00:02:02" default-currency="USD" xml:lang="en" hierarchy="1">
    <iati-identifier>XM-DAC-41114-PROJECT-00074802</iati-identifier>
    <reporting-org ref="XM-DAC-41114" type="40">
      <narrative>United Nations Development Programme</narrative>
    </reporting-org>
    <title>
      <narrative>Ecosystem Resilience and Disaster Risk in River Basins</narrative>
    </title>
    <description type="1">
      <narrative>Strengthening Ecosystem Resilience and Community Adaptive Capacity in Climate Affected River Basins in DPRK(SERCARB)</narrative>
    </description>
    <participating-org role="4" type="40" ref="XM-DAC-41114">
      <narrative>United Nations Development Programme</narrative>
    </participating-org>
    <participating-org role="2" type="40" ref="XM-DAC-41114">
      <narrative>UNITED NATIONS DEVELOPMENT PROGRAMME</narrative>
    </participating-org>
    <participating-org role="1" type="40" ref="XM-DAC-41114">
      <narrative>UNITED NATIONS DEVELOPMENT PROGRAMME</narrative>
    </participating-org>
    <activity-status code="2" />
    <activity-date type="1" iso-date="2013-06-01" />
    <activity-date type="2" iso-date="2013-06-01" />
    <activity-date type="3" iso-date="2017-12-31" />
    <contact-info type="1">
      <email>registry.kp@undp.org</email>
      <website>http://www.kp.undp.org/</website>
    </contact-info>
    <recipient-country code="KP">
      <narrative>Democr People's Repub of Korea</narrative>
    </recipient-country>
    <sector vocabulary="1" code="74010" />
    <collaboration-type code="4" />
    <default-flow-type code="10" />
    <default-finance-type code="110" />
    <default-aid-type code="C01" />
    <default-tied-status code="3" />
    <document-link format="application/pdf" url="https://info.undp.org/docs/pdc/Documents/PRK/SERCARB%20Prodoc%20final_6.26.13.pdf">
      <title>
        <narrative>Strengthening Ecosystem Resilience and Community Adaptive Capacity in Climate Affected River Basins in DPRK</narrative>
      </title>
      <category code="A01" />
      <category code="A02" />
      <category code="A03" />
      <category code="A04" />
      <category code="A05" />
      <category code="A08" />
      <language code="en" />
    </document-link>
    <document-link format="text/html" url="https://erc.undp.org/evaluation/evaluations/detail/5977">
      <title>
        <narrative>MTR: Strengthening Ecosystem Resilience and Community Adaptive Capacity in Climate Affected River Basins in DPRK (SERCARB)</narrative>
      </title>
      <category code="A07" />
      <language code="en" />
    </document-link>
    <document-link format="text/html" url="http://procurement-notices.undp.org/view_notice.cfm?notice_id=23092">
      <title>
        <narrative>Ecosystem Resilience and Disaster Risk in River Basins</narrative>
      </title>
      <category code="A10" />
      <language code="en" />
    </document-link>
    <document-link format="text/html" url="http://procurement-notices.undp.org/view_notice.cfm?notice_id=23412">
      <title>
        <narrative>Ecosystem Resilience and Disaster Risk in River Basins</narrative>
      </title>
      <category code="A10" />
      <language code="en" />
    </document-link>
    <document-link format="text/html" url="http://procurement-notices.undp.org/view_notice.cfm?notice_id=28910">
      <title>
        <narrative>Ecosystem Resilience and Disaster Risk in River Basins</narrative>
      </title>
      <category code="A10" />
      <language code="en" />
    </document-link>
    <document-link format="text/html" url="http://procurement-notices.undp.org/view_notice.cfm?notice_id=30837">
      <title>
        <narrative>Ecosystem Resilience and Disaster Risk in River Basins</narrative>
      </title>
      <category code="A10" />
      <language code="en" />
    </document-link>
    <document-link format="text/html" url="http://open.undp.org/#project/00074802">
      <title>
        <narrative>Purchase Order Summary</narrative>
      </title>
      <category code="A11" />
      <category code="A12" />
      <language code="en" />
    </document-link>
    <related-activity type="2" ref="XM-DAC-41114-OUTPUT-00087040" />
    <conditions attached="0" />
    <result type="1" aggregation-status="1">
      <title>
        <narrative>Integrated Results and Resources Framework (IRRF)</narrative>
      </title>
      <description>
        <narrative>The IRRF is UNDP’s results framework to monitor and report on its achievements against the Strategic Plan 2014-2017. UNDP publishes country level IRRF results that UNDP’s projects contributed to</narrative>
      </description>
      <indicator ascending="0" measure="1">
        <title>
          <narrative>Output Indicator 5.4.1.A.1.1</narrative>
        </title>
        <description>
          <narrative>Number of end-to-end early warning systems for man-made crisis and all major natural hazards (e.g. geo-physical and climate-induced hazards)</narrative>
        </description>
        <baseline year="2013" value="0" />
        <period>
          <period-start iso-date="2016-01-01" />
          <period-end iso-date="2016-12-31" />
          <target value="8">
            <location ref="KP" />
          </target>
          <actual value="10">
            <location ref="KP" />
          </actual>
        </period>
        <period>
          <period-start iso-date="2017-01-01" />
          <period-end iso-date="2017-12-31" />
          <target value="8">
            <location ref="KP" />
          </target>
          <actual value="10">
            <location ref="KP" />
          </actual>
        </period>
      </indicator>
      <indicator ascending="0" measure="1">
        <title>
          <narrative>Output Indicator 5.4.2.A.1.1</narrative>
        </title>
        <description>
          <narrative>Number of preparedness plans that cover only response</narrative>
        </description>
        <baseline year="2013" value="0" />
        <period>
          <period-start iso-date="2016-01-01" />
          <period-end iso-date="2016-12-31" />
          <target value="10">
            <location ref="KP" />
          </target>
          <actual value="10">
            <location ref="KP" />
          </actual>
        </period>
        <period>
          <period-start iso-date="2017-01-01" />
          <period-end iso-date="2017-12-31" />
          <target value="10">
            <location ref="KP" />
          </target>
          <actual value="10">
            <location ref="KP" />
          </actual>
        </period>
      </indicator>
      <indicator ascending="0" measure="1">
        <title>
          <narrative>Output Indicator 5.4.2.A.1.2</narrative>
        </title>
        <description>
          <narrative>Number of preparedness plans that cover response AND recovery</narrative>
        </description>
        <baseline year="2013" value="0" />
        <period>
          <period-start iso-date="2016-01-01" />
          <period-end iso-date="2016-12-31" />
          <target value="13">
            <location ref="KP" />
          </target>
          <actual value="10">
            <location ref="KP" />
          </actual>
        </period>
        <period>
          <period-start iso-date="2017-01-01" />
          <period-end iso-date="2017-12-31" />
          <target value="13">
            <location ref="KP" />
          </target>
          <actual value="10">
            <location ref="KP" />
          </actual>
        </period>
      </indicator>
    </result>
  </iati-activity>
  <iati-activity last-updated-datetime="2017-05-01T00:02:02" default-currency="USD" xml:lang="en" hierarchy="2">
    <iati-identifier>XM-DAC-41114-OUTPUT-00087040</iati-identifier>
    <reporting-org ref="XM-DAC-41114" type="40">
      <narrative>United Nations Development Programme</narrative>
    </reporting-org>
    <title>
      <narrative>Ecosystem Resilience &amp;Disaster</narrative>
    </title>
    <description type="1">
      <narrative>Strengthening Ecosystem Resilience and community Adaptive Capacity in Climate Affected River Basins in DPRK</narrative>
    </description>
    <participating-org role="1" type="40" ref="XM-DAC-41114">
      <narrative>UNITED NATIONS DEVELOPMENT PROGRAMME</narrative>
    </participating-org>
    <activity-status code="2" />
    <activity-date type="1" iso-date="2013-06-01" />
    <activity-date type="2" iso-date="2013-06-01" />
    <activity-date type="3" iso-date="2017-12-31" />
    <contact-info type="1">
      <email>registry.kp@undp.org</email>
      <website>http://www.kp.undp.org/</website>
    </contact-info>
    <activity-scope code="4" />
    <recipient-country code="KP">
      <narrative>Democr People's Repub of Korea</narrative>
    </recipient-country>
    <location ref="KP">
      <location-reach code="2" />
      <location-id vocabulary="G1" code="1873107" />
      <name>
        <narrative>Democratic People’s Republic of Korea</narrative>
      </name>
      <description>
        <narrative>independent political entity</narrative>
      </description>
      <activity-description>
        <narrative />
      </activity-description>
      <administrative level="0" code="1873107" vocabulary="G1" />
      <point srsName="http://www.opengis.net/def/crs/EPSG/0/4326">
        <pos>40.000000 127.000000</pos>
      </point>
      <exactness code="1" />
      <location-class code="1" />
      <feature-designation code="PCLI" />
    </location>
    <sector vocabulary="1" code="74010" />
    <sector vocabulary="99" code="5">
      <narrative>Climate Change &amp; Disaster Resilience</narrative>
    </sector>
    <country-budget-items vocabulary="1">
      <budget-item code="5.4.11" percentage="100">
        <description>
          <narrative>Social Protection, Land Housing and Community Amenities - disaster prevention and preparedness</narrative>
        </description>
      </budget-item>
    </country-budget-items>
    <policy-marker vocabulary="1" code="1" significance="0" />
    <collaboration-type code="4" />
    <default-flow-type code="10" />
    <default-finance-type code="110" />
    <default-aid-type code="C01" />
    <default-tied-status code="3" />
    <budget type="2" status="2">
      <period-start iso-date="2017-01-01" />
      <period-end iso-date="2017-12-31" />
      <value currency="USD" value-date="2017-04-30">862018</value>
    </budget>
    <budget type="2" status="2">
      <period-start iso-date="2016-01-01" />
      <period-end iso-date="2016-12-31" />
      <value currency="USD" value-date="2016-12-31">1427765</value>
    </budget>
    <budget type="2" status="2">
      <period-start iso-date="2015-01-01" />
      <period-end iso-date="2015-12-31" />
      <value currency="USD" value-date="2015-12-31">885460</value>
    </budget>
    <budget type="2" status="2">
      <period-start iso-date="2014-01-01" />
      <period-end iso-date="2014-12-31" />
      <value currency="USD" value-date="2014-12-31">180758</value>
    </budget>
    <budget type="2" status="2">
      <period-start iso-date="2013-01-01" />
      <period-end iso-date="2013-12-31" />
      <value currency="USD" value-date="2013-12-31">20000</value>
    </budget>
    <transaction>
      <transaction-type code="4" />
      <transaction-date iso-date="2017-04-30" />
      <value currency="USD" value-date="2017-04-30">149966</value>
      <provider-org ref="XM-DAC-41114">
        <narrative>United Nations development Programme</narrative>
      </provider-org>
      <disbursement-channel code="2" />
    </transaction>
    <transaction>
      <transaction-type code="11" />
      <transaction-date iso-date="2017-04-30" />
      <value currency="USD" value-date="2017-04-30">862018</value>
      <provider-org type="40" ref="XM-DAC-41114" provider-activity-id="XM-DAC-41114-PROJECT-00074802">
        <narrative>UNITED NATIONS DEVELOPMENT PROGRAMME</narrative>
      </provider-org>
      <receiver-org type="40" ref="XM-DAC-41114" receiver-activity-id="XM-DAC-41114-OUTPUT-00087040">
        <narrative>United Nations development Programme</narrative>
      </receiver-org>
      <disbursement-channel code="2" />
    </transaction>
    <transaction>
      <transaction-type code="11" />
      <transaction-date iso-date="2016-12-31" />
      <value currency="USD" value-date="2016-12-31">1427765</value>
      <provider-org type="40" ref="XM-DAC-41114" provider-activity-id="XM-DAC-41114-PROJECT-00074802">
        <narrative>UNITED NATIONS DEVELOPMENT PROGRAMME</narrative>
      </provider-org>
      <receiver-org type="40" ref="XM-DAC-41114" receiver-activity-id="XM-DAC-41114-OUTPUT-00087040">
        <narrative>United Nations development Programme</narrative>
      </receiver-org>
      <disbursement-channel code="2" />
    </transaction>
    <transaction>
      <transaction-type code="11" />
      <transaction-date iso-date="2015-12-31" />
      <value currency="USD" value-date="2015-12-31">885460</value>
      <provider-org type="40" ref="XM-DAC-41114" provider-activity-id="XM-DAC-41114-PROJECT-00074802">
        <narrative>UNITED NATIONS DEVELOPMENT PROGRAMME</narrative>
      </provider-org>
      <receiver-org type="40" ref="XM-DAC-41114" receiver-activity-id="XM-DAC-41114-OUTPUT-00087040">
        <narrative>United Nations development Programme</narrative>
      </receiver-org>
      <disbursement-channel code="2" />
    </transaction>
    <transaction>
      <transaction-type code="11" />
      <transaction-date iso-date="2014-12-31" />
      <value currency="USD" value-date="2014-12-31">180758</value>
      <provider-org type="40" ref="XM-DAC-41114" provider-activity-id="XM-DAC-41114-PROJECT-00074802">
        <narrative>UNITED NATIONS DEVELOPMENT PROGRAMME</narrative>
      </provider-org>
      <receiver-org type="40" ref="XM-DAC-41114" receiver-activity-id="XM-DAC-41114-OUTPUT-00087040">
        <narrative>United Nations development Programme</narrative>
      </receiver-org>
      <disbursement-channel code="2" />
    </transaction>
    <transaction>
      <transaction-type code="11" />
      <transaction-date iso-date="2013-12-31" />
      <value currency="USD" value-date="2013-12-31">20000</value>
      <provider-org type="40" ref="XM-DAC-41114" provider-activity-id="XM-DAC-41114-PROJECT-00074802">
        <narrative>UNITED NATIONS DEVELOPMENT PROGRAMME</narrative>
      </provider-org>
      <receiver-org type="40" ref="XM-DAC-41114" receiver-activity-id="XM-DAC-41114-OUTPUT-00087040">
        <narrative>United Nations development Programme</narrative>
      </receiver-org>
      <disbursement-channel code="2" />
    </transaction>
    <transaction>
      <transaction-type code="4" />
      <transaction-date iso-date="2016-12-31" />
      <value currency="USD" value-date="2016-12-31">558747</value>
      <disbursement-channel code="2" />
    </transaction>
    <transaction>
      <transaction-type code="4" />
      <transaction-date iso-date="2015-12-31" />
      <value currency="USD" value-date="2015-12-31">686896</value>
      <disbursement-channel code="2" />
    </transaction>
    <transaction>
      <transaction-type code="4" />
      <transaction-date iso-date="2014-12-31" />
      <value currency="USD" value-date="2014-12-31">143698</value>
      <disbursement-channel code="2" />
    </transaction>
    <transaction>
      <transaction-type code="4" />
      <transaction-date iso-date="2013-12-31" />
      <value currency="USD" value-date="2013-12-31">812</value>
      <disbursement-channel code="2" />
    </transaction>
    <document-link format="text/html" url="http://open.undp.org/#project/00074802">
      <title>
        <narrative>Activity web page</narrative>
      </title>
      <category code="A12" />
    </document-link>
    <related-activity type="1" ref="XM-DAC-41114-PROJECT-00074802" />
    <conditions attached="0" />
  </iati-activity>
  <iati-activity last-updated-datetime="2017-05-01T00:02:02" default-currency="USD" xml:lang="en" hierarchy="1">
    <iati-identifier>XM-DAC-41114-PROJECT-00074805</iati-identifier>
    <reporting-org ref="XM-DAC-41114" type="40">
      <narrative>United Nations Development Programme</narrative>
    </reporting-org>
    <title>
      <narrative>Pilot Project to Support Socio-Economic Development</narrative>
    </title>
    <description type="1">
      <narrative>Pilot Project to Support Socio-Economic Development of Rural Areas in DPRK(SED)</narrative>
    </description>
    <participating-org role="4" type="40" ref="XM-DAC-41114">
      <narrative>United Nations Development Programme</narrative>
    </participating-org>
    <participating-org role="2" type="40" ref="XM-DAC-41114">
      <narrative>UNITED NATIONS DEVELOPMENT PROGRAMME</narrative>
    </participating-org>
    <participating-org role="1" type="40" ref="XM-DAC-41114">
      <narrative>UNITED NATIONS DEVELOPMENT PROGRAMME</narrative>
    </participating-org>
    <activity-status code="2" />
    <activity-date type="1" iso-date="2013-06-01" />
    <activity-date type="2" iso-date="2013-06-01" />
    <activity-date type="3" iso-date="2018-07-31" />
    <contact-info type="1">
      <email>registry.kp@undp.org</email>
      <website>http://www.kp.undp.org/</website>
    </contact-info>
    <recipient-country code="KP">
      <narrative>Democr People's Repub of Korea</narrative>
    </recipient-country>
    <sector vocabulary="1" code="15110" />
    <collaboration-type code="4" />
    <default-flow-type code="10" />
    <default-finance-type code="110" />
    <default-aid-type code="C01" />
    <default-tied-status code="3" />
    <document-link format="application/pdf" url="https://info.undp.org/docs/pdc/Documents/PRK/00087041_SED%20Prodoc_final_7%2023%2013.pdf">
      <title>
        <narrative>Signed Project Document for SED Project</narrative>
      </title>
      <category code="A01" />
      <category code="A02" />
      <category code="A03" />
      <category code="A04" />
      <category code="A05" />
      <category code="A08" />
      <language code="en" />
    </document-link>
    <document-link format="text/html" url="http://procurement-notices.undp.org/view_notice.cfm?notice_id=22873">
      <title>
        <narrative>Pilot Project to Support Socio-Economic Development</narrative>
      </title>
      <category code="A10" />
      <language code="en" />
    </document-link>
    <document-link format="text/html" url="http://open.undp.org/#project/00074805">
      <title>
        <narrative>Purchase Order Summary</narrative>
      </title>
      <category code="A11" />
      <category code="A12" />
      <language code="en" />
    </document-link>
    <related-activity type="2" ref="XM-DAC-41114-OUTPUT-00087041" />
    <conditions attached="0" />
    <result type="1" aggregation-status="1">
      <title>
        <narrative>Integrated Results and Resources Framework (IRRF)</narrative>
      </title>
      <description>
        <narrative>The IRRF is UNDP’s results framework to monitor and report on its achievements against the Strategic Plan 2014-2017. UNDP publishes country level IRRF results that UNDP’s projects contributed to</narrative>
      </description>
      <indicator ascending="0" measure="1">
        <title>
          <narrative>Output Indicator 1.1.1.A.3.1</narrative>
        </title>
        <description>
          <narrative>total number of new full-time equivalent jobs created</narrative>
        </description>
        <baseline year="2013" value="408" />
        <period>
          <period-start iso-date="2016-01-01" />
          <period-end iso-date="2016-12-31" />
          <target value="594">
            <location ref="KP" />
          </target>
          <actual value="413">
            <location ref="KP" />
          </actual>
        </period>
        <period>
          <period-start iso-date="2017-01-01" />
          <period-end iso-date="2017-12-31" />
          <target value="594">
            <location ref="KP" />
          </target>
          <actual value="413">
            <location ref="KP" />
          </actual>
        </period>
      </indicator>
      <indicator ascending="0" measure="1">
        <title>
          <narrative>Output Indicator 1.1.1.B.3.1</narrative>
        </title>
        <description>
          <narrative>number of additional people benefitting from UNDP's livelihoods interventions</narrative>
        </description>
        <baseline year="2013" value="0" />
        <period>
          <period-start iso-date="2016-01-01" />
          <period-end iso-date="2016-12-31" />
          <target value="4000">
            <location ref="KP" />
          </target>
          <actual value="3700">
            <location ref="KP" />
          </actual>
        </period>
        <period>
          <period-start iso-date="2017-01-01" />
          <period-end iso-date="2017-12-31" />
          <target value="4000">
            <location ref="KP" />
          </target>
          <actual value="3700">
            <location ref="KP" />
          </actual>
        </period>
      </indicator>
    </result>
  </iati-activity>
  <iati-activity last-updated-datetime="2017-05-01T00:02:02" default-currency="USD" xml:lang="en" hierarchy="2">
    <iati-identifier>XM-DAC-41114-OUTPUT-00087041</iati-identifier>
    <reporting-org ref="XM-DAC-41114" type="40">
      <narrative>United Nations Development Programme</narrative>
    </reporting-org>
    <title>
      <narrative>Socio-Economic Development</narrative>
    </title>
    <description type="1">
      <narrative>Pilot project to support socio-economic development of rural areas in DPRK</narrative>
    </description>
    <participating-org role="1" type="40" ref="XM-DAC-41114">
      <narrative>UNITED NATIONS DEVELOPMENT PROGRAMME</narrative>
    </participating-org>
    <activity-status code="2" />
    <activity-date type="1" iso-date="2013-06-01" />
    <activity-date type="2" iso-date="2013-06-01" />
    <activity-date type="3" iso-date="2018-07-31" />
    <contact-info type="1">
      <email>registry.kp@undp.org</email>
      <website>http://www.kp.undp.org/</website>
    </contact-info>
    <activity-scope code="4" />
    <recipient-country code="KP">
      <narrative>Democr People's Repub of Korea</narrative>
    </recipient-country>
    <location ref="KP">
      <location-reach code="2" />
      <location-id vocabulary="G1" code="1873107" />
      <name>
        <narrative>Democratic People’s Republic of Korea</narrative>
      </name>
      <description>
        <narrative>independent political entity</narrative>
      </description>
      <activity-description>
        <narrative />
      </activity-description>
      <administrative level="0" code="1873107" vocabulary="G1" />
      <point srsName="http://www.opengis.net/def/crs/EPSG/0/4326">
        <pos>40.000000 127.000000</pos>
      </point>
      <exactness code="1" />
      <location-class code="1" />
      <feature-designation code="PCLI" />
    </location>
    <sector vocabulary="1" code="15110" />
    <sector vocabulary="99" code="1">
      <narrative>Inclusive &amp; Sustainable Growth</narrative>
    </sector>
    <country-budget-items vocabulary="1">
      <budget-item code="3.1.1" percentage="100">
        <description>
          <narrative>policy, planning and administration</narrative>
        </description>
      </budget-item>
    </country-budget-items>
    <policy-marker vocabulary="1" code="1" significance="0" />
    <collaboration-type code="4" />
    <default-flow-type code="10" />
    <default-finance-type code="110" />
    <default-aid-type code="C01" />
    <default-tied-status code="3" />
    <budget type="2" status="2">
      <period-start iso-date="2017-01-01" />
      <period-end iso-date="2017-12-31" />
      <value currency="USD" value-date="2017-04-30">2285450</value>
    </budget>
    <budget type="2" status="2">
      <period-start iso-date="2018-01-01" />
      <period-end iso-date="2018-12-31" />
      <value currency="USD" value-date="2017-04-30">645502</value>
    </budget>
    <budget type="2" status="2">
      <period-start iso-date="2016-01-01" />
      <period-end iso-date="2016-12-31" />
      <value currency="USD" value-date="2016-12-31">752850</value>
    </budget>
    <budget type="2" status="2">
      <period-start iso-date="2015-01-01" />
      <period-end iso-date="2015-12-31" />
      <value currency="USD" value-date="2015-12-31">625500</value>
    </budget>
    <budget type="2" status="2">
      <period-start iso-date="2014-01-01" />
      <period-end iso-date="2014-12-31" />
      <value currency="USD" value-date="2014-12-31">355046</value>
    </budget>
    <budget type="2" status="2">
      <period-start iso-date="2013-01-01" />
      <period-end iso-date="2013-12-31" />
      <value currency="USD" value-date="2013-12-31">50000</value>
    </budget>
    <transaction>
      <transaction-type code="4" />
      <transaction-date iso-date="2017-04-30" />
      <value currency="USD" value-date="2017-04-30">128290</value>
      <provider-org ref="XM-DAC-41114">
        <narrative>United Nations development Programme</narrative>
      </provider-org>
      <disbursement-channel code="2" />
    </transaction>
    <transaction>
      <transaction-type code="3" />
      <transaction-date iso-date="2017-04-30" />
      <value currency="USD" value-date="2017-04-30">13076</value>
      <provider-org ref="XM-DAC-41114">
        <narrative>United Nations development Programme</narrative>
      </provider-org>
      <receiver-org type="40" ref="">
        <narrative>UN Agency</narrative>
      </receiver-org>
      <disbursement-channel code="2" />
    </transaction>
    <transaction>
      <transaction-type code="11" />
      <transaction-date iso-date="2018-12-31" />
      <value currency="USD" value-date="2018-12-31">645502</value>
      <provider-org type="40" ref="XM-DAC-41114" provider-activity-id="XM-DAC-41114-PROJECT-00074805">
        <narrative>UNITED NATIONS DEVELOPMENT PROGRAMME</narrative>
      </provider-org>
      <receiver-org type="40" ref="XM-DAC-41114" receiver-activity-id="XM-DAC-41114-OUTPUT-00087041">
        <narrative>United Nations development Programme</narrative>
      </receiver-org>
      <disbursement-channel code="2" />
    </transaction>
    <transaction>
      <transaction-type code="11" />
      <transaction-date iso-date="2017-04-30" />
      <value currency="USD" value-date="2017-04-30">2285450</value>
      <provider-org type="40" ref="XM-DAC-41114" provider-activity-id="XM-DAC-41114-PROJECT-00074805">
        <narrative>UNITED NATIONS DEVELOPMENT PROGRAMME</narrative>
      </provider-org>
      <receiver-org type="40" ref="XM-DAC-41114" receiver-activity-id="XM-DAC-41114-OUTPUT-00087041">
        <narrative>United Nations development Programme</narrative>
      </receiver-org>
      <disbursement-channel code="2" />
    </transaction>
    <transaction>
      <transaction-type code="11" />
      <transaction-date iso-date="2016-12-31" />
      <value currency="USD" value-date="2016-12-31">752850</value>
      <provider-org type="40" ref="XM-DAC-41114" provider-activity-id="XM-DAC-41114-PROJECT-00074805">
        <narrative>UNITED NATIONS DEVELOPMENT PROGRAMME</narrative>
      </provider-org>
      <receiver-org type="40" ref="XM-DAC-41114" receiver-activity-id="XM-DAC-41114-OUTPUT-00087041">
        <narrative>United Nations development Programme</narrative>
      </receiver-org>
      <disbursement-channel code="2" />
    </transaction>
    <transaction>
      <transaction-type code="11" />
      <transaction-date iso-date="2015-12-31" />
      <value currency="USD" value-date="2015-12-31">625500</value>
      <provider-org type="40" ref="XM-DAC-41114" provider-activity-id="XM-DAC-41114-PROJECT-00074805">
        <narrative>UNITED NATIONS DEVELOPMENT PROGRAMME</narrative>
      </provider-org>
      <receiver-org type="40" ref="XM-DAC-41114" receiver-activity-id="XM-DAC-41114-OUTPUT-00087041">
        <narrative>United Nations development Programme</narrative>
      </receiver-org>
      <disbursement-channel code="2" />
    </transaction>
    <transaction>
      <transaction-type code="11" />
      <transaction-date iso-date="2014-12-31" />
      <value currency="USD" value-date="2014-12-31">355046</value>
      <provider-org type="40" ref="XM-DAC-41114" provider-activity-id="XM-DAC-41114-PROJECT-00074805">
        <narrative>UNITED NATIONS DEVELOPMENT PROGRAMME</narrative>
      </provider-org>
      <receiver-org type="40" ref="XM-DAC-41114" receiver-activity-id="XM-DAC-41114-OUTPUT-00087041">
        <narrative>United Nations development Programme</narrative>
      </receiver-org>
      <disbursement-channel code="2" />
    </transaction>
    <transaction>
      <transaction-type code="11" />
      <transaction-date iso-date="2013-12-31" />
      <value currency="USD" value-date="2013-12-31">50000</value>
      <provider-org type="40" ref="XM-DAC-41114" provider-activity-id="XM-DAC-41114-PROJECT-00074805">
        <narrative>UNITED NATIONS DEVELOPMENT PROGRAMME</narrative>
      </provider-org>
      <receiver-org type="40" ref="XM-DAC-41114" receiver-activity-id="XM-DAC-41114-OUTPUT-00087041">
        <narrative>United Nations development Programme</narrative>
      </receiver-org>
      <disbursement-channel code="2" />
    </transaction>
    <transaction>
      <transaction-type code="4" />
      <transaction-date iso-date="2016-12-31" />
      <value currency="USD" value-date="2016-12-31">391972</value>
      <disbursement-channel code="2" />
    </transaction>
    <transaction>
      <transaction-type code="4" />
      <transaction-date iso-date="2015-12-31" />
      <value currency="USD" value-date="2015-12-31">626508</value>
      <disbursement-channel code="2" />
    </transaction>
    <transaction>
      <transaction-type code="4" />
      <transaction-date iso-date="2014-12-31" />
      <value currency="USD" value-date="2014-12-31">310440</value>
      <disbursement-channel code="2" />
    </transaction>
    <transaction>
      <transaction-type code="4" />
      <transaction-date iso-date="2013-12-31" />
      <value currency="USD" value-date="2013-12-31">812</value>
      <disbursement-channel code="2" />
    </transaction>
    <document-link format="text/html" url="http://open.undp.org/#project/00074805">
      <title>
        <narrative>Activity web page</narrative>
      </title>
      <category code="A12" />
    </document-link>
    <related-activity type="1" ref="XM-DAC-41114-PROJECT-00074805" />
    <conditions attached="0" />
  </iati-activity>
  <iati-activity last-updated-datetime="2017-05-01T00:02:02" default-currency="USD" xml:lang="en" hierarchy="1">
    <iati-identifier>XM-DAC-41114-PROJECT-00090996</iati-identifier>
    <reporting-org ref="XM-DAC-41114" type="40">
      <narrative>United Nations Development Programme</narrative>
    </reporting-org>
    <title>
      <narrative>Sustainable Energy solutions</narrative>
    </title>
    <description type="1">
      <narrative>Sustainable Energy Solutions for Rural Livelihoods in DPRK (SES)</narrative>
    </description>
    <participating-org role="4" type="40" ref="XM-DAC-41114">
      <narrative>United Nations Development Programme</narrative>
    </participating-org>
    <participating-org role="2" type="40" ref="XM-DAC-41114">
      <narrative>UNITED NATIONS DEVELOPMENT PROGRAMME</narrative>
    </participating-org>
    <participating-org role="1" type="40" ref="XM-DAC-41114">
      <narrative>UNITED NATIONS DEVELOPMENT PROGRAMME</narrative>
    </participating-org>
    <activity-status code="2" />
    <activity-date type="1" iso-date="2015-08-26" />
    <activity-date type="2" iso-date="2015-08-26" />
    <activity-date type="3" iso-date="2019-12-31" />
    <contact-info type="1">
      <email>registry.kp@undp.org</email>
      <website>http://www.kp.undp.org/</website>
    </contact-info>
    <recipient-country code="KP">
      <narrative>Democr People's Repub of Korea</narrative>
    </recipient-country>
    <sector vocabulary="1" code="23030" />
    <collaboration-type code="4" />
    <default-flow-type code="10" />
    <default-finance-type code="110" />
    <default-aid-type code="C01" />
    <default-tied-status code="3" />
    <document-link format="application/pdf" url="https://info.undp.org/docs/pdc/Documents/PRK/UNDP_KP_%20SES_Project%20Document_Signed_20150826.pdf">
      <title>
        <narrative>Sustainable Energy Solutions for Livelihoods in DPRK (SES)</narrative>
      </title>
      <category code="A01" />
      <category code="A02" />
      <category code="A03" />
      <category code="A04" />
      <category code="A05" />
      <category code="A08" />
      <language code="en" />
    </document-link>
    <document-link format="image/jpeg" url="https://info.undp.org/docs/pdc/Documents/PRK/SES-14Jul2015%20(1).jpg">
      <title>
        <narrative>Pictue taken LPAC Meeting</narrative>
      </title>
      <category code="A03" />
      <language code="en" />
    </document-link>
    <document-link format="text/html" url="http://procurement-notices.undp.org/view_notice.cfm?notice_id=32545">
      <title>
        <narrative>Sustainable Energy solutions</narrative>
      </title>
      <category code="A10" />
      <language code="en" />
    </document-link>
    <document-link format="text/html" url="http://procurement-notices.undp.org/view_notice.cfm?notice_id=33740">
      <title>
        <narrative>Sustainable Energy solutions</narrative>
      </title>
      <category code="A10" />
      <language code="en" />
    </document-link>
    <document-link format="text/html" url="http://procurement-notices.undp.org/view_notice.cfm?notice_id=36439">
      <title>
        <narrative>Sustainable Energy solutions</narrative>
      </title>
      <category code="A10" />
      <language code="en" />
    </document-link>
    <document-link format="text/html" url="http://open.undp.org/#project/00090996">
      <title>
        <narrative>Purchase Order Summary</narrative>
      </title>
      <category code="A11" />
      <category code="A12" />
      <language code="en" />
    </document-link>
    <related-activity type="2" ref="XM-DAC-41114-OUTPUT-00096469" />
    <conditions attached="0" />
  </iati-activity>
  <iati-activity last-updated-datetime="2017-05-01T00:02:02" default-currency="USD" xml:lang="en" hierarchy="2">
    <iati-identifier>XM-DAC-41114-OUTPUT-00096469</iati-identifier>
    <reporting-org ref="XM-DAC-41114" type="40">
      <narrative>United Nations Development Programme</narrative>
    </reporting-org>
    <title>
      <narrative>Sustainable Energy Solutions</narrative>
    </title>
    <description type="1">
      <narrative>Sustainable Energy Solutions for Rural Livelihoods in DPRK (SES)</narrative>
    </description>
    <participating-org role="1" type="40" ref="XM-DAC-41114">
      <narrative>UNITED NATIONS DEVELOPMENT PROGRAMME</narrative>
    </participating-org>
    <activity-status code="2" />
    <activity-date type="1" iso-date="2015-08-26" />
    <activity-date type="2" iso-date="2015-08-26" />
    <activity-date type="3" iso-date="2019-12-31" />
    <contact-info type="1">
      <email>registry.kp@undp.org</email>
      <website>http://www.kp.undp.org/</website>
    </contact-info>
    <recipient-country code="KP">
      <narrative>Democr People's Repub of Korea</narrative>
    </recipient-country>
    <sector vocabulary="1" code="23030" />
    <sector vocabulary="99" code="1">
      <narrative>Inclusive &amp; Sustainable Growth</narrative>
    </sector>
    <country-budget-items vocabulary="1">
      <budget-item code="3.6.6" percentage="100">
        <description>
          <narrative>Energy - power generation</narrative>
        </description>
      </budget-item>
    </country-budget-items>
    <policy-marker vocabulary="1" code="1" significance="0" />
    <collaboration-type code="4" />
    <default-flow-type code="10" />
    <default-finance-type code="110" />
    <default-aid-type code="C01" />
    <default-tied-status code="3" />
    <budget type="2" status="2">
      <period-start iso-date="2017-01-01" />
      <period-end iso-date="2017-12-31" />
      <value currency="USD" value-date="2017-04-30">3128500</value>
    </budget>
    <budget type="2" status="2">
      <period-start iso-date="2019-01-01" />
      <period-end iso-date="2019-12-31" />
      <value currency="USD" value-date="2017-04-30">1024750</value>
    </budget>
    <budget type="2" status="2">
      <period-start iso-date="2018-01-01" />
      <period-end iso-date="2018-12-31" />
      <value currency="USD" value-date="2017-04-30">1482250</value>
    </budget>
    <budget type="2" status="2">
      <period-start iso-date="2016-01-01" />
      <period-end iso-date="2016-12-31" />
      <value currency="USD" value-date="2016-12-31">678750</value>
    </budget>
    <budget type="2" status="2">
      <period-start iso-date="2015-01-01" />
      <period-end iso-date="2015-12-31" />
      <value currency="USD" value-date="2015-12-31">115000</value>
    </budget>
    <transaction>
      <transaction-type code="4" />
      <transaction-date iso-date="2017-04-30" />
      <value currency="USD" value-date="2017-04-30">174660</value>
      <provider-org ref="XM-DAC-41114">
        <narrative>United Nations development Programme</narrative>
      </provider-org>
      <disbursement-channel code="2" />
    </transaction>
    <transaction>
      <transaction-type code="11" />
      <transaction-date iso-date="2019-12-31" />
      <value currency="USD" value-date="2019-12-31">1024750</value>
      <provider-org type="40" ref="XM-DAC-41114" provider-activity-id="XM-DAC-41114-PROJECT-00090996">
        <narrative>UNITED NATIONS DEVELOPMENT PROGRAMME</narrative>
      </provider-org>
      <receiver-org type="40" ref="XM-DAC-41114" receiver-activity-id="XM-DAC-41114-OUTPUT-00096469">
        <narrative>United Nations development Programme</narrative>
      </receiver-org>
      <disbursement-channel code="2" />
    </transaction>
    <transaction>
      <transaction-type code="11" />
      <transaction-date iso-date="2018-12-31" />
      <value currency="USD" value-date="2018-12-31">1482250</value>
      <provider-org type="40" ref="XM-DAC-41114" provider-activity-id="XM-DAC-41114-PROJECT-00090996">
        <narrative>UNITED NATIONS DEVELOPMENT PROGRAMME</narrative>
      </provider-org>
      <receiver-org type="40" ref="XM-DAC-41114" receiver-activity-id="XM-DAC-41114-OUTPUT-00096469">
        <narrative>United Nations development Programme</narrative>
      </receiver-org>
      <disbursement-channel code="2" />
    </transaction>
    <transaction>
      <transaction-type code="11" />
      <transaction-date iso-date="2017-04-30" />
      <value currency="USD" value-date="2017-04-30">3128500</value>
      <provider-org type="40" ref="XM-DAC-41114" provider-activity-id="XM-DAC-41114-PROJECT-00090996">
        <narrative>UNITED NATIONS DEVELOPMENT PROGRAMME</narrative>
      </provider-org>
      <receiver-org type="40" ref="XM-DAC-41114" receiver-activity-id="XM-DAC-41114-OUTPUT-00096469">
        <narrative>United Nations development Programme</narrative>
      </receiver-org>
      <disbursement-channel code="2" />
    </transaction>
    <transaction>
      <transaction-type code="11" />
      <transaction-date iso-date="2016-12-31" />
      <value currency="USD" value-date="2016-12-31">678750</value>
      <provider-org type="40" ref="XM-DAC-41114" provider-activity-id="XM-DAC-41114-PROJECT-00090996">
        <narrative>UNITED NATIONS DEVELOPMENT PROGRAMME</narrative>
      </provider-org>
      <receiver-org type="40" ref="XM-DAC-41114" receiver-activity-id="XM-DAC-41114-OUTPUT-00096469">
        <narrative>United Nations development Programme</narrative>
      </receiver-org>
      <disbursement-channel code="2" />
    </transaction>
    <transaction>
      <transaction-type code="11" />
      <transaction-date iso-date="2015-12-31" />
      <value currency="USD" value-date="2015-12-31">115000</value>
      <provider-org type="40" ref="XM-DAC-41114" provider-activity-id="XM-DAC-41114-PROJECT-00090996">
        <narrative>UNITED NATIONS DEVELOPMENT PROGRAMME</narrative>
      </provider-org>
      <receiver-org type="40" ref="XM-DAC-41114" receiver-activity-id="XM-DAC-41114-OUTPUT-00096469">
        <narrative>United Nations development Programme</narrative>
      </receiver-org>
      <disbursement-channel code="2" />
    </transaction>
    <transaction>
      <transaction-type code="4" />
      <transaction-date iso-date="2016-12-31" />
      <value currency="USD" value-date="2016-12-31">328234</value>
      <disbursement-channel code="2" />
    </transaction>
    <transaction>
      <transaction-type code="4" />
      <transaction-date iso-date="2015-12-31" />
      <value currency="USD" value-date="2015-12-31">159</value>
      <disbursement-channel code="2" />
    </transaction>
    <document-link format="text/html" url="http://open.undp.org/#project/00090996">
      <title>
        <narrative>Activity web page</narrative>
      </title>
      <category code="A12" />
    </document-link>
    <related-activity type="1" ref="XM-DAC-41114-PROJECT-00090996" />
    <conditions attached="0" />
  </iati-activity>
  <iati-activity last-updated-datetime="2017-05-01T00:02:02" default-currency="USD" xml:lang="en" hierarchy="1">
    <iati-identifier>XM-DAC-41114-PROJECT-00091747</iati-identifier>
    <reporting-org ref="XM-DAC-41114" type="40">
      <narrative>United Nations Development Programme</narrative>
    </reporting-org>
    <title>
      <narrative>Disaster Risk Management</narrative>
    </title>
    <description type="1">
      <narrative>Strengthening the Resilience of Communities through Community- Based Disaster Risk Management (CBDRM)</narrative>
    </description>
    <participating-org role="4" type="40" ref="XM-DAC-41114">
      <narrative>United Nations Development Programme</narrative>
    </participating-org>
    <participating-org role="2" type="40" ref="XM-DAC-41114">
      <narrative>UNITED NATIONS DEVELOPMENT PROGRAMME</narrative>
    </participating-org>
    <participating-org role="1" type="40" ref="XM-DAC-41114">
      <narrative>UNITED NATIONS DEVELOPMENT PROGRAMME</narrative>
    </participating-org>
    <activity-status code="2" />
    <activity-date type="1" iso-date="2015-11-01" />
    <activity-date type="2" iso-date="2015-11-01" />
    <activity-date type="3" iso-date="2019-12-31" />
    <contact-info type="1">
      <email>registry.kp@undp.org</email>
      <website>http://www.kp.undp.org/</website>
    </contact-info>
    <recipient-country code="KP">
      <narrative>Democr People's Repub of Korea</narrative>
    </recipient-country>
    <sector vocabulary="1" code="74010" />
    <collaboration-type code="4" />
    <default-flow-type code="10" />
    <default-finance-type code="110" />
    <default-aid-type code="C01" />
    <default-tied-status code="3" />
    <document-link format="application/pdf" url="https://info.undp.org/docs/pdc/Documents/PRK/CBDRM_ProDoc_Final_Signed_8Oct2015.pdf">
      <title>
        <narrative>CBDRM Signed Project Document</narrative>
      </title>
      <category code="A01" />
      <category code="A02" />
      <category code="A03" />
      <category code="A04" />
      <category code="A05" />
      <category code="A08" />
      <language code="en" />
    </document-link>
    <document-link format="text/html" url="http://procurement-notices.undp.org/view_notice.cfm?notice_id=31310">
      <title>
        <narrative>Disaster Risk Management</narrative>
      </title>
      <category code="A10" />
      <language code="en" />
    </document-link>
    <document-link format="text/html" url="http://procurement-notices.undp.org/view_notice.cfm?notice_id=33273">
      <title>
        <narrative>Disaster Risk Management</narrative>
      </title>
      <category code="A10" />
      <language code="en" />
    </document-link>
    <document-link format="text/html" url="http://procurement-notices.undp.org/view_notice.cfm?notice_id=33666">
      <title>
        <narrative>Disaster Risk Management</narrative>
      </title>
      <category code="A10" />
      <language code="en" />
    </document-link>
    <document-link format="text/html" url="http://open.undp.org/#project/00091747">
      <title>
        <narrative>Purchase Order Summary</narrative>
      </title>
      <category code="A11" />
      <category code="A12" />
      <language code="en" />
    </document-link>
    <related-activity type="2" ref="XM-DAC-41114-OUTPUT-00096791" />
    <conditions attached="0" />
    <result type="1" aggregation-status="1">
      <title>
        <narrative>Integrated Results and Resources Framework (IRRF)</narrative>
      </title>
      <description>
        <narrative>The IRRF is UNDP’s results framework to monitor and report on its achievements against the Strategic Plan 2014-2017. UNDP publishes country level IRRF results that UNDP’s projects contributed to</narrative>
      </description>
      <indicator ascending="0" measure="1">
        <title>
          <narrative>Output Indicator 5.4.1.A.1.1</narrative>
        </title>
        <description>
          <narrative>Number of end-to-end early warning systems for man-made crisis and all major natural hazards (e.g. geo-physical and climate-induced hazards)</narrative>
        </description>
        <baseline year="2013" value="0" />
        <period>
          <period-start iso-date="2016-01-01" />
          <period-end iso-date="2016-12-31" />
          <target value="8">
            <location ref="KP" />
          </target>
          <actual value="10">
            <location ref="KP" />
          </actual>
        </period>
        <period>
          <period-start iso-date="2017-01-01" />
          <period-end iso-date="2017-12-31" />
          <target value="8">
            <location ref="KP" />
          </target>
          <actual value="10">
            <location ref="KP" />
          </actual>
        </period>
      </indicator>
      <indicator ascending="0" measure="1">
        <title>
          <narrative>Output Indicator 5.4.2.A.1.1</narrative>
        </title>
        <description>
          <narrative>Number of preparedness plans that cover only response</narrative>
        </description>
        <baseline year="2013" value="0" />
        <period>
          <period-start iso-date="2016-01-01" />
          <period-end iso-date="2016-12-31" />
          <target value="10">
            <location ref="KP" />
          </target>
          <actual value="10">
            <location ref="KP" />
          </actual>
        </period>
        <period>
          <period-start iso-date="2017-01-01" />
          <period-end iso-date="2017-12-31" />
          <target value="10">
            <location ref="KP" />
          </target>
          <actual value="10">
            <location ref="KP" />
          </actual>
        </period>
      </indicator>
      <indicator ascending="0" measure="1">
        <title>
          <narrative>Output Indicator 5.4.2.A.1.2</narrative>
        </title>
        <description>
          <narrative>Number of preparedness plans that cover response AND recovery</narrative>
        </description>
        <baseline year="2013" value="0" />
        <period>
          <period-start iso-date="2016-01-01" />
          <period-end iso-date="2016-12-31" />
          <target value="13">
            <location ref="KP" />
          </target>
          <actual value="10">
            <location ref="KP" />
          </actual>
        </period>
        <period>
          <period-start iso-date="2017-01-01" />
          <period-end iso-date="2017-12-31" />
          <target value="13">
            <location ref="KP" />
          </target>
          <actual value="10">
            <location ref="KP" />
          </actual>
        </period>
      </indicator>
    </result>
  </iati-activity>
  <iati-activity last-updated-datetime="2017-05-01T00:02:02" default-currency="USD" xml:lang="en" hierarchy="2">
    <iati-identifier>XM-DAC-41114-OUTPUT-00096791</iati-identifier>
    <reporting-org ref="XM-DAC-41114" type="40">
      <narrative>United Nations Development Programme</narrative>
    </reporting-org>
    <title>
      <narrative>Disaster Risk Management</narrative>
    </title>
    <description type="1">
      <narrative>Strengthening the Resilience of Communities through Community- Based Disaster Risk Management (CBDRM)</narrative>
    </description>
    <participating-org role="1" type="40" ref="XM-DAC-41114">
      <narrative>UNITED NATIONS DEVELOPMENT PROGRAMME</narrative>
    </participating-org>
    <activity-status code="2" />
    <activity-date type="1" iso-date="2015-11-01" />
    <activity-date type="2" iso-date="2015-11-01" />
    <activity-date type="3" iso-date="2019-12-31" />
    <contact-info type="1">
      <email>registry.kp@undp.org</email>
      <website>http://www.kp.undp.org/</website>
    </contact-info>
    <recipient-country code="KP">
      <narrative>Democr People's Repub of Korea</narrative>
    </recipient-country>
    <sector vocabulary="1" code="74010" />
    <sector vocabulary="99" code="5">
      <narrative>Climate Change &amp; Disaster Resilience</narrative>
    </sector>
    <country-budget-items vocabulary="1">
      <budget-item code="5.4.11" percentage="100">
        <description>
          <narrative>Social Protection, Land Housing and Community Amenities - disaster prevention and preparedness</narrative>
        </description>
      </budget-item>
    </country-budget-items>
    <policy-marker vocabulary="1" code="1" significance="0" />
    <collaboration-type code="4" />
    <default-flow-type code="10" />
    <default-finance-type code="110" />
    <default-aid-type code="C01" />
    <default-tied-status code="3" />
    <budget type="2" status="2">
      <period-start iso-date="2017-01-01" />
      <period-end iso-date="2017-12-31" />
      <value currency="USD" value-date="2017-04-30">1201822</value>
    </budget>
    <budget type="2" status="2">
      <period-start iso-date="2019-01-01" />
      <period-end iso-date="2019-12-31" />
      <value currency="USD" value-date="2017-04-30">515600</value>
    </budget>
    <budget type="2" status="2">
      <period-start iso-date="2018-01-01" />
      <period-end iso-date="2018-12-31" />
      <value currency="USD" value-date="2017-04-30">430932</value>
    </budget>
    <budget type="2" status="2">
      <period-start iso-date="2016-01-01" />
      <period-end iso-date="2016-12-31" />
      <value currency="USD" value-date="2016-12-31">2027250</value>
    </budget>
    <budget type="2" status="2">
      <period-start iso-date="2015-01-01" />
      <period-end iso-date="2015-12-31" />
      <value currency="USD" value-date="2015-12-31">71700</value>
    </budget>
    <transaction>
      <transaction-type code="4" />
      <transaction-date iso-date="2017-04-30" />
      <value currency="USD" value-date="2017-04-30">239134</value>
      <provider-org ref="XM-DAC-41114">
        <narrative>United Nations development Programme</narrative>
      </provider-org>
      <disbursement-channel code="2" />
    </transaction>
    <transaction>
      <transaction-type code="11" />
      <transaction-date iso-date="2019-12-31" />
      <value currency="USD" value-date="2019-12-31">515600</value>
      <provider-org type="40" ref="XM-DAC-41114" provider-activity-id="XM-DAC-41114-PROJECT-00091747">
        <narrative>UNITED NATIONS DEVELOPMENT PROGRAMME</narrative>
      </provider-org>
      <receiver-org type="40" ref="XM-DAC-41114" receiver-activity-id="XM-DAC-41114-OUTPUT-00096791">
        <narrative>United Nations development Programme</narrative>
      </receiver-org>
      <disbursement-channel code="2" />
    </transaction>
    <transaction>
      <transaction-type code="11" />
      <transaction-date iso-date="2018-12-31" />
      <value currency="USD" value-date="2018-12-31">430932</value>
      <provider-org type="40" ref="XM-DAC-41114" provider-activity-id="XM-DAC-41114-PROJECT-00091747">
        <narrative>UNITED NATIONS DEVELOPMENT PROGRAMME</narrative>
      </provider-org>
      <receiver-org type="40" ref="XM-DAC-41114" receiver-activity-id="XM-DAC-41114-OUTPUT-00096791">
        <narrative>United Nations development Programme</narrative>
      </receiver-org>
      <disbursement-channel code="2" />
    </transaction>
    <transaction>
      <transaction-type code="11" />
      <transaction-date iso-date="2017-04-30" />
      <value currency="USD" value-date="2017-04-30">1201822</value>
      <provider-org type="40" ref="XM-DAC-41114" provider-activity-id="XM-DAC-41114-PROJECT-00091747">
        <narrative>UNITED NATIONS DEVELOPMENT PROGRAMME</narrative>
      </provider-org>
      <receiver-org type="40" ref="XM-DAC-41114" receiver-activity-id="XM-DAC-41114-OUTPUT-00096791">
        <narrative>United Nations development Programme</narrative>
      </receiver-org>
      <disbursement-channel code="2" />
    </transaction>
    <transaction>
      <transaction-type code="11" />
      <transaction-date iso-date="2016-12-31" />
      <value currency="USD" value-date="2016-12-31">2027250</value>
      <provider-org type="40" ref="XM-DAC-41114" provider-activity-id="XM-DAC-41114-PROJECT-00091747">
        <narrative>UNITED NATIONS DEVELOPMENT PROGRAMME</narrative>
      </provider-org>
      <receiver-org type="40" ref="XM-DAC-41114" receiver-activity-id="XM-DAC-41114-OUTPUT-00096791">
        <narrative>United Nations development Programme</narrative>
      </receiver-org>
      <disbursement-channel code="2" />
    </transaction>
    <transaction>
      <transaction-type code="11" />
      <transaction-date iso-date="2015-12-31" />
      <value currency="USD" value-date="2015-12-31">71700</value>
      <provider-org type="40" ref="XM-DAC-41114" provider-activity-id="XM-DAC-41114-PROJECT-00091747">
        <narrative>UNITED NATIONS DEVELOPMENT PROGRAMME</narrative>
      </provider-org>
      <receiver-org type="40" ref="XM-DAC-41114" receiver-activity-id="XM-DAC-41114-OUTPUT-00096791">
        <narrative>United Nations development Programme</narrative>
      </receiver-org>
      <disbursement-channel code="2" />
    </transaction>
    <transaction>
      <transaction-type code="4" />
      <transaction-date iso-date="2016-12-31" />
      <value currency="USD" value-date="2016-12-31">1714726</value>
      <disbursement-channel code="2" />
    </transaction>
    <transaction>
      <transaction-type code="4" />
      <transaction-date iso-date="2015-12-31" />
      <value currency="USD" value-date="2015-12-31">38</value>
      <disbursement-channel code="2" />
    </transaction>
    <document-link format="text/html" url="http://open.undp.org/#project/00091747">
      <title>
        <narrative>Activity web page</narrative>
      </title>
      <category code="A12" />
    </document-link>
    <related-activity type="1" ref="XM-DAC-41114-PROJECT-00091747" />
    <conditions attached="0" />
  </iati-activity>
</iati-activities>