﻿<?xml version="1.0" encoding="UTF-8" standalone="yes"?>
<!--IATI Publications - UNDP Development Projects by Countries-->
<iati-activities xmlns:xsi="http://www.w3.org/2001/XMLSchema-instance" xmlns:xsd="http://www.w3.org/2001/XMLSchema" generated-datetime="2017-05-23T10:57:36" version="2.02">
  <!--Dominica-->
  <iati-activity last-updated-datetime="2017-05-01T00:02:02" default-currency="USD" xml:lang="es" hierarchy="1">
    <iati-identifier>XM-DAC-41114-PROJECT-00082944</iati-identifier>
    <reporting-org ref="XM-DAC-41114" type="40">
      <narrative>United Nations Development Programme</narrative>
    </reporting-org>
    <title>
      <narrative>Supporting Sustainable Ecosystems</narrative>
    </title>
    <description type="1">
      <narrative>Supporting Sustainable Ecosystems by Strengthening the Effectiveness of Dominica’s Protected Areas System</narrative>
    </description>
    <participating-org role="4" type="10" ref="00193">
      <narrative>Government of Dominica</narrative>
    </participating-org>
    <participating-org role="2" type="40" ref="XM-DAC-41114">
      <narrative>UNITED NATIONS DEVELOPMENT PROGRAMME</narrative>
    </participating-org>
    <participating-org role="1" type="40" ref="10003">
      <narrative>Global Environment Fund Truste</narrative>
    </participating-org>
    <activity-status code="2" />
    <activity-date type="1" iso-date="2016-02-01" />
    <activity-date type="2" iso-date="2016-02-01" />
    <activity-date type="3" iso-date="2020-02-29" />
    <contact-info type="1">
      <email>
      </email>
      <website>
      </website>
    </contact-info>
    <recipient-country code="DM">
      <narrative>Dominica</narrative>
    </recipient-country>
    <sector vocabulary="1" code="23030" />
    <collaboration-type code="4" />
    <default-flow-type code="10" />
    <default-finance-type code="110" />
    <default-aid-type code="C01" />
    <default-tied-status code="3" />
    <document-link format="application/pdf" url="https://info.undp.org/docs/pdc/Documents/DMA/PIMS%205089%20Dominica%20SSE%20PAC%20minutes.pdf">
      <title>
        <narrative>PAC Minutes Supporting Sustainable Ecosytems 00091618</narrative>
      </title>
      <category code="A01" />
      <category code="A02" />
      <category code="A03" />
      <category code="A04" />
      <category code="A05" />
      <category code="A08" />
      <language code="en" />
    </document-link>
    <document-link format="application/pdf" url="https://info.undp.org/docs/pdc/Documents/DMA/PIMS%205089%20Dominica%20NPAS%20%20-%20ProDoc%20GEFSEC%20approved%20signed.pdf">
      <title>
        <narrative>Supporting Sustainable Ecosystem by Strengthening the Effectivenss of Dominica's PA system</narrative>
      </title>
      <category code="A01" />
      <category code="A02" />
      <category code="A03" />
      <category code="A04" />
      <category code="A05" />
      <category code="A08" />
      <language code="en" />
    </document-link>
    <document-link format="application/pdf" url="https://info.undp.org/docs/pdc/Documents/DMA/LOA%20between%20UNDP%20and%20Dominica%20for%20the%20Provision%20of%20Support%20Services.pdf">
      <title>
        <narrative>LOA between UNDP and Dominica for the Provision of Support Services</narrative>
      </title>
      <category code="A09" />
      <language code="en" />
    </document-link>
    <document-link format="text/html" url="http://procurement-notices.undp.org/view_notice.cfm?notice_id=31130">
      <title>
        <narrative>Supporting Sustainable Ecosystems</narrative>
      </title>
      <category code="A10" />
      <language code="en" />
    </document-link>
    <document-link format="text/html" url="http://procurement-notices.undp.org/view_notice.cfm?notice_id=34777">
      <title>
        <narrative>Supporting Sustainable Ecosystems</narrative>
      </title>
      <category code="A10" />
      <language code="en" />
    </document-link>
    <document-link format="text/html" url="http://open.undp.org/#project/00082944">
      <title>
        <narrative>Purchase Order Summary</narrative>
      </title>
      <category code="A11" />
      <category code="A12" />
      <language code="en" />
    </document-link>
    <related-activity type="2" ref="XM-DAC-41114-OUTPUT-00091618" />
    <conditions attached="0" />
  </iati-activity>
  <iati-activity last-updated-datetime="2017-05-01T00:02:02" default-currency="USD" xml:lang="es" hierarchy="2">
    <iati-identifier>XM-DAC-41114-OUTPUT-00091618</iati-identifier>
    <reporting-org ref="XM-DAC-41114" type="40">
      <narrative>United Nations Development Programme</narrative>
    </reporting-org>
    <title>
      <narrative>Supporting Sustainable Ecosyst</narrative>
    </title>
    <description type="1">
      <narrative>Supporting Sustainable Ecosystems by Strengthening the Effectiveness of Dominica’s Protected Areas System in Dominica</narrative>
    </description>
    <participating-org role="1" type="40" ref="10003">
      <narrative>Global Environment Fund Truste</narrative>
    </participating-org>
    <activity-status code="2" />
    <activity-date type="1" iso-date="2016-02-01" />
    <activity-date type="2" iso-date="2016-02-01" />
    <activity-date type="3" iso-date="2020-02-29" />
    <contact-info type="1">
      <email>
      </email>
      <website>
      </website>
    </contact-info>
    <recipient-country code="DM">
      <narrative>Dominica</narrative>
    </recipient-country>
    <sector vocabulary="1" code="23030" />
    <sector vocabulary="99" code="1">
      <narrative>Inclusive &amp; Sustainable Growth</narrative>
    </sector>
    <country-budget-items vocabulary="1">
      <budget-item code="3.6.6" percentage="100">
        <description>
          <narrative>Energy - power generation</narrative>
        </description>
      </budget-item>
    </country-budget-items>
    <policy-marker vocabulary="1" code="1" significance="0" />
    <collaboration-type code="4" />
    <default-flow-type code="10" />
    <default-finance-type code="110" />
    <default-aid-type code="C01" />
    <default-tied-status code="3" />
    <budget type="2" status="2">
      <period-start iso-date="2017-01-01" />
      <period-end iso-date="2017-12-31" />
      <value currency="USD" value-date="2017-04-30">622548</value>
    </budget>
    <budget type="2" status="2">
      <period-start iso-date="2019-01-01" />
      <period-end iso-date="2019-12-31" />
      <value currency="USD" value-date="2017-04-30">489501</value>
    </budget>
    <budget type="2" status="2">
      <period-start iso-date="2018-01-01" />
      <period-end iso-date="2018-12-31" />
      <value currency="USD" value-date="2017-04-30">559105</value>
    </budget>
    <budget type="2" status="2">
      <period-start iso-date="2016-01-01" />
      <period-end iso-date="2016-12-31" />
      <value currency="USD" value-date="2016-12-31">74000</value>
    </budget>
    <transaction>
      <transaction-type code="4" />
      <transaction-date iso-date="2017-04-30" />
      <value currency="USD" value-date="2017-04-30">21533</value>
      <provider-org ref="XM-DAC-41114">
        <narrative>United Nations development Programme</narrative>
      </provider-org>
      <disbursement-channel code="2" />
    </transaction>
    <transaction>
      <transaction-type code="11" />
      <transaction-date iso-date="2019-12-31" />
      <value currency="USD" value-date="2019-12-31">489501</value>
      <provider-org type="40" ref="10003">
        <narrative>Global Environment Fund Truste</narrative>
      </provider-org>
      <receiver-org type="40" ref="XM-DAC-41114" receiver-activity-id="XM-DAC-41114-OUTPUT-00091618">
        <narrative>United Nations development Programme</narrative>
      </receiver-org>
      <disbursement-channel code="2" />
    </transaction>
    <transaction>
      <transaction-type code="11" />
      <transaction-date iso-date="2018-12-31" />
      <value currency="USD" value-date="2018-12-31">559105</value>
      <provider-org type="40" ref="10003">
        <narrative>Global Environment Fund Truste</narrative>
      </provider-org>
      <receiver-org type="40" ref="XM-DAC-41114" receiver-activity-id="XM-DAC-41114-OUTPUT-00091618">
        <narrative>United Nations development Programme</narrative>
      </receiver-org>
      <disbursement-channel code="2" />
    </transaction>
    <transaction>
      <transaction-type code="11" />
      <transaction-date iso-date="2017-04-30" />
      <value currency="USD" value-date="2017-04-30">622548</value>
      <provider-org type="40" ref="10003">
        <narrative>Global Environment Fund Truste</narrative>
      </provider-org>
      <receiver-org type="40" ref="XM-DAC-41114" receiver-activity-id="XM-DAC-41114-OUTPUT-00091618">
        <narrative>United Nations development Programme</narrative>
      </receiver-org>
      <disbursement-channel code="2" />
    </transaction>
    <transaction>
      <transaction-type code="11" />
      <transaction-date iso-date="2016-12-31" />
      <value currency="USD" value-date="2016-12-31">74000</value>
      <provider-org type="40" ref="10003">
        <narrative>Global Environment Fund Truste</narrative>
      </provider-org>
      <receiver-org type="40" ref="XM-DAC-41114" receiver-activity-id="XM-DAC-41114-OUTPUT-00091618">
        <narrative>United Nations development Programme</narrative>
      </receiver-org>
      <disbursement-channel code="2" />
    </transaction>
    <transaction>
      <transaction-type code="4" />
      <transaction-date iso-date="2016-12-31" />
      <value currency="USD" value-date="2016-12-31">36241</value>
      <disbursement-channel code="2" />
    </transaction>
    <document-link format="text/html" url="http://open.undp.org/#project/00082944">
      <title>
        <narrative>Activity web page</narrative>
      </title>
      <category code="A12" />
    </document-link>
    <related-activity type="1" ref="XM-DAC-41114-PROJECT-00082944" />
    <conditions attached="0" />
  </iati-activity>
  <iati-activity last-updated-datetime="2017-05-01T00:02:02" default-currency="USD" xml:lang="es" hierarchy="1">
    <iati-identifier>XM-DAC-41114-PROJECT-00082947</iati-identifier>
    <reporting-org ref="XM-DAC-41114" type="40">
      <narrative>United Nations Development Programme</narrative>
    </reporting-org>
    <title>
      <narrative>Low Carbon Development Path</narrative>
    </title>
    <description type="1">
      <narrative>Low Carbon Development Path: Promoting energy efficient lighting and solar photovoltaic technologies in streets, outdoor areas and public buildings in island communities nationwide in Dominica</narrative>
    </description>
    <participating-org role="4" type="10" ref="00193">
      <narrative>Government of Dominica</narrative>
    </participating-org>
    <participating-org role="2" type="40" ref="XM-DAC-41114">
      <narrative>UNITED NATIONS DEVELOPMENT PROGRAMME</narrative>
    </participating-org>
    <participating-org role="1" type="40" ref="10003">
      <narrative>Global Environment Fund Truste</narrative>
    </participating-org>
    <activity-status code="2" />
    <activity-date type="1" iso-date="2016-11-01" />
    <activity-date type="2" iso-date="2016-11-01" />
    <activity-date type="3" iso-date="2020-10-31" />
    <contact-info type="1">
      <email>
      </email>
      <website>
      </website>
    </contact-info>
    <recipient-country code="DM">
      <narrative>Dominica</narrative>
    </recipient-country>
    <sector vocabulary="1" code="23030" />
    <collaboration-type code="4" />
    <default-flow-type code="10" />
    <default-finance-type code="110" />
    <default-aid-type code="C01" />
    <default-tied-status code="3" />
    <document-link format="application/pdf" url="http://www.bb.undp.org/content/dam/barbados/docs/legal_framework/UNDAF%20Barbados%20and%20OECS%202012-2016.pdf">
      <title>
        <narrative>UNDAF%20Barbados%20and%20OECS%202012-2016</narrative>
      </title>
      <category code="A09" />
      <language code="en" />
    </document-link>
    <document-link format="text/html" url="http://procurement-notices.undp.org/index.cfm">
      <title>
        <narrative>Request for Procurement</narrative>
      </title>
      <category code="A10" />
      <language code="en" />
    </document-link>
    <document-link format="text/html" url="http://open.undp.org/#project/00082947">
      <title>
        <narrative>Purchase Order Summary</narrative>
      </title>
      <category code="A11" />
      <category code="A12" />
      <language code="en" />
    </document-link>
    <related-activity type="2" ref="XM-DAC-41114-OUTPUT-00091623" />
    <conditions attached="0" />
  </iati-activity>
  <iati-activity last-updated-datetime="2017-05-01T00:02:02" default-currency="USD" xml:lang="es" hierarchy="2">
    <iati-identifier>XM-DAC-41114-OUTPUT-00091623</iati-identifier>
    <reporting-org ref="XM-DAC-41114" type="40">
      <narrative>United Nations Development Programme</narrative>
    </reporting-org>
    <title>
      <narrative>Dom - Low Carbon Dev Path</narrative>
    </title>
    <description type="1">
      <narrative>Low Carbon Development Path: Promoting energy efficient lighting and solar photovoltaic technologies in streets, outdoor areas and public buildings in island communities nationwide</narrative>
    </description>
    <participating-org role="1" type="40" ref="10003">
      <narrative>Global Environment Fund Truste</narrative>
    </participating-org>
    <activity-status code="2" />
    <activity-date type="1" iso-date="2016-11-01" />
    <activity-date type="2" iso-date="2016-11-01" />
    <activity-date type="3" iso-date="2020-10-31" />
    <contact-info type="1">
      <email>
      </email>
      <website>
      </website>
    </contact-info>
    <recipient-country code="DM">
      <narrative>Dominica</narrative>
    </recipient-country>
    <sector vocabulary="1" code="23030" />
    <sector vocabulary="99" code="1">
      <narrative>Inclusive &amp; Sustainable Growth</narrative>
    </sector>
    <country-budget-items vocabulary="1">
      <budget-item code="3.6.6" percentage="100">
        <description>
          <narrative>Energy - power generation</narrative>
        </description>
      </budget-item>
    </country-budget-items>
    <policy-marker vocabulary="1" code="1" significance="0" />
    <collaboration-type code="4" />
    <default-flow-type code="10" />
    <default-finance-type code="110" />
    <default-aid-type code="C01" />
    <default-tied-status code="3" />
    <budget type="2" status="2">
      <period-start iso-date="2017-01-01" />
      <period-end iso-date="2017-12-31" />
      <value currency="USD" value-date="2017-04-30">478032</value>
    </budget>
    <budget type="2" status="2">
      <period-start iso-date="2019-01-01" />
      <period-end iso-date="2019-12-31" />
      <value currency="USD" value-date="2017-04-30">253728</value>
    </budget>
    <budget type="2" status="2">
      <period-start iso-date="2018-01-01" />
      <period-end iso-date="2018-12-31" />
      <value currency="USD" value-date="2017-04-30">990756</value>
    </budget>
    <budget type="2" status="2">
      <period-start iso-date="2016-01-01" />
      <period-end iso-date="2016-12-31" />
      <value currency="USD" value-date="2016-12-31">3968</value>
    </budget>
    <transaction>
      <transaction-type code="4" />
      <transaction-date iso-date="2017-04-30" />
      <value currency="USD" value-date="2017-04-30">17814</value>
      <provider-org ref="XM-DAC-41114">
        <narrative>United Nations development Programme</narrative>
      </provider-org>
      <disbursement-channel code="2" />
    </transaction>
    <transaction>
      <transaction-type code="11" />
      <transaction-date iso-date="2019-12-31" />
      <value currency="USD" value-date="2019-12-31">253728</value>
      <provider-org type="40" ref="10003">
        <narrative>Global Environment Fund Truste</narrative>
      </provider-org>
      <receiver-org type="40" ref="XM-DAC-41114" receiver-activity-id="XM-DAC-41114-OUTPUT-00091623">
        <narrative>United Nations development Programme</narrative>
      </receiver-org>
      <disbursement-channel code="2" />
    </transaction>
    <transaction>
      <transaction-type code="11" />
      <transaction-date iso-date="2018-12-31" />
      <value currency="USD" value-date="2018-12-31">990756</value>
      <provider-org type="40" ref="10003">
        <narrative>Global Environment Fund Truste</narrative>
      </provider-org>
      <receiver-org type="40" ref="XM-DAC-41114" receiver-activity-id="XM-DAC-41114-OUTPUT-00091623">
        <narrative>United Nations development Programme</narrative>
      </receiver-org>
      <disbursement-channel code="2" />
    </transaction>
    <transaction>
      <transaction-type code="11" />
      <transaction-date iso-date="2017-04-30" />
      <value currency="USD" value-date="2017-04-30">478032</value>
      <provider-org type="40" ref="10003">
        <narrative>Global Environment Fund Truste</narrative>
      </provider-org>
      <receiver-org type="40" ref="XM-DAC-41114" receiver-activity-id="XM-DAC-41114-OUTPUT-00091623">
        <narrative>United Nations development Programme</narrative>
      </receiver-org>
      <disbursement-channel code="2" />
    </transaction>
    <transaction>
      <transaction-type code="11" />
      <transaction-date iso-date="2016-12-31" />
      <value currency="USD" value-date="2016-12-31">3968</value>
      <provider-org type="40" ref="10003">
        <narrative>Global Environment Fund Truste</narrative>
      </provider-org>
      <receiver-org type="40" ref="XM-DAC-41114" receiver-activity-id="XM-DAC-41114-OUTPUT-00091623">
        <narrative>United Nations development Programme</narrative>
      </receiver-org>
      <disbursement-channel code="2" />
    </transaction>
    <transaction>
      <transaction-type code="4" />
      <transaction-date iso-date="2016-12-31" />
      <value currency="USD" value-date="2016-12-31">3968</value>
      <disbursement-channel code="2" />
    </transaction>
    <document-link format="text/html" url="http://open.undp.org/#project/00082947">
      <title>
        <narrative>Activity web page</narrative>
      </title>
      <category code="A12" />
    </document-link>
    <related-activity type="1" ref="XM-DAC-41114-PROJECT-00082947" />
    <conditions attached="0" />
  </iati-activity>
</iati-activities>