﻿<?xml version="1.0" encoding="UTF-8" standalone="yes"?>
<!--IATI Publications - UNDP Development Projects by Countries-->
<iati-activities xmlns:xsi="http://www.w3.org/2001/XMLSchema-instance" xmlns:xsd="http://www.w3.org/2001/XMLSchema" generated-datetime="2017-05-23T10:57:19" version="2.02">
  <!--Kiribati-->
  <iati-activity last-updated-datetime="2017-05-01T00:02:02" default-currency="USD" xml:lang="en" hierarchy="1">
    <iati-identifier>XM-DAC-41114-PROJECT-00083621</iati-identifier>
    <reporting-org ref="XM-DAC-41114" type="40">
      <narrative>United Nations Development Programme</narrative>
    </reporting-org>
    <title>
      <narrative>KI National Capacity Building (CB2/CCCD)</narrative>
    </title>
    <description type="1">
      <narrative>This project will help with capacity building for mainstreaming Multilateral Environmental Agreements (MEA) objectives into inter-ministerial structures and mechanisms</narrative>
    </description>
    <participating-org role="4" type="10" ref="01224">
      <narrative>National Execution</narrative>
    </participating-org>
    <participating-org role="2" type="40" ref="XM-DAC-41114">
      <narrative>UNITED NATIONS DEVELOPMENT PROGRAMME</narrative>
    </participating-org>
    <participating-org role="1" type="40" ref="10003">
      <narrative>Global Environment Fund Truste</narrative>
    </participating-org>
    <activity-status code="2" />
    <activity-date type="1" iso-date="2014-09-25" />
    <activity-date type="2" iso-date="2014-09-25" />
    <activity-date type="3" iso-date="2017-12-31" />
    <contact-info type="1">
      <email>registry.fj@undp.org</email>
      <website>http://www.fj.undp.org/</website>
    </contact-info>
    <recipient-country code="KI">
      <narrative>Kiribati</narrative>
    </recipient-country>
    <sector vocabulary="1" code="23010" />
    <collaboration-type code="4" />
    <default-flow-type code="10" />
    <default-finance-type code="110" />
    <default-aid-type code="C01" />
    <default-tied-status code="3" />
    <document-link format="application/msword" url="https://info.undp.org/docs/pdc/Documents/KIR/4936_CCCD_Kiribati_ProDoc%2030%20Jun%202014-1_v0.docx">
      <title>
        <narrative>Integrating global environmental priorities into national policies and programmes</narrative>
      </title>
      <category code="A01" />
      <category code="A02" />
      <category code="A03" />
      <category code="A04" />
      <category code="A05" />
      <category code="A08" />
      <language code="en" />
    </document-link>
    <document-link format="application/pdf" url="https://info.undp.org/docs/pdc/Documents/KIR/4936_CCCD_Kiribati_DoA.pdf">
      <title>
        <narrative>4936_CCCD_Kiribati_DoA</narrative>
      </title>
      <category code="A05" />
      <language code="en" />
    </document-link>
    <document-link format="application/pdf" url="https://info.undp.org/docs/pdc/Documents/KIR/Kiribati%20CB2-CCCD%20Project_revised%202015%20AWP_Sep2015.pdf">
      <title>
        <narrative>Kiribati CB2CCCD Project_revised 2015 AWP_Sep2015</narrative>
      </title>
      <category code="A05" />
      <language code="en" />
    </document-link>
    <document-link format="application/pdf" url="http://www.fj.undp.org/content/dam/fiji/docs/SBBA/SBAA_Kir.pdf">
      <title>
        <narrative>SBAA_Kir</narrative>
      </title>
      <category code="A09" />
      <language code="en" />
    </document-link>
    <document-link format="text/html" url="http://procurement-notices.undp.org/view_notice.cfm?notice_id=28612">
      <title>
        <narrative>KI National Capacity Building (CB2/CCCD)</narrative>
      </title>
      <category code="A10" />
      <language code="en" />
    </document-link>
    <document-link format="text/html" url="http://procurement-notices.undp.org/view_notice.cfm?notice_id=28613">
      <title>
        <narrative>KI National Capacity Building (CB2/CCCD)</narrative>
      </title>
      <category code="A10" />
      <language code="en" />
    </document-link>
    <document-link format="text/html" url="http://open.undp.org/#project/00083621">
      <title>
        <narrative>Purchase Order Summary</narrative>
      </title>
      <category code="A11" />
      <category code="A12" />
      <language code="en" />
    </document-link>
    <related-activity type="2" ref="XM-DAC-41114-OUTPUT-00092010" />
    <conditions attached="0" />
    <result type="1" aggregation-status="1">
      <title>
        <narrative>Integrated Results and Resources Framework (IRRF)</narrative>
      </title>
      <description>
        <narrative>The IRRF is UNDP’s results framework to monitor and report on its achievements against the Strategic Plan 2014-2017. UNDP publishes country level IRRF results that UNDP’s projects contributed to</narrative>
      </description>
      <indicator ascending="0" measure="1">
        <title>
          <narrative>Output Indicator 1.3.2.A.1.1</narrative>
        </title>
        <description>
          <narrative>Number of additional males benefitting from livelihoods strengthened through solutions for management of natural resources, ecosystem services, chemicals and waste</narrative>
        </description>
        <baseline year="2013" value="0" />
        <period>
          <period-start iso-date="2016-01-01" />
          <period-end iso-date="2016-12-31" />
          <target value="12">
            <location ref="KI" />
          </target>
          <actual value="12">
            <location ref="KI" />
          </actual>
        </period>
        <period>
          <period-start iso-date="2017-01-01" />
          <period-end iso-date="2017-12-31" />
          <target value="12">
            <location ref="KI" />
          </target>
          <actual value="12">
            <location ref="KI" />
          </actual>
        </period>
      </indicator>
      <indicator ascending="0" measure="1">
        <title>
          <narrative>Output Indicator 1.3.2.A.2.1</narrative>
        </title>
        <description>
          <narrative>Number of additional females benefitting from livelihoods strengthened through solutions for management of natural resources, ecosystem services, chemicals and waste</narrative>
        </description>
        <baseline year="2013" value="0" />
        <period>
          <period-start iso-date="2016-01-01" />
          <period-end iso-date="2016-12-31" />
          <target value="11">
            <location ref="KI" />
            <dimension name="sex" value="female" />
          </target>
          <actual value="11">
            <location ref="KI" />
            <dimension name="sex" value="female" />
          </actual>
        </period>
        <period>
          <period-start iso-date="2017-01-01" />
          <period-end iso-date="2017-12-31" />
          <target value="11">
            <location ref="KI" />
            <dimension name="sex" value="female" />
          </target>
          <actual value="11">
            <location ref="KI" />
            <dimension name="sex" value="female" />
          </actual>
        </period>
      </indicator>
      <indicator ascending="0" measure="1">
        <title>
          <narrative>Output Indicator 1.3.2.A.3.1</narrative>
        </title>
        <description>
          <narrative>Total number of additional people benefitting from livelihoods strengthened through solutions for management of natural resources, ecosystem services, chemicals and waste</narrative>
        </description>
        <baseline year="2013" value="0" />
        <period>
          <period-start iso-date="2016-01-01" />
          <period-end iso-date="2016-12-31" />
          <target value="23">
            <location ref="KI" />
          </target>
          <actual value="23">
            <location ref="KI" />
          </actual>
        </period>
        <period>
          <period-start iso-date="2017-01-01" />
          <period-end iso-date="2017-12-31" />
          <target value="23">
            <location ref="KI" />
          </target>
          <actual value="23">
            <location ref="KI" />
          </actual>
        </period>
      </indicator>
      <indicator ascending="0" measure="1">
        <title>
          <narrative>Output Indicator 1.3.2.B.3.1</narrative>
        </title>
        <description>
          <narrative>Total number of people above 15 years of age who acquired new jobs through a UNDP-supported project on NRM, ecosystems services, chemicals and waste</narrative>
        </description>
        <baseline year="2013" value="0" />
        <period>
          <period-start iso-date="2016-01-01" />
          <period-end iso-date="2016-12-31" />
          <target value="0">
            <location ref="KI" />
          </target>
          <actual value="0">
            <location ref="KI" />
          </actual>
        </period>
        <period>
          <period-start iso-date="2017-01-01" />
          <period-end iso-date="2017-12-31" />
          <target value="0">
            <location ref="KI" />
          </target>
          <actual value="0">
            <location ref="KI" />
          </actual>
        </period>
      </indicator>
    </result>
  </iati-activity>
  <iati-activity last-updated-datetime="2017-05-01T00:02:02" default-currency="USD" xml:lang="en" hierarchy="2">
    <iati-identifier>XM-DAC-41114-OUTPUT-00092010</iati-identifier>
    <reporting-org ref="XM-DAC-41114" type="40">
      <narrative>United Nations Development Programme</narrative>
    </reporting-org>
    <title>
      <narrative>Improve Info Mgt &amp; Compliance</narrative>
    </title>
    <description type="1">
      <narrative>To improve information management and compliance monitoring in order to achieve global environmental benefits, in accordance with the three Rio Conventions on climate change, biodiversity conservation, and desertification.</narrative>
    </description>
    <participating-org role="1" type="40" ref="10003">
      <narrative>Global Environment Fund Truste</narrative>
    </participating-org>
    <activity-status code="2" />
    <activity-date type="1" iso-date="2014-09-25" />
    <activity-date type="2" iso-date="2014-09-25" />
    <activity-date type="3" iso-date="2017-12-31" />
    <contact-info type="1">
      <email>registry.fj@undp.org</email>
      <website>http://www.fj.undp.org/</website>
    </contact-info>
    <recipient-country code="KI">
      <narrative>Kiribati</narrative>
    </recipient-country>
    <sector vocabulary="1" code="23010" />
    <sector vocabulary="99" code="1">
      <narrative>Inclusive &amp; Sustainable Growth</narrative>
    </sector>
    <country-budget-items vocabulary="1">
      <budget-item code="3.6.1" percentage="100">
        <description>
          <narrative>Energy - policy, planning and administration</narrative>
        </description>
      </budget-item>
    </country-budget-items>
    <policy-marker vocabulary="1" code="1" significance="0" />
    <collaboration-type code="4" />
    <default-flow-type code="10" />
    <default-finance-type code="110" />
    <default-aid-type code="C01" />
    <default-tied-status code="3" />
    <budget type="2" status="2">
      <period-start iso-date="2017-01-01" />
      <period-end iso-date="2017-12-31" />
      <value currency="USD" value-date="2017-04-30">187693</value>
    </budget>
    <budget type="2" status="2">
      <period-start iso-date="2018-01-01" />
      <period-end iso-date="2018-12-31" />
      <value currency="USD" value-date="2017-04-30">109437</value>
    </budget>
    <budget type="2" status="2">
      <period-start iso-date="2016-01-01" />
      <period-end iso-date="2016-12-31" />
      <value currency="USD" value-date="2016-12-31">225907</value>
    </budget>
    <budget type="2" status="2">
      <period-start iso-date="2015-01-01" />
      <period-end iso-date="2015-12-31" />
      <value currency="USD" value-date="2015-12-31">17635</value>
    </budget>
    <transaction>
      <transaction-type code="4" />
      <transaction-date iso-date="2017-04-30" />
      <value currency="USD" value-date="2017-04-30">15165</value>
      <provider-org ref="XM-DAC-41114">
        <narrative>United Nations development Programme</narrative>
      </provider-org>
      <disbursement-channel code="2" />
    </transaction>
    <transaction>
      <transaction-type code="3" />
      <transaction-date iso-date="2017-04-30" />
      <value currency="USD" value-date="2017-04-30">3811</value>
      <provider-org ref="XM-DAC-41114">
        <narrative>United Nations development Programme</narrative>
      </provider-org>
      <receiver-org type="40" ref="">
        <narrative>Government of Kiribati</narrative>
      </receiver-org>
      <disbursement-channel code="2" />
    </transaction>
    <transaction>
      <transaction-type code="11" />
      <transaction-date iso-date="2018-12-31" />
      <value currency="USD" value-date="2018-12-31">109437</value>
      <provider-org type="40" ref="10003">
        <narrative>Global Environment Fund Truste</narrative>
      </provider-org>
      <receiver-org type="40" ref="XM-DAC-41114" receiver-activity-id="XM-DAC-41114-OUTPUT-00092010">
        <narrative>United Nations development Programme</narrative>
      </receiver-org>
      <disbursement-channel code="2" />
    </transaction>
    <transaction>
      <transaction-type code="11" />
      <transaction-date iso-date="2017-04-30" />
      <value currency="USD" value-date="2017-04-30">187693</value>
      <provider-org type="40" ref="10003">
        <narrative>Global Environment Fund Truste</narrative>
      </provider-org>
      <receiver-org type="40" ref="XM-DAC-41114" receiver-activity-id="XM-DAC-41114-OUTPUT-00092010">
        <narrative>United Nations development Programme</narrative>
      </receiver-org>
      <disbursement-channel code="2" />
    </transaction>
    <transaction>
      <transaction-type code="11" />
      <transaction-date iso-date="2016-12-31" />
      <value currency="USD" value-date="2016-12-31">225907</value>
      <provider-org type="40" ref="10003">
        <narrative>Global Environment Fund Truste</narrative>
      </provider-org>
      <receiver-org type="40" ref="XM-DAC-41114" receiver-activity-id="XM-DAC-41114-OUTPUT-00092010">
        <narrative>United Nations development Programme</narrative>
      </receiver-org>
      <disbursement-channel code="2" />
    </transaction>
    <transaction>
      <transaction-type code="11" />
      <transaction-date iso-date="2015-12-31" />
      <value currency="USD" value-date="2015-12-31">17635</value>
      <provider-org type="40" ref="10003">
        <narrative>Global Environment Fund Truste</narrative>
      </provider-org>
      <receiver-org type="40" ref="XM-DAC-41114" receiver-activity-id="XM-DAC-41114-OUTPUT-00092010">
        <narrative>United Nations development Programme</narrative>
      </receiver-org>
      <disbursement-channel code="2" />
    </transaction>
    <transaction>
      <transaction-type code="4" />
      <transaction-date iso-date="2016-12-31" />
      <value currency="USD" value-date="2016-12-31">167225</value>
      <disbursement-channel code="2" />
    </transaction>
    <transaction>
      <transaction-type code="4" />
      <transaction-date iso-date="2015-12-31" />
      <value currency="USD" value-date="2015-12-31">16960</value>
      <disbursement-channel code="2" />
    </transaction>
    <document-link format="text/html" url="http://open.undp.org/#project/00083621">
      <title>
        <narrative>Activity web page</narrative>
      </title>
      <category code="A12" />
    </document-link>
    <related-activity type="1" ref="XM-DAC-41114-PROJECT-00083621" />
    <conditions attached="0" />
    <result type="1" aggregation-status="1">
      <title>
        <narrative>Annual Output Results</narrative>
      </title>
      <indicator ascending="0" measure="1">
        <title>
          <narrative>Output Indicator</narrative>
        </title>
        <description>
          <narrative>1) Percentage of stakeholders applying Rio Convention priorities.
2) Number of policies integrating Rio Convention priorities and effectively using new environmental information.
3) Capacity development monitoring scorecard rating.</narrative>
        </description>
        <baseline year="2014" value="">
          <comment>
            <narrative>1) 0
2) 0
3) 0</narrative>
          </comment>
        </baseline>
        <period>
          <period-start iso-date="2015-01-01" />
          <period-end iso-date="2015-12-31" />
          <target value="">
            <comment>
              <narrative>1) 
• 1 database review. 
• 1 data &amp; information protocol.
• 1 technology &amp; training needs assessment.

2) 
• 1 environmental indicator review.
• 1 monitoring protocol.
• 1 training programme on environmental monitoring.

3) Project Management
• Timely submission of  quarterly progress reports (narrative &amp; Financial).
• Timely submission of APR/PIR.
• Effective management and M&amp;E tasks.</narrative>
            </comment>
          </target>
          <actual value="">
            <comment>
              <narrative>1) 0 (TOR developed and potential consultants contacted).
2) 0 (TOR developed and potential consultants contacted).
3) 1 (PMU established and staff are applying knowledge learned from induction training, inception workshop and on-the-job training conducted during inception phase).</narrative>
            </comment>
          </actual>
        </period>
        <period>
          <period-start iso-date="2016-01-01" />
          <period-end iso-date="2016-12-31" />
          <target value="">
            <comment>
              <narrative>1) 
• 1 database review. 
• 1 data &amp; information protocol.
• 1 technology &amp; training needs assessment.

2) 
• 1 environmental indicator review.
• 1 monitoring protocol.
• 1 training programme on environmental monitoring.

3) Project Management
• Timely submission of  quarterly progress reports (narrative &amp; Financial).
• Timely submission of APR/PIR.
• Effective management and M&amp;E tasks.</narrative>
            </comment>
          </target>
          <actual value="">
            <comment>
              <narrative>1) 1
2) 1
3) 1</narrative>
            </comment>
          </actual>
        </period>
        <period>
          <period-start iso-date="2017-01-01" />
          <period-end iso-date="2017-12-31" />
          <target value="">
            <comment>
              <narrative>1) 1 Environmental Information Management System (EIMS) is fully operational and utilized.
2) 1 Compliance Monitoring System (CMS) for tracking key environmental indicators is fully operational and utilized.
3) Project Management
• Timely submission of  quarterly progress reports (narrative &amp; Financial).
• Timely submission of APR/PIR.
• Effective management and M&amp;E tasks.</narrative>
            </comment>
          </target>
          <actual value="">
            <comment>
              <narrative />
            </comment>
          </actual>
        </period>
      </indicator>
    </result>
  </iati-activity>
  <iati-activity last-updated-datetime="2017-05-01T00:02:02" default-currency="USD" xml:lang="en" hierarchy="1">
    <iati-identifier>XM-DAC-41114-PROJECT-00087627</iati-identifier>
    <reporting-org ref="XM-DAC-41114" type="40">
      <narrative>United Nations Development Programme</narrative>
    </reporting-org>
    <title>
      <narrative>Kiribati LDCF</narrative>
    </title>
    <description type="1">
      <narrative>Enhancing national food security in the context of global climate change</narrative>
    </description>
    <participating-org role="4" type="10" ref="01224">
      <narrative>National Execution</narrative>
    </participating-org>
    <participating-org role="2" type="40" ref="XM-DAC-41114">
      <narrative>UNITED NATIONS DEVELOPMENT PROGRAMME</narrative>
    </participating-org>
    <participating-org role="1" type="40" ref="10003">
      <narrative>Global Environment Fund Truste</narrative>
    </participating-org>
    <activity-status code="2" />
    <activity-date type="1" iso-date="2016-01-14" />
    <activity-date type="2" iso-date="2016-01-14" />
    <activity-date type="3" iso-date="2020-03-31" />
    <contact-info type="1">
      <email>registry.fj@undp.org</email>
      <website>http://www.fj.undp.org/</website>
    </contact-info>
    <recipient-country code="KI">
      <narrative>Kiribati</narrative>
    </recipient-country>
    <sector vocabulary="1" code="51010" />
    <collaboration-type code="4" />
    <default-flow-type code="10" />
    <default-finance-type code="110" />
    <default-aid-type code="C01" />
    <default-tied-status code="3" />
    <document-link format="application/pdf" url="http://www.fj.undp.org/content/dam/fiji/docs/SBBA/SBAA_Kir.pdf">
      <title>
        <narrative>SBAA_Kir</narrative>
      </title>
      <category code="A09" />
      <language code="en" />
    </document-link>
    <document-link format="text/html" url="http://procurement-notices.undp.org/view_notice.cfm?notice_id=33732">
      <title>
        <narrative>Kiribati LDCF</narrative>
      </title>
      <category code="A10" />
      <language code="en" />
    </document-link>
    <document-link format="text/html" url="http://open.undp.org/#project/00087627">
      <title>
        <narrative>Purchase Order Summary</narrative>
      </title>
      <category code="A11" />
      <category code="A12" />
      <language code="en" />
    </document-link>
    <related-activity type="2" ref="XM-DAC-41114-OUTPUT-00094574" />
    <conditions attached="0" />
  </iati-activity>
  <iati-activity last-updated-datetime="2017-05-01T00:02:02" default-currency="USD" xml:lang="en" hierarchy="2">
    <iati-identifier>XM-DAC-41114-OUTPUT-00094574</iati-identifier>
    <reporting-org ref="XM-DAC-41114" type="40">
      <narrative>United Nations Development Programme</narrative>
    </reporting-org>
    <title>
      <narrative>Kiribati LDCF</narrative>
    </title>
    <description type="1">
      <narrative>Enhancing national food security in the context of global climate change</narrative>
    </description>
    <participating-org role="1" type="40" ref="10003">
      <narrative>Global Environment Fund Truste</narrative>
    </participating-org>
    <activity-status code="2" />
    <activity-date type="1" iso-date="2016-01-14" />
    <activity-date type="2" iso-date="2016-01-14" />
    <activity-date type="3" iso-date="2020-03-31" />
    <contact-info type="1">
      <email>registry.fj@undp.org</email>
      <website>http://www.fj.undp.org/</website>
    </contact-info>
    <recipient-country code="KI">
      <narrative>Kiribati</narrative>
    </recipient-country>
    <sector vocabulary="1" code="51010" />
    <sector vocabulary="99" code="1">
      <narrative>Inclusive &amp; Sustainable Growth</narrative>
    </sector>
    <policy-marker vocabulary="1" code="1" significance="0" />
    <collaboration-type code="4" />
    <default-flow-type code="10" />
    <default-finance-type code="110" />
    <default-aid-type code="C01" />
    <default-tied-status code="3" />
    <budget type="2" status="2">
      <period-start iso-date="2017-01-01" />
      <period-end iso-date="2017-12-31" />
      <value currency="USD" value-date="2017-04-30">1271441</value>
    </budget>
    <budget type="2" status="2">
      <period-start iso-date="2020-01-01" />
      <period-end iso-date="2020-12-31" />
      <value currency="USD" value-date="2017-04-30">884362</value>
    </budget>
    <budget type="2" status="2">
      <period-start iso-date="2019-01-01" />
      <period-end iso-date="2019-12-31" />
      <value currency="USD" value-date="2017-04-30">946410</value>
    </budget>
    <budget type="2" status="2">
      <period-start iso-date="2018-01-01" />
      <period-end iso-date="2018-12-31" />
      <value currency="USD" value-date="2017-04-30">1296951</value>
    </budget>
    <budget type="2" status="2">
      <period-start iso-date="2016-01-01" />
      <period-end iso-date="2016-12-31" />
      <value currency="USD" value-date="2016-12-31">219497</value>
    </budget>
    <transaction>
      <transaction-type code="4" />
      <transaction-date iso-date="2017-04-30" />
      <value currency="USD" value-date="2017-04-30">35957</value>
      <provider-org ref="XM-DAC-41114">
        <narrative>United Nations development Programme</narrative>
      </provider-org>
      <disbursement-channel code="2" />
    </transaction>
    <transaction>
      <transaction-type code="3" />
      <transaction-date iso-date="2017-04-30" />
      <value currency="USD" value-date="2017-04-30">21600</value>
      <provider-org ref="XM-DAC-41114">
        <narrative>United Nations development Programme</narrative>
      </provider-org>
      <receiver-org type="40" ref="">
        <narrative>Government of Kiribati</narrative>
      </receiver-org>
      <disbursement-channel code="2" />
    </transaction>
    <transaction>
      <transaction-type code="11" />
      <transaction-date iso-date="2020-12-31" />
      <value currency="USD" value-date="2020-12-31">884362</value>
      <provider-org type="40" ref="10003">
        <narrative>Global Environment Fund Truste</narrative>
      </provider-org>
      <receiver-org type="40" ref="XM-DAC-41114" receiver-activity-id="XM-DAC-41114-OUTPUT-00094574">
        <narrative>United Nations development Programme</narrative>
      </receiver-org>
      <disbursement-channel code="2" />
    </transaction>
    <transaction>
      <transaction-type code="11" />
      <transaction-date iso-date="2019-12-31" />
      <value currency="USD" value-date="2019-12-31">946410</value>
      <provider-org type="40" ref="10003">
        <narrative>Global Environment Fund Truste</narrative>
      </provider-org>
      <receiver-org type="40" ref="XM-DAC-41114" receiver-activity-id="XM-DAC-41114-OUTPUT-00094574">
        <narrative>United Nations development Programme</narrative>
      </receiver-org>
      <disbursement-channel code="2" />
    </transaction>
    <transaction>
      <transaction-type code="11" />
      <transaction-date iso-date="2018-12-31" />
      <value currency="USD" value-date="2018-12-31">1296951</value>
      <provider-org type="40" ref="10003">
        <narrative>Global Environment Fund Truste</narrative>
      </provider-org>
      <receiver-org type="40" ref="XM-DAC-41114" receiver-activity-id="XM-DAC-41114-OUTPUT-00094574">
        <narrative>United Nations development Programme</narrative>
      </receiver-org>
      <disbursement-channel code="2" />
    </transaction>
    <transaction>
      <transaction-type code="11" />
      <transaction-date iso-date="2017-04-30" />
      <value currency="USD" value-date="2017-04-30">1271441</value>
      <provider-org type="40" ref="10003">
        <narrative>Global Environment Fund Truste</narrative>
      </provider-org>
      <receiver-org type="40" ref="XM-DAC-41114" receiver-activity-id="XM-DAC-41114-OUTPUT-00094574">
        <narrative>United Nations development Programme</narrative>
      </receiver-org>
      <disbursement-channel code="2" />
    </transaction>
    <transaction>
      <transaction-type code="11" />
      <transaction-date iso-date="2016-12-31" />
      <value currency="USD" value-date="2016-12-31">219497</value>
      <provider-org type="40" ref="10003">
        <narrative>Global Environment Fund Truste</narrative>
      </provider-org>
      <receiver-org type="40" ref="XM-DAC-41114" receiver-activity-id="XM-DAC-41114-OUTPUT-00094574">
        <narrative>United Nations development Programme</narrative>
      </receiver-org>
      <disbursement-channel code="2" />
    </transaction>
    <transaction>
      <transaction-type code="4" />
      <transaction-date iso-date="2016-12-31" />
      <value currency="USD" value-date="2016-12-31">48775</value>
      <disbursement-channel code="2" />
    </transaction>
    <document-link format="text/html" url="http://open.undp.org/#project/00087627">
      <title>
        <narrative>Activity web page</narrative>
      </title>
      <category code="A12" />
    </document-link>
    <related-activity type="1" ref="XM-DAC-41114-PROJECT-00087627" />
    <conditions attached="0" />
  </iati-activity>
  <iati-activity last-updated-datetime="2017-05-01T00:02:02" default-currency="USD" xml:lang="en" hierarchy="1">
    <iati-identifier>XM-DAC-41114-PROJECT-00089572</iati-identifier>
    <reporting-org ref="XM-DAC-41114" type="40">
      <narrative>United Nations Development Programme</narrative>
    </reporting-org>
    <title>
      <narrative>KIR Trade Capacity Developoment and Instituional Strenth</narrative>
    </title>
    <description type="1">
      <narrative>Strengthening Kiribati;s capacity to formulate and implement trade policies; mainstream trade in the national policies and strategies; monitor and evaluate trade policy outcomes and impacts as part of the M&amp;amp;E framework</narrative>
    </description>
    <participating-org role="4" type="10" ref="01224">
      <narrative>National Execution</narrative>
    </participating-org>
    <participating-org role="2" type="40" ref="XM-DAC-41114">
      <narrative>UNITED NATIONS DEVELOPMENT PROGRAMME</narrative>
    </participating-org>
    <participating-org role="1" type="40" ref="11445">
      <narrative>Enhanced Integrated Framework for Trade  related  Technical Assistance  to LDC's Trust Fund manager</narrative>
    </participating-org>
    <activity-status code="2" />
    <activity-date type="1" iso-date="2015-07-01" />
    <activity-date type="2" iso-date="2015-07-01" />
    <activity-date type="3" iso-date="2018-12-31" />
    <contact-info type="1">
      <email>registry.fj@undp.org</email>
      <website>http://www.fj.undp.org/</website>
    </contact-info>
    <recipient-country code="KI">
      <narrative>Kiribati</narrative>
    </recipient-country>
    <sector vocabulary="1" code="15110" />
    <collaboration-type code="4" />
    <default-flow-type code="10" />
    <default-finance-type code="110" />
    <default-aid-type code="C01" />
    <default-tied-status code="3" />
    <document-link format="application/pdf" url="https://info.undp.org/docs/pdc/Documents/KIR/V-01200126%20KIR%20EIF%20Trade.pdf">
      <title>
        <narrative>V01200126 KIR EIF Trade</narrative>
      </title>
      <category code="A01" />
      <category code="A02" />
      <category code="A03" />
      <category code="A04" />
      <category code="A05" />
      <category code="A08" />
      <language code="en" />
    </document-link>
    <document-link format="application/pdf" url="https://info.undp.org/docs/pdc/Documents/KIR/Ltr%20to%20TFM_instructing%20MOU_w_Kiribati.PDF">
      <title>
        <narrative>Ltr to TFM_instructing MOU_w_Kiribati</narrative>
      </title>
      <category code="A09" />
      <language code="en" />
    </document-link>
    <document-link format="text/html" url="http://procurement-notices.undp.org/view_notice.cfm?notice_id=27928">
      <title>
        <narrative>KIR Trade Capacity Developoment and Instituional Strenth</narrative>
      </title>
      <category code="A10" />
      <language code="en" />
    </document-link>
    <document-link format="text/html" url="http://procurement-notices.undp.org/view_notice.cfm?notice_id=31863">
      <title>
        <narrative>KIR Trade Capacity Developoment and Instituional Strenth</narrative>
      </title>
      <category code="A10" />
      <language code="en" />
    </document-link>
    <document-link format="text/html" url="http://procurement-notices.undp.org/view_notice.cfm?notice_id=33988">
      <title>
        <narrative>KIR Trade Capacity Developoment and Instituional Strenth</narrative>
      </title>
      <category code="A10" />
      <language code="en" />
    </document-link>
    <document-link format="text/html" url="http://open.undp.org/#project/00089572">
      <title>
        <narrative>Purchase Order Summary</narrative>
      </title>
      <category code="A11" />
      <category code="A12" />
      <language code="en" />
    </document-link>
    <related-activity type="2" ref="XM-DAC-41114-OUTPUT-00095712" />
    <conditions attached="0" />
  </iati-activity>
  <iati-activity last-updated-datetime="2017-05-01T00:02:02" default-currency="USD" xml:lang="en" hierarchy="2">
    <iati-identifier>XM-DAC-41114-OUTPUT-00095712</iati-identifier>
    <reporting-org ref="XM-DAC-41114" type="40">
      <narrative>United Nations Development Programme</narrative>
    </reporting-org>
    <title>
      <narrative>KIR Trade Capacity Development</narrative>
    </title>
    <description type="1">
      <narrative>Kiribati Trade Capacity Development and Institutional Strengthening Project</narrative>
    </description>
    <participating-org role="1" type="40" ref="11445">
      <narrative>Enhanced Integrated Framework for Trade  related  Technical Assistance  to LDC's Trust Fund manager</narrative>
    </participating-org>
    <activity-status code="2" />
    <activity-date type="1" iso-date="2015-07-01" />
    <activity-date type="2" iso-date="2015-07-01" />
    <activity-date type="3" iso-date="2018-12-31" />
    <contact-info type="1">
      <email>registry.fj@undp.org</email>
      <website>http://www.fj.undp.org/</website>
    </contact-info>
    <recipient-country code="KI">
      <narrative>Kiribati</narrative>
    </recipient-country>
    <sector vocabulary="1" code="15110" />
    <sector vocabulary="99" code="1">
      <narrative>Inclusive &amp; Sustainable Growth</narrative>
    </sector>
    <country-budget-items vocabulary="1">
      <budget-item code="3.1.1" percentage="100">
        <description>
          <narrative>policy, planning and administration</narrative>
        </description>
      </budget-item>
    </country-budget-items>
    <policy-marker vocabulary="1" code="1" significance="0" />
    <collaboration-type code="4" />
    <default-flow-type code="10" />
    <default-finance-type code="110" />
    <default-aid-type code="C01" />
    <default-tied-status code="3" />
    <budget type="2" status="2">
      <period-start iso-date="2017-01-01" />
      <period-end iso-date="2017-12-31" />
      <value currency="USD" value-date="2017-04-30">594477</value>
    </budget>
    <budget type="2" status="2">
      <period-start iso-date="2018-01-01" />
      <period-end iso-date="2018-12-31" />
      <value currency="USD" value-date="2017-04-30">205448</value>
    </budget>
    <budget type="2" status="2">
      <period-start iso-date="2016-01-01" />
      <period-end iso-date="2016-12-31" />
      <value currency="USD" value-date="2016-12-31">300000</value>
    </budget>
    <budget type="2" status="2">
      <period-start iso-date="2015-01-01" />
      <period-end iso-date="2015-12-31" />
      <value currency="USD" value-date="2015-12-31">56257</value>
    </budget>
    <transaction>
      <transaction-type code="4" />
      <transaction-date iso-date="2017-04-30" />
      <value currency="USD" value-date="2017-04-30">61165</value>
      <provider-org ref="XM-DAC-41114">
        <narrative>United Nations development Programme</narrative>
      </provider-org>
      <disbursement-channel code="2" />
    </transaction>
    <transaction>
      <transaction-type code="11" />
      <transaction-date iso-date="2018-12-31" />
      <value currency="USD" value-date="2018-12-31">205448</value>
      <provider-org type="40" ref="11445">
        <narrative>Enhanced Integrated Framework for Trade  related  Technical Assistance  to LDC's Trust Fund manager</narrative>
      </provider-org>
      <receiver-org type="40" ref="XM-DAC-41114" receiver-activity-id="XM-DAC-41114-OUTPUT-00095712">
        <narrative>United Nations development Programme</narrative>
      </receiver-org>
      <disbursement-channel code="2" />
    </transaction>
    <transaction>
      <transaction-type code="11" />
      <transaction-date iso-date="2017-04-30" />
      <value currency="USD" value-date="2017-04-30">594477</value>
      <provider-org type="40" ref="11445">
        <narrative>Enhanced Integrated Framework for Trade  related  Technical Assistance  to LDC's Trust Fund manager</narrative>
      </provider-org>
      <receiver-org type="40" ref="XM-DAC-41114" receiver-activity-id="XM-DAC-41114-OUTPUT-00095712">
        <narrative>United Nations development Programme</narrative>
      </receiver-org>
      <disbursement-channel code="2" />
    </transaction>
    <transaction>
      <transaction-type code="1" />
      <transaction-date iso-date="2017-04-30" />
      <value currency="USD" value-date="2017-04-30">300000</value>
      <provider-org ref="11445" type="40">
        <narrative>Enhanced Integrated Framework for Trade  related  Technical Assistance  to LDC's Trust Fund manager</narrative>
      </provider-org>
      <receiver-org ref="XM-DAC-41114" receiver-activity-id="00095712">
        <narrative>United Nations development Programme</narrative>
      </receiver-org>
      <disbursement-channel code="2" />
    </transaction>
    <transaction>
      <transaction-type code="11" />
      <transaction-date iso-date="2016-12-31" />
      <value currency="USD" value-date="2016-12-31">300000</value>
      <provider-org type="40" ref="11445">
        <narrative>Enhanced Integrated Framework for Trade  related  Technical Assistance  to LDC's Trust Fund manager</narrative>
      </provider-org>
      <receiver-org type="40" ref="XM-DAC-41114" receiver-activity-id="XM-DAC-41114-OUTPUT-00095712">
        <narrative>United Nations development Programme</narrative>
      </receiver-org>
      <disbursement-channel code="2" />
    </transaction>
    <transaction>
      <transaction-type code="11" />
      <transaction-date iso-date="2015-12-31" />
      <value currency="USD" value-date="2015-12-31">56257</value>
      <provider-org type="40" ref="11445">
        <narrative>Enhanced Integrated Framework for Trade  related  Technical Assistance  to LDC's Trust Fund manager</narrative>
      </provider-org>
      <receiver-org type="40" ref="XM-DAC-41114" receiver-activity-id="XM-DAC-41114-OUTPUT-00095712">
        <narrative>United Nations development Programme</narrative>
      </receiver-org>
      <disbursement-channel code="2" />
    </transaction>
    <transaction>
      <transaction-type code="1" />
      <transaction-date iso-date="2015-12-31" />
      <value currency="USD" value-date="2015-12-31">300000</value>
      <provider-org ref="11445" type="40">
        <narrative>Enhanced Integrated Framework for Trade  related  Technical Assistance  to LDC's Trust Fund manager</narrative>
      </provider-org>
      <receiver-org ref="XM-DAC-41114" receiver-activity-id="00095712">
        <narrative>United Nations development Programme</narrative>
      </receiver-org>
      <disbursement-channel code="2" />
    </transaction>
    <transaction>
      <transaction-type code="4" />
      <transaction-date iso-date="2016-12-31" />
      <value currency="USD" value-date="2016-12-31">183313</value>
      <disbursement-channel code="2" />
    </transaction>
    <transaction>
      <transaction-type code="4" />
      <transaction-date iso-date="2015-12-31" />
      <value currency="USD" value-date="2015-12-31">0</value>
      <disbursement-channel code="2" />
    </transaction>
    <document-link format="text/html" url="http://open.undp.org/#project/00089572">
      <title>
        <narrative>Activity web page</narrative>
      </title>
      <category code="A12" />
    </document-link>
    <related-activity type="1" ref="XM-DAC-41114-PROJECT-00089572" />
    <conditions attached="0" />
  </iati-activity>
</iati-activities>