﻿<?xml version="1.0" encoding="UTF-8" standalone="yes"?>
<!--IATI Publications - UNDP Development Projects by Countries-->
<iati-activities xmlns:xsi="http://www.w3.org/2001/XMLSchema-instance" xmlns:xsd="http://www.w3.org/2001/XMLSchema" generated-datetime="2017-05-23T10:57:20" version="2.02">
  <!--Nauru-->
  <iati-activity last-updated-datetime="2017-05-01T00:02:02" default-currency="USD" xml:lang="en" hierarchy="1">
    <iati-identifier>XM-DAC-41114-PROJECT-00074318</iati-identifier>
    <reporting-org ref="XM-DAC-41114" type="40">
      <narrative>United Nations Development Programme</narrative>
    </reporting-org>
    <title>
      <narrative>Nauru R2R Project Preparation Grant (PPG)</narrative>
    </title>
    <description type="1">
      <narrative>This project preparation grant (PPG) is for development of a Full Sized Project (FSP) on “Implementing a Ridge-to-Reef approach to protecting biodiversity and ecosystem functions in Nauru (R2R Nauru)”.</narrative>
    </description>
    <participating-org role="4" type="40" ref="XM-DAC-41114">
      <narrative>United Nations Development Programme</narrative>
    </participating-org>
    <participating-org role="2" type="40" ref="XM-DAC-41114">
      <narrative>UNITED NATIONS DEVELOPMENT PROGRAMME</narrative>
    </participating-org>
    <participating-org role="1" type="40" ref="10003">
      <narrative>Global Environment Fund Truste</narrative>
    </participating-org>
    <activity-status code="2" />
    <activity-date type="1" iso-date="2013-06-03" />
    <activity-date type="2" iso-date="2013-06-03" />
    <activity-date type="3" iso-date="2016-12-31" />
    <contact-info type="1">
      <email>registry.fj@undp.org</email>
      <website>http://www.fj.undp.org/</website>
    </contact-info>
    <recipient-country code="NR">
      <narrative>Nauru</narrative>
    </recipient-country>
    <sector vocabulary="1" code="23010" />
    <collaboration-type code="4" />
    <default-flow-type code="10" />
    <default-finance-type code="110" />
    <default-aid-type code="C01" />
    <default-tied-status code="3" />
    <document-link format="application/msword" url="https://info.undp.org/docs/pdc/Documents/NRU/PIMS%205218%20Nauru%20R2R%20PIF%2018April%202013%20rvABD.DOC">
      <title>
        <narrative>FINANCING PLAN (IN US$):</narrative>
      </title>
      <category code="A01" />
      <category code="A02" />
      <category code="A03" />
      <category code="A04" />
      <category code="A05" />
      <category code="A08" />
      <language code="en" />
    </document-link>
    <document-link format="application/pdf" url="http://www.fj.undp.org/content/dam/fiji/docs/SBBA/SBAA_NAURU.pdf">
      <title>
        <narrative>SBAA_NAURU</narrative>
      </title>
      <category code="A09" />
      <language code="en" />
    </document-link>
    <document-link format="text/html" url="http://procurement-notices.undp.org/index.cfm">
      <title>
        <narrative>Request for Procurement</narrative>
      </title>
      <category code="A10" />
      <language code="en" />
    </document-link>
    <document-link format="text/html" url="http://open.undp.org/#project/00074318">
      <title>
        <narrative>Purchase Order Summary</narrative>
      </title>
      <category code="A11" />
      <category code="A12" />
      <language code="en" />
    </document-link>
    <related-activity type="2" ref="XM-DAC-41114-OUTPUT-00086774" />
    <conditions attached="0" />
    <result type="1" aggregation-status="1">
      <title>
        <narrative>Integrated Results and Resources Framework (IRRF)</narrative>
      </title>
      <description>
        <narrative>The IRRF is UNDP’s results framework to monitor and report on its achievements against the Strategic Plan 2014-2017. UNDP publishes country level IRRF results that UNDP’s projects contributed to</narrative>
      </description>
      <indicator ascending="0" measure="1">
        <title>
          <narrative>Output Indicator 1.3.1.A.1.1</narrative>
        </title>
        <description>
          <narrative>Number of new  partnership mechanisms with funding for sustainable  management  solutions of natural resources, ecosystem services, chemicals  and waste at national and/or sub-national level</narrative>
        </description>
        <baseline year="2013" value="0" />
        <period>
          <period-start iso-date="2016-01-01" />
          <period-end iso-date="2016-12-31" />
          <target value="12">
            <location ref="NR" />
          </target>
          <actual value="13">
            <location ref="NR" />
          </actual>
        </period>
        <period>
          <period-start iso-date="2017-01-01" />
          <period-end iso-date="2017-12-31" />
          <target value="12">
            <location ref="NR" />
          </target>
          <actual value="13">
            <location ref="NR" />
          </actual>
        </period>
      </indicator>
      <indicator ascending="0" measure="1">
        <title>
          <narrative>Output Indicator 1.3.2.A.1.1</narrative>
        </title>
        <description>
          <narrative>Number of additional males benefitting from livelihoods strengthened through solutions for management of natural resources, ecosystem services, chemicals and waste</narrative>
        </description>
        <baseline year="2013" value="0" />
        <period>
          <period-start iso-date="2016-01-01" />
          <period-end iso-date="2016-12-31" />
          <target value="196">
            <location ref="NR" />
          </target>
          <actual value="196">
            <location ref="NR" />
          </actual>
        </period>
        <period>
          <period-start iso-date="2017-01-01" />
          <period-end iso-date="2017-12-31" />
          <target value="196">
            <location ref="NR" />
          </target>
          <actual value="196">
            <location ref="NR" />
          </actual>
        </period>
      </indicator>
      <indicator ascending="0" measure="1">
        <title>
          <narrative>Output Indicator 1.3.2.A.2.1</narrative>
        </title>
        <description>
          <narrative>Number of additional females benefitting from livelihoods strengthened through solutions for management of natural resources, ecosystem services, chemicals and waste</narrative>
        </description>
        <baseline year="2013" value="0" />
        <period>
          <period-start iso-date="2016-01-01" />
          <period-end iso-date="2016-12-31" />
          <target value="55">
            <location ref="NR" />
            <dimension name="sex" value="female" />
          </target>
          <actual value="55">
            <location ref="NR" />
            <dimension name="sex" value="female" />
          </actual>
        </period>
        <period>
          <period-start iso-date="2017-01-01" />
          <period-end iso-date="2017-12-31" />
          <target value="55">
            <location ref="NR" />
            <dimension name="sex" value="female" />
          </target>
          <actual value="55">
            <location ref="NR" />
            <dimension name="sex" value="female" />
          </actual>
        </period>
      </indicator>
      <indicator ascending="0" measure="1">
        <title>
          <narrative>Output Indicator 1.3.2.A.3.1</narrative>
        </title>
        <description>
          <narrative>Total number of additional people benefitting from livelihoods strengthened through solutions for management of natural resources, ecosystem services, chemicals and waste</narrative>
        </description>
        <baseline year="2013" value="0" />
        <period>
          <period-start iso-date="2016-01-01" />
          <period-end iso-date="2016-12-31" />
          <target value="251">
            <location ref="NR" />
          </target>
          <actual value="251">
            <location ref="NR" />
          </actual>
        </period>
        <period>
          <period-start iso-date="2017-01-01" />
          <period-end iso-date="2017-12-31" />
          <target value="251">
            <location ref="NR" />
          </target>
          <actual value="251">
            <location ref="NR" />
          </actual>
        </period>
      </indicator>
      <indicator ascending="0" measure="1">
        <title>
          <narrative>Output Indicator 1.3.2.B.1.1</narrative>
        </title>
        <description>
          <narrative>Number of men above 15 years of age who acquired new jobs through a UNDP-supported project on NRM, ecosystems services, chemicals and waste</narrative>
        </description>
        <baseline year="2013" value="0" />
        <period>
          <period-start iso-date="2016-01-01" />
          <period-end iso-date="2016-12-31" />
          <target value="340">
            <location ref="NR" />
          </target>
          <actual value="340">
            <location ref="NR" />
          </actual>
        </period>
        <period>
          <period-start iso-date="2017-01-01" />
          <period-end iso-date="2017-12-31" />
          <target value="340">
            <location ref="NR" />
          </target>
          <actual value="340">
            <location ref="NR" />
          </actual>
        </period>
      </indicator>
      <indicator ascending="0" measure="1">
        <title>
          <narrative>Output Indicator 1.3.2.B.2.1</narrative>
        </title>
        <description>
          <narrative>Number of women above 15 years of age who acquired new jobs through a UNDP-supported project on NRM, ecosystems services, chemicals and waste</narrative>
        </description>
        <baseline year="2013" value="0" />
        <period>
          <period-start iso-date="2016-01-01" />
          <period-end iso-date="2016-12-31" />
          <target value="73">
            <location ref="NR" />
            <dimension name="sex" value="female" />
          </target>
          <actual value="73">
            <location ref="NR" />
            <dimension name="sex" value="female" />
          </actual>
        </period>
        <period>
          <period-start iso-date="2017-01-01" />
          <period-end iso-date="2017-12-31" />
          <target value="73">
            <location ref="NR" />
            <dimension name="sex" value="female" />
          </target>
          <actual value="73">
            <location ref="NR" />
            <dimension name="sex" value="female" />
          </actual>
        </period>
      </indicator>
      <indicator ascending="0" measure="1">
        <title>
          <narrative>Output Indicator 1.3.2.B.3.1</narrative>
        </title>
        <description>
          <narrative>Total number of people above 15 years of age who acquired new jobs through a UNDP-supported project on NRM, ecosystems services, chemicals and waste</narrative>
        </description>
        <baseline year="2013" value="0" />
        <period>
          <period-start iso-date="2016-01-01" />
          <period-end iso-date="2016-12-31" />
          <target value="413">
            <location ref="NR" />
          </target>
          <actual value="413">
            <location ref="NR" />
          </actual>
        </period>
        <period>
          <period-start iso-date="2017-01-01" />
          <period-end iso-date="2017-12-31" />
          <target value="413">
            <location ref="NR" />
          </target>
          <actual value="413">
            <location ref="NR" />
          </actual>
        </period>
      </indicator>
    </result>
  </iati-activity>
  <iati-activity last-updated-datetime="2017-05-01T00:02:02" default-currency="USD" xml:lang="en" hierarchy="2">
    <iati-identifier>XM-DAC-41114-OUTPUT-00086774</iati-identifier>
    <reporting-org ref="XM-DAC-41114" type="40">
      <narrative>United Nations Development Programme</narrative>
    </reporting-org>
    <title>
      <narrative>Nauru R2R Project Preparation</narrative>
    </title>
    <description type="1">
      <narrative>Nauru Ridge-to-Reef (R2R) Project Preparation Grant (PPG).</narrative>
    </description>
    <participating-org role="1" type="40" ref="10003">
      <narrative>Global Environment Fund Truste</narrative>
    </participating-org>
    <activity-status code="2" />
    <activity-date type="1" iso-date="2013-06-03" />
    <activity-date type="2" iso-date="2013-06-03" />
    <activity-date type="3" iso-date="2015-02-28" />
    <contact-info type="1">
      <email>registry.fj@undp.org</email>
      <website>http://www.fj.undp.org/</website>
    </contact-info>
    <activity-scope code="6" />
    <recipient-country code="NR">
      <narrative>Nauru</narrative>
    </recipient-country>
    <location ref="NR">
      <location-reach code="2" />
      <location-id vocabulary="G1" code="2110418" />
      <name>
        <narrative>Yaren</narrative>
      </name>
      <description>
        <narrative>first-order administrative division</narrative>
      </description>
      <activity-description>
        <narrative />
      </activity-description>
      <administrative level="1" code="2110418" vocabulary="G1" />
      <point srsName="http://www.opengis.net/def/crs/EPSG/0/4326">
        <pos>-0.547240 166.915990</pos>
      </point>
      <exactness code="1" />
      <location-class code="1" />
      <feature-designation code="ADM1" />
    </location>
    <sector vocabulary="1" code="23010" />
    <sector vocabulary="99" code="1">
      <narrative>Inclusive &amp; Sustainable Growth</narrative>
    </sector>
    <country-budget-items vocabulary="1">
      <budget-item code="3.6.1" percentage="100">
        <description>
          <narrative>Energy - policy, planning and administration</narrative>
        </description>
      </budget-item>
    </country-budget-items>
    <policy-marker vocabulary="1" code="1" significance="0" />
    <collaboration-type code="4" />
    <default-flow-type code="10" />
    <default-finance-type code="110" />
    <default-aid-type code="C01" />
    <default-tied-status code="3" />
    <budget type="2" status="2">
      <period-start iso-date="2017-01-01" />
      <period-end iso-date="2017-12-31" />
      <value currency="USD" value-date="2017-04-30">0</value>
    </budget>
    <budget type="2" status="2">
      <period-start iso-date="2016-01-01" />
      <period-end iso-date="2016-12-31" />
      <value currency="USD" value-date="2016-12-31">4993</value>
    </budget>
    <budget type="2" status="2">
      <period-start iso-date="2015-01-01" />
      <period-end iso-date="2015-12-31" />
      <value currency="USD" value-date="2015-12-31">13217</value>
    </budget>
    <budget type="2" status="2">
      <period-start iso-date="2014-01-01" />
      <period-end iso-date="2014-12-31" />
      <value currency="USD" value-date="2014-12-31">64010</value>
    </budget>
    <budget type="2" status="2">
      <period-start iso-date="2013-01-01" />
      <period-end iso-date="2013-12-31" />
      <value currency="USD" value-date="2013-12-31">8000</value>
    </budget>
    <capital-spend percentage="0.00" />
    <transaction>
      <transaction-type code="4" />
      <transaction-date iso-date="2017-04-30" />
      <value currency="USD" value-date="2017-04-30">2301</value>
      <provider-org ref="XM-DAC-41114">
        <narrative>United Nations development Programme</narrative>
      </provider-org>
      <disbursement-channel code="2" />
    </transaction>
    <transaction>
      <transaction-type code="11" />
      <transaction-date iso-date="2016-12-31" />
      <value currency="USD" value-date="2016-12-31">4993</value>
      <provider-org type="40" ref="10003">
        <narrative>Global Environment Fund Truste</narrative>
      </provider-org>
      <receiver-org type="40" ref="XM-DAC-41114" receiver-activity-id="XM-DAC-41114-OUTPUT-00086774">
        <narrative>United Nations development Programme</narrative>
      </receiver-org>
      <disbursement-channel code="2" />
    </transaction>
    <transaction>
      <transaction-type code="11" />
      <transaction-date iso-date="2015-12-31" />
      <value currency="USD" value-date="2015-12-31">13217</value>
      <provider-org type="40" ref="10003">
        <narrative>Global Environment Fund Truste</narrative>
      </provider-org>
      <receiver-org type="40" ref="XM-DAC-41114" receiver-activity-id="XM-DAC-41114-OUTPUT-00086774">
        <narrative>United Nations development Programme</narrative>
      </receiver-org>
      <disbursement-channel code="2" />
    </transaction>
    <transaction>
      <transaction-type code="11" />
      <transaction-date iso-date="2014-12-31" />
      <value currency="USD" value-date="2014-12-31">64010</value>
      <provider-org type="40" ref="10003">
        <narrative>Global Environment Fund Truste</narrative>
      </provider-org>
      <receiver-org type="40" ref="XM-DAC-41114" receiver-activity-id="XM-DAC-41114-OUTPUT-00086774">
        <narrative>United Nations development Programme</narrative>
      </receiver-org>
      <disbursement-channel code="2" />
    </transaction>
    <transaction>
      <transaction-type code="11" />
      <transaction-date iso-date="2013-12-31" />
      <value currency="USD" value-date="2013-12-31">8000</value>
      <provider-org type="40" ref="10003">
        <narrative>Global Environment Fund Truste</narrative>
      </provider-org>
      <receiver-org type="40" ref="XM-DAC-41114" receiver-activity-id="XM-DAC-41114-OUTPUT-00086774">
        <narrative>United Nations development Programme</narrative>
      </receiver-org>
      <disbursement-channel code="2" />
    </transaction>
    <transaction>
      <transaction-type code="4" />
      <transaction-date iso-date="2016-12-31" />
      <value currency="USD" value-date="2016-12-31">446</value>
      <disbursement-channel code="2" />
    </transaction>
    <transaction>
      <transaction-type code="4" />
      <transaction-date iso-date="2015-12-31" />
      <value currency="USD" value-date="2015-12-31">8055</value>
      <disbursement-channel code="2" />
    </transaction>
    <transaction>
      <transaction-type code="4" />
      <transaction-date iso-date="2014-12-31" />
      <value currency="USD" value-date="2014-12-31">64008</value>
      <disbursement-channel code="2" />
    </transaction>
    <transaction>
      <transaction-type code="4" />
      <transaction-date iso-date="2013-12-31" />
      <value currency="USD" value-date="2013-12-31">7773</value>
      <disbursement-channel code="2" />
    </transaction>
    <document-link format="text/html" url="http://open.undp.org/#project/00074318">
      <title>
        <narrative>Activity web page</narrative>
      </title>
      <category code="A12" />
    </document-link>
    <related-activity type="1" ref="XM-DAC-41114-PROJECT-00074318" />
    <conditions attached="0" />
  </iati-activity>
  <iati-activity last-updated-datetime="2017-05-01T00:02:02" default-currency="USD" xml:lang="en" hierarchy="1">
    <iati-identifier>XM-DAC-41114-PROJECT-00082150</iati-identifier>
    <reporting-org ref="XM-DAC-41114" type="40">
      <narrative>United Nations Development Programme</narrative>
    </reporting-org>
    <title>
      <narrative>Nauru Legislative Strengthening</narrative>
    </title>
    <description type="1">
      <narrative>This project is designed to strengthen the Legislative System in Nauru through capacity building of parliamentarians and the institution.</narrative>
    </description>
    <participating-org role="4" type="10" ref="01224">
      <narrative>National Execution</narrative>
    </participating-org>
    <participating-org role="2" type="40" ref="XM-DAC-41114">
      <narrative>UNITED NATIONS DEVELOPMENT PROGRAMME</narrative>
    </participating-org>
    <participating-org role="1" type="40" ref="XM-DAC-41114">
      <narrative>UNITED NATIONS DEVELOPMENT PROGRAMME</narrative>
    </participating-org>
    <activity-status code="2" />
    <activity-date type="1" iso-date="2014-07-15" />
    <activity-date type="2" iso-date="2014-07-15" />
    <activity-date type="3" iso-date="2016-12-31" />
    <contact-info type="1">
      <email>registry.fj@undp.org</email>
      <website>http://www.fj.undp.org/</website>
    </contact-info>
    <recipient-country code="NR">
      <narrative>Nauru</narrative>
    </recipient-country>
    <sector vocabulary="1" code="15151" />
    <collaboration-type code="4" />
    <default-flow-type code="10" />
    <default-finance-type code="110" />
    <default-aid-type code="C01" />
    <default-tied-status code="3" />
    <document-link format="application/pdf" url="https://info.undp.org/docs/pdc/Documents/NRU/Nauru%20Leg%20Strngthng%20-%20Signed%20IP%202014.pdf">
      <title>
        <narrative>Nauru Leg Strngthng  Signed IP 2014</narrative>
      </title>
      <category code="A01" />
      <category code="A02" />
      <category code="A03" />
      <category code="A04" />
      <category code="A05" />
      <category code="A08" />
      <language code="en" />
    </document-link>
    <document-link format="application/pdf" url="https://info.undp.org/docs/pdc/Documents/NRU/Nauru%20LeSPA%20Project.pdf">
      <title>
        <narrative>Nauru Legislative Strengthening Preparatory Assistance Project AWP and Concept Note</narrative>
      </title>
      <category code="A01" />
      <category code="A02" />
      <category code="A03" />
      <category code="A04" />
      <category code="A05" />
      <category code="A08" />
      <language code="en" />
    </document-link>
    <document-link format="application/pdf" url="http://www.fj.undp.org/content/dam/fiji/docs/SBBA/SBAA_NAURU.pdf">
      <title>
        <narrative>SBAA_NAURU</narrative>
      </title>
      <category code="A09" />
      <language code="en" />
    </document-link>
    <document-link format="text/html" url="http://procurement-notices.undp.org/index.cfm">
      <title>
        <narrative>Request for Procurement</narrative>
      </title>
      <category code="A10" />
      <language code="en" />
    </document-link>
    <document-link format="text/html" url="http://open.undp.org/#project/00082150">
      <title>
        <narrative>Purchase Order Summary</narrative>
      </title>
      <category code="A11" />
      <category code="A12" />
      <language code="en" />
    </document-link>
    <related-activity type="2" ref="XM-DAC-41114-OUTPUT-00091184" />
    <conditions attached="0" />
  </iati-activity>
  <iati-activity last-updated-datetime="2017-05-01T00:02:02" default-currency="USD" xml:lang="en" hierarchy="2">
    <iati-identifier>XM-DAC-41114-OUTPUT-00091184</iati-identifier>
    <reporting-org ref="XM-DAC-41114" type="40">
      <narrative>United Nations Development Programme</narrative>
    </reporting-org>
    <title>
      <narrative>Nauru Legislative Streng. PA</narrative>
    </title>
    <description type="1">
      <narrative>Nauru Legislative Strengthening  Preparatory Assistance Project</narrative>
    </description>
    <participating-org role="1" type="40" ref="XM-DAC-41114">
      <narrative>UNITED NATIONS DEVELOPMENT PROGRAMME</narrative>
    </participating-org>
    <activity-status code="2" />
    <activity-date type="1" iso-date="2014-07-15" />
    <activity-date type="2" iso-date="2014-07-15" />
    <activity-date type="3" iso-date="2016-12-31" />
    <contact-info type="1">
      <email>registry.fj@undp.org</email>
      <website>http://www.fj.undp.org/</website>
    </contact-info>
    <recipient-country code="NR">
      <narrative>Nauru</narrative>
    </recipient-country>
    <sector vocabulary="1" code="15151" />
    <sector vocabulary="99" code="2">
      <narrative>Democratic Governance</narrative>
    </sector>
    <country-budget-items vocabulary="1">
      <budget-item code="1.8.1" percentage="100">
        <description>
          <narrative>Elections - elections</narrative>
        </description>
      </budget-item>
    </country-budget-items>
    <policy-marker vocabulary="1" code="1" significance="0" />
    <collaboration-type code="4" />
    <default-flow-type code="10" />
    <default-finance-type code="110" />
    <default-aid-type code="C01" />
    <default-tied-status code="3" />
    <budget type="2" status="2">
      <period-start iso-date="2017-01-01" />
      <period-end iso-date="2017-12-31" />
      <value currency="USD" value-date="2017-04-30">0</value>
    </budget>
    <budget type="2" status="2">
      <period-start iso-date="2016-01-01" />
      <period-end iso-date="2016-12-31" />
      <value currency="USD" value-date="2016-12-31">56000</value>
    </budget>
    <budget type="2" status="2">
      <period-start iso-date="2015-01-01" />
      <period-end iso-date="2015-12-31" />
      <value currency="USD" value-date="2015-12-31">37500</value>
    </budget>
    <budget type="2" status="2">
      <period-start iso-date="2014-01-01" />
      <period-end iso-date="2014-12-31" />
      <value currency="USD" value-date="2014-12-31">24500</value>
    </budget>
    <transaction>
      <transaction-type code="4" />
      <transaction-date iso-date="2017-04-30" />
      <value currency="USD" value-date="2017-04-30">229</value>
      <provider-org ref="XM-DAC-41114">
        <narrative>United Nations development Programme</narrative>
      </provider-org>
      <disbursement-channel code="2" />
    </transaction>
    <transaction>
      <transaction-type code="11" />
      <transaction-date iso-date="2016-12-31" />
      <value currency="USD" value-date="2016-12-31">56000</value>
      <provider-org type="40" ref="XM-DAC-41114" provider-activity-id="XM-DAC-41114-PROJECT-00082150">
        <narrative>UNITED NATIONS DEVELOPMENT PROGRAMME</narrative>
      </provider-org>
      <receiver-org type="40" ref="XM-DAC-41114" receiver-activity-id="XM-DAC-41114-OUTPUT-00091184">
        <narrative>United Nations development Programme</narrative>
      </receiver-org>
      <disbursement-channel code="2" />
    </transaction>
    <transaction>
      <transaction-type code="11" />
      <transaction-date iso-date="2015-12-31" />
      <value currency="USD" value-date="2015-12-31">37500</value>
      <provider-org type="40" ref="XM-DAC-41114" provider-activity-id="XM-DAC-41114-PROJECT-00082150">
        <narrative>UNITED NATIONS DEVELOPMENT PROGRAMME</narrative>
      </provider-org>
      <receiver-org type="40" ref="XM-DAC-41114" receiver-activity-id="XM-DAC-41114-OUTPUT-00091184">
        <narrative>United Nations development Programme</narrative>
      </receiver-org>
      <disbursement-channel code="2" />
    </transaction>
    <transaction>
      <transaction-type code="11" />
      <transaction-date iso-date="2014-12-31" />
      <value currency="USD" value-date="2014-12-31">24500</value>
      <provider-org type="40" ref="XM-DAC-41114" provider-activity-id="XM-DAC-41114-PROJECT-00082150">
        <narrative>UNITED NATIONS DEVELOPMENT PROGRAMME</narrative>
      </provider-org>
      <receiver-org type="40" ref="XM-DAC-41114" receiver-activity-id="XM-DAC-41114-OUTPUT-00091184">
        <narrative>United Nations development Programme</narrative>
      </receiver-org>
      <disbursement-channel code="2" />
    </transaction>
    <transaction>
      <transaction-type code="4" />
      <transaction-date iso-date="2016-12-31" />
      <value currency="USD" value-date="2016-12-31">55038</value>
      <disbursement-channel code="2" />
    </transaction>
    <transaction>
      <transaction-type code="4" />
      <transaction-date iso-date="2015-12-31" />
      <value currency="USD" value-date="2015-12-31">21203</value>
      <disbursement-channel code="2" />
    </transaction>
    <transaction>
      <transaction-type code="4" />
      <transaction-date iso-date="2014-12-31" />
      <value currency="USD" value-date="2014-12-31">23926</value>
      <disbursement-channel code="2" />
    </transaction>
    <document-link format="text/html" url="http://open.undp.org/#project/00082150">
      <title>
        <narrative>Activity web page</narrative>
      </title>
      <category code="A12" />
    </document-link>
    <related-activity type="1" ref="XM-DAC-41114-PROJECT-00082150" />
    <conditions attached="0" />
    <result type="1" aggregation-status="1">
      <title>
        <narrative>Annual Output Results</narrative>
      </title>
      <indicator ascending="0" measure="1">
        <title>
          <narrative>Output Indicator</narrative>
        </title>
        <description>
          <narrative>1.	% of MPs participating in induction training conducted in 2016.
2.	# of recommendations made following standing committee meeting for review/draft Parliament Handbook. 
3.	Status of LNA Report providing recommendations for improvement in current parliament structure and procedures. 
4.	Status of HR Strategic Plan
5.	% of equipment upgrade done following Technology Needs Analysis.</narrative>
        </description>
        <baseline year="2014" value="">
          <comment>
            <narrative>1.	No induction training provided to MPs following elections in June 2013.
2.	Absence or outdated Parliament Handbook to provide guidance to MPs on house procedures.
3.	Outdated LNA report.
4.	Limited professional development trainings and HR review for Secretariat Staff.
5.	Technology system needs a review and some updating.</narrative>
          </comment>
        </baseline>
        <period>
          <period-start iso-date="2015-01-01" />
          <period-end iso-date="2015-12-31" />
          <target value="">
            <comment>
              <narrative>1. Finalisation of LNA Report based on feedback from the country.</narrative>
            </comment>
          </target>
          <actual value="">
            <comment>
              <narrative>1. LNA Report was not finalised due to political situation in country (with some members of parliament being sacked and lack of response from Parliament).</narrative>
            </comment>
          </actual>
        </period>
        <period>
          <period-start iso-date="2016-01-01" />
          <period-end iso-date="2016-12-31" />
          <target value="">
            <comment>
              <narrative>1.     80% of MPs and Staff attending Parliament Induction training indicate report increased in knowledge and understanding on parliament law-making, oversight and representation functions;
2.	1 x Parliament Technical and Legal Support Officer appointed in 2016</narrative>
            </comment>
          </target>
          <actual value="">
            <comment>
              <narrative>1. 57% of MP and 20% of staff
2. The recruitment process was not successful due to the delay in confirmation of details from the national counterpart in Nauru, thus the activity was amended to facilitate the Parliament SDG Induction workshop in December.</narrative>
            </comment>
          </actual>
        </period>
      </indicator>
    </result>
  </iati-activity>
  <iati-activity last-updated-datetime="2017-05-01T00:02:02" default-currency="USD" xml:lang="en" hierarchy="1">
    <iati-identifier>XM-DAC-41114-PROJECT-00084678</iati-identifier>
    <reporting-org ref="XM-DAC-41114" type="40">
      <narrative>United Nations Development Programme</narrative>
    </reporting-org>
    <title>
      <narrative>NauruR2R BD&amp;ecosystem protection</narrative>
    </title>
    <description type="1">
      <narrative>Implementing a “Ridge to Reef” approach to protect biodiversity and ecosystem functions in Nauru (R2R Nauru).</narrative>
    </description>
    <participating-org role="4" type="10" ref="01224">
      <narrative>National Execution</narrative>
    </participating-org>
    <participating-org role="2" type="40" ref="XM-DAC-41114">
      <narrative>UNITED NATIONS DEVELOPMENT PROGRAMME</narrative>
    </participating-org>
    <participating-org role="1" type="40" ref="10003">
      <narrative>Global Environment Fund Truste</narrative>
    </participating-org>
    <activity-status code="2" />
    <activity-date type="1" iso-date="2015-02-01" />
    <activity-date type="2" iso-date="2015-02-01" />
    <activity-date type="3" iso-date="2019-01-31" />
    <contact-info type="1">
      <email>registry.fj@undp.org</email>
      <website>http://www.fj.undp.org/</website>
    </contact-info>
    <recipient-country code="NR">
      <narrative>Nauru</narrative>
    </recipient-country>
    <sector vocabulary="1" code="41010" />
    <collaboration-type code="4" />
    <default-flow-type code="10" />
    <default-finance-type code="110" />
    <default-aid-type code="C01" />
    <default-tied-status code="3" />
    <document-link format="application/msword" url="https://info.undp.org/docs/pdc/Documents/NRU/Nauru%20R2R%20Project%20Document%2015%20Dec%202014.doc">
      <title>
        <narrative>Implementing a “Ridge to Reef” approach to protect biodiversity and ecosystem functions in Nauru (R2R Nauru).</narrative>
      </title>
      <category code="A01" />
      <category code="A02" />
      <category code="A03" />
      <category code="A04" />
      <category code="A05" />
      <category code="A08" />
      <language code="en" />
    </document-link>
    <document-link format="application/msword" url="https://info.undp.org/docs/pdc/Documents/NRU/NAUR2R_Project%20Document_%20Final.docx">
      <title>
        <narrative>Project Document - Deliverable Description</narrative>
      </title>
      <category code="A01" />
      <category code="A02" />
      <category code="A03" />
      <category code="A04" />
      <category code="A05" />
      <category code="A08" />
      <language code="en" />
    </document-link>
    <document-link format="application/pdf" url="https://info.undp.org/docs/pdc/Documents/NRU/Nauru%20R2R%201st-3rd%20QTR%202016%20Progres%20Report%2029th%20(002).pdf">
      <title>
        <narrative>Nauru R2R Q1-3 Progress Report</narrative>
      </title>
      <category code="A08" />
      <language code="en" />
    </document-link>
    <document-link format="application/pdf" url="http://www.fj.undp.org/content/dam/fiji/docs/SBBA/SBAA_NAURU.pdf">
      <title>
        <narrative>SBAA_NAURU</narrative>
      </title>
      <category code="A09" />
      <language code="en" />
    </document-link>
    <document-link format="text/html" url="http://procurement-notices.undp.org/view_notice.cfm?notice_id=29286">
      <title>
        <narrative>NauruR2R BD&amp;ecosystem protection</narrative>
      </title>
      <category code="A10" />
      <language code="en" />
    </document-link>
    <document-link format="text/html" url="http://procurement-notices.undp.org/view_notice.cfm?notice_id=29297">
      <title>
        <narrative>NauruR2R BD&amp;ecosystem protection</narrative>
      </title>
      <category code="A10" />
      <language code="en" />
    </document-link>
    <document-link format="text/html" url="http://procurement-notices.undp.org/view_notice.cfm?notice_id=29298">
      <title>
        <narrative>NauruR2R BD&amp;ecosystem protection</narrative>
      </title>
      <category code="A10" />
      <language code="en" />
    </document-link>
    <document-link format="text/html" url="http://procurement-notices.undp.org/view_notice.cfm?notice_id=30338">
      <title>
        <narrative>NauruR2R BD&amp;ecosystem protection</narrative>
      </title>
      <category code="A10" />
      <language code="en" />
    </document-link>
    <document-link format="text/html" url="http://procurement-notices.undp.org/view_notice.cfm?notice_id=30441">
      <title>
        <narrative>NauruR2R BD&amp;ecosystem protection</narrative>
      </title>
      <category code="A10" />
      <language code="en" />
    </document-link>
    <document-link format="text/html" url="http://procurement-notices.undp.org/view_notice.cfm?notice_id=32873">
      <title>
        <narrative>NauruR2R BD&amp;ecosystem protection</narrative>
      </title>
      <category code="A10" />
      <language code="en" />
    </document-link>
    <document-link format="text/html" url="http://procurement-notices.undp.org/view_notice.cfm?notice_id=33033">
      <title>
        <narrative>NauruR2R BD&amp;ecosystem protection</narrative>
      </title>
      <category code="A10" />
      <language code="en" />
    </document-link>
    <document-link format="text/html" url="http://open.undp.org/#project/00084678">
      <title>
        <narrative>Purchase Order Summary</narrative>
      </title>
      <category code="A11" />
      <category code="A12" />
      <language code="en" />
    </document-link>
    <related-activity type="2" ref="XM-DAC-41114-OUTPUT-00092583" />
    <conditions attached="0" />
  </iati-activity>
  <iati-activity last-updated-datetime="2017-05-01T00:02:02" default-currency="USD" xml:lang="en" hierarchy="2">
    <iati-identifier>XM-DAC-41114-OUTPUT-00092583</iati-identifier>
    <reporting-org ref="XM-DAC-41114" type="40">
      <narrative>United Nations Development Programme</narrative>
    </reporting-org>
    <title>
      <narrative>NauruR2R BD&amp;ecosystem protectn</narrative>
    </title>
    <description type="1">
      <narrative>Implementing a “Ridge to Reef” approach to protecting biodiversity and ecosystem functions in Nauru (R2R Nauru).</narrative>
    </description>
    <participating-org role="1" type="40" ref="10003">
      <narrative>Global Environment Fund Truste</narrative>
    </participating-org>
    <activity-status code="2" />
    <activity-date type="1" iso-date="2015-02-01" />
    <activity-date type="2" iso-date="2015-02-01" />
    <activity-date type="3" iso-date="2019-01-31" />
    <contact-info type="1">
      <email>registry.fj@undp.org</email>
      <website>http://www.fj.undp.org/</website>
    </contact-info>
    <recipient-country code="NR">
      <narrative>Nauru</narrative>
    </recipient-country>
    <sector vocabulary="1" code="41010" />
    <sector vocabulary="99" code="2">
      <narrative>Democratic Governance</narrative>
    </sector>
    <country-budget-items vocabulary="1">
      <budget-item code="4.2.1" percentage="100">
        <description>
          <narrative>Environment - policy, planning and administration</narrative>
        </description>
      </budget-item>
    </country-budget-items>
    <policy-marker vocabulary="1" code="1" significance="0" />
    <collaboration-type code="4" />
    <default-flow-type code="10" />
    <default-finance-type code="110" />
    <default-aid-type code="C01" />
    <default-tied-status code="3" />
    <budget type="2" status="2">
      <period-start iso-date="2017-01-01" />
      <period-end iso-date="2017-12-31" />
      <value currency="USD" value-date="2017-04-30">1148342</value>
    </budget>
    <budget type="2" status="2">
      <period-start iso-date="2018-01-01" />
      <period-end iso-date="2018-12-31" />
      <value currency="USD" value-date="2017-04-30">733031</value>
    </budget>
    <budget type="2" status="2">
      <period-start iso-date="2016-01-01" />
      <period-end iso-date="2016-12-31" />
      <value currency="USD" value-date="2016-12-31">656652</value>
    </budget>
    <budget type="2" status="2">
      <period-start iso-date="2015-01-01" />
      <period-end iso-date="2015-12-31" />
      <value currency="USD" value-date="2015-12-31">35500</value>
    </budget>
    <transaction>
      <transaction-type code="4" />
      <transaction-date iso-date="2017-04-30" />
      <value currency="USD" value-date="2017-04-30">124351</value>
      <provider-org ref="XM-DAC-41114">
        <narrative>United Nations development Programme</narrative>
      </provider-org>
      <disbursement-channel code="2" />
    </transaction>
    <transaction>
      <transaction-type code="3" />
      <transaction-date iso-date="2017-04-30" />
      <value currency="USD" value-date="2017-04-30">16028</value>
      <provider-org ref="XM-DAC-41114">
        <narrative>United Nations development Programme</narrative>
      </provider-org>
      <receiver-org type="40" ref="">
        <narrative>Government of Nauru</narrative>
      </receiver-org>
      <disbursement-channel code="2" />
    </transaction>
    <transaction>
      <transaction-type code="11" />
      <transaction-date iso-date="2018-12-31" />
      <value currency="USD" value-date="2018-12-31">733031</value>
      <provider-org type="40" ref="10003">
        <narrative>Global Environment Fund Truste</narrative>
      </provider-org>
      <receiver-org type="40" ref="XM-DAC-41114" receiver-activity-id="XM-DAC-41114-OUTPUT-00092583">
        <narrative>United Nations development Programme</narrative>
      </receiver-org>
      <disbursement-channel code="2" />
    </transaction>
    <transaction>
      <transaction-type code="11" />
      <transaction-date iso-date="2017-04-30" />
      <value currency="USD" value-date="2017-04-30">1148342</value>
      <provider-org type="40" ref="10003">
        <narrative>Global Environment Fund Truste</narrative>
      </provider-org>
      <receiver-org type="40" ref="XM-DAC-41114" receiver-activity-id="XM-DAC-41114-OUTPUT-00092583">
        <narrative>United Nations development Programme</narrative>
      </receiver-org>
      <disbursement-channel code="2" />
    </transaction>
    <transaction>
      <transaction-type code="11" />
      <transaction-date iso-date="2016-12-31" />
      <value currency="USD" value-date="2016-12-31">656652</value>
      <provider-org type="40" ref="10003">
        <narrative>Global Environment Fund Truste</narrative>
      </provider-org>
      <receiver-org type="40" ref="XM-DAC-41114" receiver-activity-id="XM-DAC-41114-OUTPUT-00092583">
        <narrative>United Nations development Programme</narrative>
      </receiver-org>
      <disbursement-channel code="2" />
    </transaction>
    <transaction>
      <transaction-type code="11" />
      <transaction-date iso-date="2015-12-31" />
      <value currency="USD" value-date="2015-12-31">35500</value>
      <provider-org type="40" ref="10003">
        <narrative>Global Environment Fund Truste</narrative>
      </provider-org>
      <receiver-org type="40" ref="XM-DAC-41114" receiver-activity-id="XM-DAC-41114-OUTPUT-00092583">
        <narrative>United Nations development Programme</narrative>
      </receiver-org>
      <disbursement-channel code="2" />
    </transaction>
    <transaction>
      <transaction-type code="4" />
      <transaction-date iso-date="2016-12-31" />
      <value currency="USD" value-date="2016-12-31">587284</value>
      <disbursement-channel code="2" />
    </transaction>
    <transaction>
      <transaction-type code="4" />
      <transaction-date iso-date="2015-12-31" />
      <value currency="USD" value-date="2015-12-31">24843</value>
      <disbursement-channel code="2" />
    </transaction>
    <document-link format="text/html" url="http://open.undp.org/#project/00084678">
      <title>
        <narrative>Activity web page</narrative>
      </title>
      <category code="A12" />
    </document-link>
    <related-activity type="1" ref="XM-DAC-41114-PROJECT-00084678" />
    <conditions attached="0" />
  </iati-activity>
</iati-activities>