﻿<?xml version="1.0" encoding="UTF-8" standalone="yes"?>
<!--IATI Publications - UNDP Development Projects by Countries-->
<iati-activities xmlns:xsi="http://www.w3.org/2001/XMLSchema-instance" xmlns:xsd="http://www.w3.org/2001/XMLSchema" generated-datetime="2017-05-23T10:57:39" version="2.02">
  <!--Nicaragua-->
  <iati-activity last-updated-datetime="2017-05-01T00:02:02" default-currency="USD" xml:lang="es" hierarchy="1">
    <iati-identifier>XM-DAC-41114-PROJECT-00059154</iati-identifier>
    <reporting-org ref="XM-DAC-41114" type="40">
      <narrative>United Nations Development Programme</narrative>
    </reporting-org>
    <title>
      <narrative>Desarrollo hidroelectricidad a pequeña escala Fase II</narrative>
    </title>
    <description type="1">
      <narrative>Desarrollo de la Hidroelectricidad a Pequeña Escala para Usos Productivos en Zonas Fuera de Red  (Fase II)</narrative>
    </description>
    <participating-org role="4" type="10" ref="03682">
      <narrative>Ministerio de Energia y Minas</narrative>
    </participating-org>
    <participating-org role="2" type="40" ref="XM-DAC-41114">
      <narrative>UNITED NATIONS DEVELOPMENT PROGRAMME</narrative>
    </participating-org>
    <participating-org role="1" type="10" ref="00187">
      <narrative>GOVERNMENT OF NORWAY</narrative>
    </participating-org>
    <participating-org role="1" type="10" ref="CH-4">
      <narrative>GOVERNMENT OF SWITZERLAND</narrative>
    </participating-org>
    <participating-org role="1" type="40" ref="XM-DAC-41114">
      <narrative>UNITED NATIONS DEVELOPMENT PROGRAMME</narrative>
    </participating-org>
    <activity-status code="2" />
    <activity-date type="1" iso-date="2010-01-25" />
    <activity-date type="2" iso-date="2010-01-25" />
    <activity-date type="3" iso-date="2017-06-30" />
    <contact-info type="1">
      <email>registry.ni@undp.org</email>
      <website>http://www.undp.org.ni/</website>
    </contact-info>
    <recipient-country code="NI">
      <narrative>Nicaragua</narrative>
    </recipient-country>
    <sector vocabulary="1" code="23030" />
    <collaboration-type code="4" />
    <default-flow-type code="10" />
    <default-finance-type code="110" />
    <default-aid-type code="C01" />
    <default-tied-status code="3" />
    <document-link format="application/pdf" url="https://info.undp.org/docs/pdc/Documents/NIC/00059154_ProDoc%2000073889.pdf">
      <title>
        <narrative>Desarrollo de la energía a pequeña escala en zonas fuera de la red - PCH Fase II</narrative>
      </title>
      <category code="A01" />
      <category code="A02" />
      <category code="A03" />
      <category code="A04" />
      <category code="A05" />
      <category code="A08" />
      <language code="es" />
    </document-link>
    <document-link format="text/html" url="https://erc.undp.org/evaluation/evaluations/detail/6421">
      <title>
        <narrative>Evaluación de medio término del Proyecto PCH - Fase II</narrative>
      </title>
      <category code="A07" />
      <language code="en" />
    </document-link>
    <document-link format="application/pdf" url="http://www.undp.org.ni/files/marcojuridico/1374786414_Plan%20de%20Acci%C3%B3n%20MANUD%202013-2017%20(15-05-13).pdf">
      <title>
        <narrative>1374786414_Plan%20de%20Acci%C3%B3n%20MANUD%202013-2017%20(15-05-13)</narrative>
      </title>
      <category code="A09" />
      <language code="en" />
    </document-link>
    <document-link format="text/html" url="http://procurement-notices.undp.org/index.cfm">
      <title>
        <narrative>Request for Procurement</narrative>
      </title>
      <category code="A10" />
      <language code="en" />
    </document-link>
    <document-link format="text/html" url="http://open.undp.org/#project/00059154">
      <title>
        <narrative>Purchase Order Summary</narrative>
      </title>
      <category code="A11" />
      <category code="A12" />
      <language code="en" />
    </document-link>
    <related-activity type="2" ref="XM-DAC-41114-OUTPUT-00073889" />
    <conditions attached="0" />
  </iati-activity>
  <iati-activity last-updated-datetime="2017-05-01T00:02:02" default-currency="USD" xml:lang="es" hierarchy="2">
    <iati-identifier>XM-DAC-41114-OUTPUT-00073889</iati-identifier>
    <reporting-org ref="XM-DAC-41114" type="40">
      <narrative>United Nations Development Programme</narrative>
    </reporting-org>
    <title>
      <narrative>Desarrollo Energías Renovables</narrative>
    </title>
    <description type="1">
      <narrative>Desarrollo Energías Renovables</narrative>
    </description>
    <participating-org role="1" type="10" ref="00187">
      <narrative>GOVERNMENT OF NORWAY</narrative>
    </participating-org>
    <participating-org role="1" type="10" ref="CH-4">
      <narrative>GOVERNMENT OF SWITZERLAND</narrative>
    </participating-org>
    <participating-org role="1" type="40" ref="XM-DAC-41114">
      <narrative>UNITED NATIONS DEVELOPMENT PROGRAMME</narrative>
    </participating-org>
    <activity-status code="2" />
    <activity-date type="1" iso-date="2010-01-25" />
    <activity-date type="2" iso-date="2010-01-25" />
    <activity-date type="3" iso-date="2017-06-30" />
    <contact-info type="1">
      <email>registry.ni@undp.org</email>
      <website>http://www.undp.org.ni/</website>
    </contact-info>
    <activity-scope code="6" />
    <recipient-country code="NI">
      <narrative>Nicaragua</narrative>
    </recipient-country>
    <location ref="NI">
      <location-reach code="2" />
      <location-id vocabulary="G1" code="3830307" />
      <name>
        <narrative>RAAN</narrative>
      </name>
      <description>
        <narrative>first-order administrative division</narrative>
      </description>
      <activity-description>
        <narrative />
      </activity-description>
      <administrative level="1" code="3830307" vocabulary="G1" />
      <point srsName="http://www.opengis.net/def/crs/EPSG/0/4326">
        <pos>14.000000 -84.250000</pos>
      </point>
      <exactness code="1" />
      <location-class code="1" />
      <feature-designation code="ADM1" />
    </location>
    <sector vocabulary="1" code="23030" />
    <sector vocabulary="99" code="1">
      <narrative>Inclusive &amp; Sustainable Growth</narrative>
    </sector>
    <country-budget-items vocabulary="1">
      <budget-item code="3.6.6" percentage="100">
        <description>
          <narrative>Energy - power generation</narrative>
        </description>
      </budget-item>
    </country-budget-items>
    <policy-marker vocabulary="1" code="1" significance="1" />
    <collaboration-type code="4" />
    <default-flow-type code="10" />
    <default-finance-type code="110" />
    <default-aid-type code="C01" />
    <default-tied-status code="3" />
    <budget type="2" status="2">
      <period-start iso-date="2017-01-01" />
      <period-end iso-date="2017-12-31" />
      <value currency="USD" value-date="2017-04-30">4100</value>
    </budget>
    <budget type="2" status="2">
      <period-start iso-date="2016-01-01" />
      <period-end iso-date="2016-12-31" />
      <value currency="USD" value-date="2016-12-31">646672</value>
    </budget>
    <budget type="2" status="2">
      <period-start iso-date="2015-01-01" />
      <period-end iso-date="2015-12-31" />
      <value currency="USD" value-date="2015-12-31">2255274</value>
    </budget>
    <budget type="2" status="2">
      <period-start iso-date="2014-01-01" />
      <period-end iso-date="2014-12-31" />
      <value currency="USD" value-date="2014-12-31">2695667</value>
    </budget>
    <budget type="2" status="2">
      <period-start iso-date="2013-01-01" />
      <period-end iso-date="2013-12-31" />
      <value currency="USD" value-date="2013-12-31">3769174</value>
    </budget>
    <budget type="2" status="2">
      <period-start iso-date="2012-01-01" />
      <period-end iso-date="2012-12-31" />
      <value currency="USD" value-date="2012-12-31">3291253</value>
    </budget>
    <transaction>
      <transaction-type code="4" />
      <transaction-date iso-date="2017-04-30" />
      <value currency="USD" value-date="2017-04-30">0</value>
      <provider-org ref="XM-DAC-41114">
        <narrative>United Nations development Programme</narrative>
      </provider-org>
      <disbursement-channel code="2" />
    </transaction>
    <transaction>
      <transaction-type code="11" />
      <transaction-date iso-date="2016-12-31" />
      <value currency="USD" value-date="2016-12-31">575</value>
      <provider-org type="10" ref="00187">
        <narrative>GOVERNMENT OF NORWAY</narrative>
      </provider-org>
      <receiver-org type="40" ref="XM-DAC-41114" receiver-activity-id="XM-DAC-41114-OUTPUT-00073889">
        <narrative>United Nations development Programme</narrative>
      </receiver-org>
      <disbursement-channel code="2" />
    </transaction>
    <transaction>
      <transaction-type code="11" />
      <transaction-date iso-date="2015-12-31" />
      <value currency="USD" value-date="2015-12-31">384198</value>
      <provider-org type="10" ref="00187">
        <narrative>GOVERNMENT OF NORWAY</narrative>
      </provider-org>
      <receiver-org type="40" ref="XM-DAC-41114" receiver-activity-id="XM-DAC-41114-OUTPUT-00073889">
        <narrative>United Nations development Programme</narrative>
      </receiver-org>
      <disbursement-channel code="2" />
    </transaction>
    <transaction>
      <transaction-type code="11" />
      <transaction-date iso-date="2014-12-31" />
      <value currency="USD" value-date="2014-12-31">880000</value>
      <provider-org type="10" ref="00187">
        <narrative>GOVERNMENT OF NORWAY</narrative>
      </provider-org>
      <receiver-org type="40" ref="XM-DAC-41114" receiver-activity-id="XM-DAC-41114-OUTPUT-00073889">
        <narrative>United Nations development Programme</narrative>
      </receiver-org>
      <disbursement-channel code="2" />
    </transaction>
    <transaction>
      <transaction-type code="1" />
      <transaction-date iso-date="2014-12-31" />
      <value currency="USD" value-date="2014-12-31">147455</value>
      <provider-org ref="00187" type="10">
        <narrative>GOVERNMENT OF NORWAY</narrative>
      </provider-org>
      <receiver-org ref="XM-DAC-41114" receiver-activity-id="00073889">
        <narrative>United Nations development Programme</narrative>
      </receiver-org>
      <disbursement-channel code="2" />
    </transaction>
    <transaction>
      <transaction-type code="11" />
      <transaction-date iso-date="2013-12-31" />
      <value currency="USD" value-date="2013-12-31">1530541</value>
      <provider-org type="10" ref="00187">
        <narrative>GOVERNMENT OF NORWAY</narrative>
      </provider-org>
      <receiver-org type="40" ref="XM-DAC-41114" receiver-activity-id="XM-DAC-41114-OUTPUT-00073889">
        <narrative>United Nations development Programme</narrative>
      </receiver-org>
      <disbursement-channel code="2" />
    </transaction>
    <transaction>
      <transaction-type code="1" />
      <transaction-date iso-date="2013-12-31" />
      <value currency="USD" value-date="2013-12-31">2188425</value>
      <provider-org ref="00187" type="10">
        <narrative>GOVERNMENT OF NORWAY</narrative>
      </provider-org>
      <receiver-org ref="XM-DAC-41114" receiver-activity-id="00073889">
        <narrative>United Nations development Programme</narrative>
      </receiver-org>
      <disbursement-channel code="2" />
    </transaction>
    <transaction>
      <transaction-type code="11" />
      <transaction-date iso-date="2012-12-31" />
      <value currency="USD" value-date="2012-12-31">1544288</value>
      <provider-org type="10" ref="00187">
        <narrative>GOVERNMENT OF NORWAY</narrative>
      </provider-org>
      <receiver-org type="40" ref="XM-DAC-41114" receiver-activity-id="XM-DAC-41114-OUTPUT-00073889">
        <narrative>United Nations development Programme</narrative>
      </receiver-org>
      <disbursement-channel code="2" />
    </transaction>
    <transaction>
      <transaction-type code="1" />
      <transaction-date iso-date="2012-12-31" />
      <value currency="USD" value-date="2012-12-31">-603982</value>
      <provider-org ref="00187" type="10">
        <narrative>GOVERNMENT OF NORWAY</narrative>
      </provider-org>
      <receiver-org ref="XM-DAC-41114" receiver-activity-id="00073889">
        <narrative>United Nations development Programme</narrative>
      </receiver-org>
      <disbursement-channel code="2" />
    </transaction>
    <transaction>
      <transaction-type code="11" />
      <transaction-date iso-date="2016-12-31" />
      <value currency="USD" value-date="2016-12-31">630880</value>
      <provider-org type="10" ref="CH-4">
        <narrative>GOVERNMENT OF SWITZERLAND</narrative>
      </provider-org>
      <receiver-org type="40" ref="XM-DAC-41114" receiver-activity-id="XM-DAC-41114-OUTPUT-00073889">
        <narrative>United Nations development Programme</narrative>
      </receiver-org>
      <disbursement-channel code="2" />
    </transaction>
    <transaction>
      <transaction-type code="11" />
      <transaction-date iso-date="2015-12-31" />
      <value currency="USD" value-date="2015-12-31">1733771</value>
      <provider-org type="10" ref="CH-4">
        <narrative>GOVERNMENT OF SWITZERLAND</narrative>
      </provider-org>
      <receiver-org type="40" ref="XM-DAC-41114" receiver-activity-id="XM-DAC-41114-OUTPUT-00073889">
        <narrative>United Nations development Programme</narrative>
      </receiver-org>
      <disbursement-channel code="2" />
    </transaction>
    <transaction>
      <transaction-type code="1" />
      <transaction-date iso-date="2015-12-31" />
      <value currency="USD" value-date="2015-12-31">200000</value>
      <provider-org ref="CH-4" type="10">
        <narrative>GOVERNMENT OF SWITZERLAND</narrative>
      </provider-org>
      <receiver-org ref="XM-DAC-41114" receiver-activity-id="00073889">
        <narrative>United Nations development Programme</narrative>
      </receiver-org>
      <disbursement-channel code="2" />
    </transaction>
    <transaction>
      <transaction-type code="11" />
      <transaction-date iso-date="2014-12-31" />
      <value currency="USD" value-date="2014-12-31">1700000</value>
      <provider-org type="10" ref="CH-4">
        <narrative>GOVERNMENT OF SWITZERLAND</narrative>
      </provider-org>
      <receiver-org type="40" ref="XM-DAC-41114" receiver-activity-id="XM-DAC-41114-OUTPUT-00073889">
        <narrative>United Nations development Programme</narrative>
      </receiver-org>
      <disbursement-channel code="2" />
    </transaction>
    <transaction>
      <transaction-type code="1" />
      <transaction-date iso-date="2014-12-31" />
      <value currency="USD" value-date="2014-12-31">800000</value>
      <provider-org ref="CH-4" type="10">
        <narrative>GOVERNMENT OF SWITZERLAND</narrative>
      </provider-org>
      <receiver-org ref="XM-DAC-41114" receiver-activity-id="00073889">
        <narrative>United Nations development Programme</narrative>
      </receiver-org>
      <disbursement-channel code="2" />
    </transaction>
    <transaction>
      <transaction-type code="11" />
      <transaction-date iso-date="2013-12-31" />
      <value currency="USD" value-date="2013-12-31">2184632</value>
      <provider-org type="10" ref="CH-4">
        <narrative>GOVERNMENT OF SWITZERLAND</narrative>
      </provider-org>
      <receiver-org type="40" ref="XM-DAC-41114" receiver-activity-id="XM-DAC-41114-OUTPUT-00073889">
        <narrative>United Nations development Programme</narrative>
      </receiver-org>
      <disbursement-channel code="2" />
    </transaction>
    <transaction>
      <transaction-type code="1" />
      <transaction-date iso-date="2013-12-31" />
      <value currency="USD" value-date="2013-12-31">2000000</value>
      <provider-org ref="CH-4" type="10">
        <narrative>GOVERNMENT OF SWITZERLAND</narrative>
      </provider-org>
      <receiver-org ref="XM-DAC-41114" receiver-activity-id="00073889">
        <narrative>United Nations development Programme</narrative>
      </receiver-org>
      <disbursement-channel code="2" />
    </transaction>
    <transaction>
      <transaction-type code="11" />
      <transaction-date iso-date="2012-12-31" />
      <value currency="USD" value-date="2012-12-31">1637161</value>
      <provider-org type="10" ref="CH-4">
        <narrative>GOVERNMENT OF SWITZERLAND</narrative>
      </provider-org>
      <receiver-org type="40" ref="XM-DAC-41114" receiver-activity-id="XM-DAC-41114-OUTPUT-00073889">
        <narrative>United Nations development Programme</narrative>
      </receiver-org>
      <disbursement-channel code="2" />
    </transaction>
    <transaction>
      <transaction-type code="1" />
      <transaction-date iso-date="2012-12-31" />
      <value currency="USD" value-date="2012-12-31">3399985</value>
      <provider-org ref="CH-4" type="10">
        <narrative>GOVERNMENT OF SWITZERLAND</narrative>
      </provider-org>
      <receiver-org ref="XM-DAC-41114" receiver-activity-id="00073889">
        <narrative>United Nations development Programme</narrative>
      </receiver-org>
      <disbursement-channel code="2" />
    </transaction>
    <transaction>
      <transaction-type code="11" />
      <transaction-date iso-date="2017-04-30" />
      <value currency="USD" value-date="2017-04-30">4100</value>
      <provider-org type="40" ref="XM-DAC-41114" provider-activity-id="XM-DAC-41114-PROJECT-00059154">
        <narrative>UNITED NATIONS DEVELOPMENT PROGRAMME</narrative>
      </provider-org>
      <receiver-org type="40" ref="XM-DAC-41114" receiver-activity-id="XM-DAC-41114-OUTPUT-00073889">
        <narrative>United Nations development Programme</narrative>
      </receiver-org>
      <disbursement-channel code="2" />
    </transaction>
    <transaction>
      <transaction-type code="11" />
      <transaction-date iso-date="2016-12-31" />
      <value currency="USD" value-date="2016-12-31">15217</value>
      <provider-org type="40" ref="XM-DAC-41114" provider-activity-id="XM-DAC-41114-PROJECT-00059154">
        <narrative>UNITED NATIONS DEVELOPMENT PROGRAMME</narrative>
      </provider-org>
      <receiver-org type="40" ref="XM-DAC-41114" receiver-activity-id="XM-DAC-41114-OUTPUT-00073889">
        <narrative>United Nations development Programme</narrative>
      </receiver-org>
      <disbursement-channel code="2" />
    </transaction>
    <transaction>
      <transaction-type code="11" />
      <transaction-date iso-date="2015-12-31" />
      <value currency="USD" value-date="2015-12-31">137305</value>
      <provider-org type="40" ref="XM-DAC-41114" provider-activity-id="XM-DAC-41114-PROJECT-00059154">
        <narrative>UNITED NATIONS DEVELOPMENT PROGRAMME</narrative>
      </provider-org>
      <receiver-org type="40" ref="XM-DAC-41114" receiver-activity-id="XM-DAC-41114-OUTPUT-00073889">
        <narrative>United Nations development Programme</narrative>
      </receiver-org>
      <disbursement-channel code="2" />
    </transaction>
    <transaction>
      <transaction-type code="11" />
      <transaction-date iso-date="2014-12-31" />
      <value currency="USD" value-date="2014-12-31">115667</value>
      <provider-org type="40" ref="XM-DAC-41114" provider-activity-id="XM-DAC-41114-PROJECT-00059154">
        <narrative>UNITED NATIONS DEVELOPMENT PROGRAMME</narrative>
      </provider-org>
      <receiver-org type="40" ref="XM-DAC-41114" receiver-activity-id="XM-DAC-41114-OUTPUT-00073889">
        <narrative>United Nations development Programme</narrative>
      </receiver-org>
      <disbursement-channel code="2" />
    </transaction>
    <transaction>
      <transaction-type code="11" />
      <transaction-date iso-date="2013-12-31" />
      <value currency="USD" value-date="2013-12-31">54001</value>
      <provider-org type="40" ref="XM-DAC-41114" provider-activity-id="XM-DAC-41114-PROJECT-00059154">
        <narrative>UNITED NATIONS DEVELOPMENT PROGRAMME</narrative>
      </provider-org>
      <receiver-org type="40" ref="XM-DAC-41114" receiver-activity-id="XM-DAC-41114-OUTPUT-00073889">
        <narrative>United Nations development Programme</narrative>
      </receiver-org>
      <disbursement-channel code="2" />
    </transaction>
    <transaction>
      <transaction-type code="11" />
      <transaction-date iso-date="2012-12-31" />
      <value currency="USD" value-date="2012-12-31">109804</value>
      <provider-org type="40" ref="XM-DAC-41114" provider-activity-id="XM-DAC-41114-PROJECT-00059154">
        <narrative>UNITED NATIONS DEVELOPMENT PROGRAMME</narrative>
      </provider-org>
      <receiver-org type="40" ref="XM-DAC-41114" receiver-activity-id="XM-DAC-41114-OUTPUT-00073889">
        <narrative>United Nations development Programme</narrative>
      </receiver-org>
      <disbursement-channel code="2" />
    </transaction>
    <transaction>
      <transaction-type code="4" />
      <transaction-date iso-date="2016-12-31" />
      <value currency="USD" value-date="2016-12-31">641121</value>
      <disbursement-channel code="2" />
    </transaction>
    <transaction>
      <transaction-type code="4" />
      <transaction-date iso-date="2015-12-31" />
      <value currency="USD" value-date="2015-12-31">2200641</value>
      <disbursement-channel code="2" />
    </transaction>
    <transaction>
      <transaction-type code="4" />
      <transaction-date iso-date="2014-12-31" />
      <value currency="USD" value-date="2014-12-31">2599161</value>
      <disbursement-channel code="2" />
    </transaction>
    <transaction>
      <transaction-type code="4" />
      <transaction-date iso-date="2013-12-31" />
      <value currency="USD" value-date="2013-12-31">3710867</value>
      <disbursement-channel code="2" />
    </transaction>
    <transaction>
      <transaction-type code="4" />
      <transaction-date iso-date="2012-12-31" />
      <value currency="USD" value-date="2012-12-31">3261174</value>
      <disbursement-channel code="2" />
    </transaction>
    <document-link format="text/html" url="http://open.undp.org/#project/00059154">
      <title>
        <narrative>Activity web page</narrative>
      </title>
      <category code="A12" />
    </document-link>
    <related-activity type="1" ref="XM-DAC-41114-PROJECT-00059154" />
    <conditions attached="0" />
  </iati-activity>
  <iati-activity last-updated-datetime="2017-05-01T00:02:02" default-currency="USD" xml:lang="es" hierarchy="1">
    <iati-identifier>XM-DAC-41114-PROJECT-00059357</iati-identifier>
    <reporting-org ref="XM-DAC-41114" type="40">
      <narrative>United Nations Development Programme</narrative>
    </reporting-org>
    <title>
      <narrative>Programa Sistema de Informacion Seguridad Alimentaria</narrative>
    </title>
    <description type="1">
      <narrative>Programa Regional de Sistemas de Informacion en Seguridad Alimentaria y Nutricional.</narrative>
    </description>
    <participating-org role="4" type="40" ref="XM-DAC-41114">
      <narrative>United Nations Development Programme</narrative>
    </participating-org>
    <participating-org role="2" type="40" ref="XM-DAC-41114">
      <narrative>UNITED NATIONS DEVELOPMENT PROGRAMME</narrative>
    </participating-org>
    <participating-org role="1" type="40" ref="00280">
      <narrative>EUROPEAN ECONOMIC COMMUNITY</narrative>
    </participating-org>
    <participating-org role="1" type="70" ref="10015">
      <narrative>CONEX AIR SERVICES</narrative>
    </participating-org>
    <participating-org role="1" type="40" ref="10159">
      <narrative>EUROPEAN COMMISSION</narrative>
    </participating-org>
    <participating-org role="1" type="40" ref="XM-DAC-41114">
      <narrative>UNITED NATIONS DEVELOPMENT PROGRAMME</narrative>
    </participating-org>
    <activity-status code="2" />
    <activity-date type="1" iso-date="2010-03-01" />
    <activity-date type="2" iso-date="2010-03-01" />
    <activity-date type="3" iso-date="2017-06-30" />
    <contact-info type="1">
      <email>registry.ni@undp.org</email>
      <website>http://www.undp.org.ni/</website>
    </contact-info>
    <recipient-country code="NI">
      <narrative>Nicaragua</narrative>
    </recipient-country>
    <sector vocabulary="1" code="99810" />
    <collaboration-type code="4" />
    <default-flow-type code="10" />
    <default-finance-type code="110" />
    <default-aid-type code="C01" />
    <default-tied-status code="3" />
    <document-link format="application/pdf" url="https://info.undp.org/docs/pdc/Documents/NIC/PRODOC%20firmado%20completo.pdf">
      <title>
        <narrative>PRODOC firmado completo</narrative>
      </title>
      <category code="A01" />
      <category code="A02" />
      <category code="A03" />
      <category code="A04" />
      <category code="A05" />
      <category code="A08" />
      <language code="es" />
    </document-link>
    <document-link format="text/html" url="http://procurement-notices.undp.org/index.cfm">
      <title>
        <narrative>Request for Procurement</narrative>
      </title>
      <category code="A10" />
      <language code="en" />
    </document-link>
    <document-link format="text/html" url="http://open.undp.org/#project/00059357">
      <title>
        <narrative>Purchase Order Summary</narrative>
      </title>
      <category code="A11" />
      <category code="A12" />
      <language code="en" />
    </document-link>
    <related-activity type="2" ref="XM-DAC-41114-OUTPUT-00079813" />
    <conditions attached="0" />
  </iati-activity>
  <iati-activity last-updated-datetime="2017-05-01T00:02:02" default-currency="USD" xml:lang="es" hierarchy="2">
    <iati-identifier>XM-DAC-41114-OUTPUT-00079813</iati-identifier>
    <reporting-org ref="XM-DAC-41114" type="40">
      <narrative>United Nations Development Programme</narrative>
    </reporting-org>
    <title>
      <narrative>Programa Regional Sistemas II</narrative>
    </title>
    <description type="1">
      <narrative>Programa Regional de Sistemas de Información en Seguridad Alimentaria y Nutricional fase II.</narrative>
    </description>
    <participating-org role="1" type="40" ref="00280">
      <narrative>EUROPEAN ECONOMIC COMMUNITY</narrative>
    </participating-org>
    <participating-org role="1" type="70" ref="10015">
      <narrative>CONEX AIR SERVICES</narrative>
    </participating-org>
    <participating-org role="1" type="40" ref="10159">
      <narrative>EUROPEAN COMMISSION</narrative>
    </participating-org>
    <participating-org role="1" type="40" ref="XM-DAC-41114">
      <narrative>UNITED NATIONS DEVELOPMENT PROGRAMME</narrative>
    </participating-org>
    <activity-status code="2" />
    <activity-date type="1" iso-date="2012-10-01" />
    <activity-date type="2" iso-date="2012-10-01" />
    <activity-date type="3" iso-date="2017-06-30" />
    <contact-info type="1">
      <email>registry.ni@undp.org</email>
      <website>http://www.undp.org.ni/</website>
    </contact-info>
    <activity-scope code="4" />
    <recipient-country code="NI">
      <narrative>Nicaragua</narrative>
    </recipient-country>
    <location ref="NI">
      <location-reach code="2" />
      <location-id vocabulary="G1" code="3617476" />
      <name>
        <narrative>Nicaragua</narrative>
      </name>
      <description>
        <narrative>independent political entity</narrative>
      </description>
      <activity-description>
        <narrative />
      </activity-description>
      <administrative level="0" code="3617476" vocabulary="G1" />
      <point srsName="http://www.opengis.net/def/crs/EPSG/0/4326">
        <pos>13.000000 -85.000000</pos>
      </point>
      <exactness code="1" />
      <location-class code="1" />
      <feature-designation code="PCLI" />
    </location>
    <sector vocabulary="1" code="99810" />
    <sector vocabulary="99" code="7">
      <narrative>Development Impact &amp; Effectiveness</narrative>
    </sector>
    <policy-marker vocabulary="1" code="1" significance="0" />
    <collaboration-type code="4" />
    <default-flow-type code="10" />
    <default-finance-type code="110" />
    <default-aid-type code="C01" />
    <default-tied-status code="3" />
    <budget type="2" status="2">
      <period-start iso-date="2017-01-01" />
      <period-end iso-date="2017-12-31" />
      <value currency="USD" value-date="2017-04-30">3200</value>
    </budget>
    <budget type="2" status="2">
      <period-start iso-date="2016-01-01" />
      <period-end iso-date="2016-12-31" />
      <value currency="USD" value-date="2016-12-31">281311</value>
    </budget>
    <budget type="2" status="2">
      <period-start iso-date="2015-01-01" />
      <period-end iso-date="2015-12-31" />
      <value currency="USD" value-date="2015-12-31">1089223</value>
    </budget>
    <budget type="2" status="2">
      <period-start iso-date="2014-01-01" />
      <period-end iso-date="2014-12-31" />
      <value currency="USD" value-date="2014-12-31">863000</value>
    </budget>
    <budget type="2" status="2">
      <period-start iso-date="2013-01-01" />
      <period-end iso-date="2013-12-31" />
      <value currency="USD" value-date="2013-12-31">202918</value>
    </budget>
    <budget type="2" status="2">
      <period-start iso-date="2012-01-01" />
      <period-end iso-date="2012-12-31" />
      <value currency="USD" value-date="2012-12-31">0</value>
    </budget>
    <capital-spend percentage="0.00" />
    <transaction>
      <transaction-type code="4" />
      <transaction-date iso-date="2017-04-30" />
      <value currency="USD" value-date="2017-04-30">2300</value>
      <provider-org ref="XM-DAC-41114">
        <narrative>United Nations development Programme</narrative>
      </provider-org>
      <disbursement-channel code="2" />
    </transaction>
    <transaction>
      <transaction-type code="11" />
      <transaction-date iso-date="2013-12-31" />
      <value currency="USD" value-date="2013-12-31">-6024</value>
      <provider-org type="40" ref="00280">
        <narrative>EUROPEAN ECONOMIC COMMUNITY</narrative>
      </provider-org>
      <receiver-org type="40" ref="XM-DAC-41114" receiver-activity-id="XM-DAC-41114-OUTPUT-00079813">
        <narrative>United Nations development Programme</narrative>
      </receiver-org>
      <disbursement-channel code="2" />
    </transaction>
    <transaction>
      <transaction-type code="1" />
      <transaction-date iso-date="2012-12-31" />
      <value currency="USD" value-date="2012-12-31">-1291990</value>
      <provider-org ref="00280" type="40">
        <narrative>EUROPEAN ECONOMIC COMMUNITY</narrative>
      </provider-org>
      <receiver-org ref="XM-DAC-41114" receiver-activity-id="00079813">
        <narrative>United Nations development Programme</narrative>
      </receiver-org>
      <disbursement-channel code="2" />
    </transaction>
    <transaction>
      <transaction-type code="11" />
      <transaction-date iso-date="2014-12-31" />
      <value currency="USD" value-date="2014-12-31">196</value>
      <provider-org type="70" ref="10015">
        <narrative>CONEX AIR SERVICES</narrative>
      </provider-org>
      <receiver-org type="40" ref="XM-DAC-41114" receiver-activity-id="XM-DAC-41114-OUTPUT-00079813">
        <narrative>United Nations development Programme</narrative>
      </receiver-org>
      <disbursement-channel code="2" />
    </transaction>
    <transaction>
      <transaction-type code="11" />
      <transaction-date iso-date="2016-12-31" />
      <value currency="USD" value-date="2016-12-31">281311</value>
      <provider-org type="40" ref="10159">
        <narrative>EUROPEAN COMMISSION</narrative>
      </provider-org>
      <receiver-org type="40" ref="XM-DAC-41114" receiver-activity-id="XM-DAC-41114-OUTPUT-00079813">
        <narrative>United Nations development Programme</narrative>
      </receiver-org>
      <disbursement-channel code="2" />
    </transaction>
    <transaction>
      <transaction-type code="11" />
      <transaction-date iso-date="2015-12-31" />
      <value currency="USD" value-date="2015-12-31">1089223</value>
      <provider-org type="40" ref="10159">
        <narrative>EUROPEAN COMMISSION</narrative>
      </provider-org>
      <receiver-org type="40" ref="XM-DAC-41114" receiver-activity-id="XM-DAC-41114-OUTPUT-00079813">
        <narrative>United Nations development Programme</narrative>
      </receiver-org>
      <disbursement-channel code="2" />
    </transaction>
    <transaction>
      <transaction-type code="1" />
      <transaction-date iso-date="2015-12-31" />
      <value currency="USD" value-date="2015-12-31">952714</value>
      <provider-org ref="10159" type="40">
        <narrative>EUROPEAN COMMISSION</narrative>
      </provider-org>
      <receiver-org ref="XM-DAC-41114" receiver-activity-id="00079813">
        <narrative>United Nations development Programme</narrative>
      </receiver-org>
      <disbursement-channel code="2" />
    </transaction>
    <transaction>
      <transaction-type code="11" />
      <transaction-date iso-date="2014-12-31" />
      <value currency="USD" value-date="2014-12-31">862804</value>
      <provider-org type="40" ref="10159">
        <narrative>EUROPEAN COMMISSION</narrative>
      </provider-org>
      <receiver-org type="40" ref="XM-DAC-41114" receiver-activity-id="XM-DAC-41114-OUTPUT-00079813">
        <narrative>United Nations development Programme</narrative>
      </receiver-org>
      <disbursement-channel code="2" />
    </transaction>
    <transaction>
      <transaction-type code="1" />
      <transaction-date iso-date="2014-12-31" />
      <value currency="USD" value-date="2014-12-31">1133708</value>
      <provider-org ref="10159" type="40">
        <narrative>EUROPEAN COMMISSION</narrative>
      </provider-org>
      <receiver-org ref="XM-DAC-41114" receiver-activity-id="00079813">
        <narrative>United Nations development Programme</narrative>
      </receiver-org>
      <disbursement-channel code="2" />
    </transaction>
    <transaction>
      <transaction-type code="11" />
      <transaction-date iso-date="2013-12-31" />
      <value currency="USD" value-date="2013-12-31">208942</value>
      <provider-org type="40" ref="10159">
        <narrative>EUROPEAN COMMISSION</narrative>
      </provider-org>
      <receiver-org type="40" ref="XM-DAC-41114" receiver-activity-id="XM-DAC-41114-OUTPUT-00079813">
        <narrative>United Nations development Programme</narrative>
      </receiver-org>
      <disbursement-channel code="2" />
    </transaction>
    <transaction>
      <transaction-type code="1" />
      <transaction-date iso-date="2012-12-31" />
      <value currency="USD" value-date="2012-12-31">227823</value>
      <provider-org ref="10159" type="40">
        <narrative>EUROPEAN COMMISSION</narrative>
      </provider-org>
      <receiver-org ref="XM-DAC-41114" receiver-activity-id="00079813">
        <narrative>United Nations development Programme</narrative>
      </receiver-org>
      <disbursement-channel code="2" />
    </transaction>
    <transaction>
      <transaction-type code="11" />
      <transaction-date iso-date="2017-04-30" />
      <value currency="USD" value-date="2017-04-30">3200</value>
      <provider-org type="40" ref="XM-DAC-41114" provider-activity-id="XM-DAC-41114-PROJECT-00059357">
        <narrative>UNITED NATIONS DEVELOPMENT PROGRAMME</narrative>
      </provider-org>
      <receiver-org type="40" ref="XM-DAC-41114" receiver-activity-id="XM-DAC-41114-OUTPUT-00079813">
        <narrative>United Nations development Programme</narrative>
      </receiver-org>
      <disbursement-channel code="2" />
    </transaction>
    <transaction>
      <transaction-type code="4" />
      <transaction-date iso-date="2016-12-31" />
      <value currency="USD" value-date="2016-12-31">124621</value>
      <disbursement-channel code="2" />
    </transaction>
    <transaction>
      <transaction-type code="4" />
      <transaction-date iso-date="2015-12-31" />
      <value currency="USD" value-date="2015-12-31">1017645</value>
      <disbursement-channel code="2" />
    </transaction>
    <transaction>
      <transaction-type code="4" />
      <transaction-date iso-date="2014-12-31" />
      <value currency="USD" value-date="2014-12-31">861172</value>
      <disbursement-channel code="2" />
    </transaction>
    <transaction>
      <transaction-type code="4" />
      <transaction-date iso-date="2013-12-31" />
      <value currency="USD" value-date="2013-12-31">118720</value>
      <disbursement-channel code="2" />
    </transaction>
    <transaction>
      <transaction-type code="4" />
      <transaction-date iso-date="2012-12-31" />
      <value currency="USD" value-date="2012-12-31">0</value>
      <disbursement-channel code="2" />
    </transaction>
    <document-link format="text/html" url="http://open.undp.org/#project/00059357">
      <title>
        <narrative>Activity web page</narrative>
      </title>
      <category code="A12" />
    </document-link>
    <related-activity type="1" ref="XM-DAC-41114-PROJECT-00059357" />
    <conditions attached="0" />
  </iati-activity>
  <iati-activity last-updated-datetime="2017-05-01T00:02:02" default-currency="USD" xml:lang="es" hierarchy="1">
    <iati-identifier>XM-DAC-41114-PROJECT-00059913</iati-identifier>
    <reporting-org ref="XM-DAC-41114" type="40">
      <narrative>United Nations Development Programme</narrative>
    </reporting-org>
    <title>
      <narrative>Programa Regional  de Seguridad Alimentaria Fase II</narrative>
    </title>
    <description type="1">
      <narrative>Programa Regional de Seguridad Alimentaria y Nutricional para Centroamérica Fase II (PRESANCA).</narrative>
    </description>
    <participating-org role="4" type="40" ref="XM-DAC-41114">
      <narrative>United Nations Development Programme</narrative>
    </participating-org>
    <participating-org role="2" type="40" ref="XM-DAC-41114">
      <narrative>UNITED NATIONS DEVELOPMENT PROGRAMME</narrative>
    </participating-org>
    <participating-org role="1" type="40" ref="00280">
      <narrative>EUROPEAN ECONOMIC COMMUNITY</narrative>
    </participating-org>
    <participating-org role="1" type="10" ref="FI-3">
      <narrative>GOVERNMENT OF FINLAND</narrative>
    </participating-org>
    <participating-org role="1" type="40" ref="XM-DAC-41114">
      <narrative>UNITED NATIONS DEVELOPMENT PROGRAMME</narrative>
    </participating-org>
    <activity-status code="2" />
    <activity-date type="1" iso-date="2010-06-01" />
    <activity-date type="2" iso-date="2010-06-01" />
    <activity-date type="3" iso-date="2017-06-30" />
    <contact-info type="1">
      <email>registry.ni@undp.org</email>
      <website>http://www.undp.org.ni/</website>
    </contact-info>
    <recipient-country code="NI">
      <narrative>Nicaragua</narrative>
    </recipient-country>
    <sector vocabulary="1" code="15110" />
    <collaboration-type code="4" />
    <default-flow-type code="10" />
    <default-finance-type code="110" />
    <default-aid-type code="C01" />
    <default-tied-status code="3" />
    <document-link format="application/pdf" url="https://info.undp.org/docs/pdc/Documents/NIC/00059913_PRODOC%20Firmado.pdf">
      <title>
        <narrative>00059913_PRODOC Firmado</narrative>
      </title>
      <category code="A01" />
      <category code="A02" />
      <category code="A03" />
      <category code="A04" />
      <category code="A05" />
      <category code="A08" />
      <language code="en" />
    </document-link>
    <document-link format="text/html" url="http://procurement-notices.undp.org/index.cfm">
      <title>
        <narrative>Request for Procurement</narrative>
      </title>
      <category code="A10" />
      <language code="en" />
    </document-link>
    <document-link format="text/html" url="http://open.undp.org/#project/00059913">
      <title>
        <narrative>Purchase Order Summary</narrative>
      </title>
      <category code="A11" />
      <category code="A12" />
      <language code="en" />
    </document-link>
    <related-activity type="2" ref="XM-DAC-41114-OUTPUT-00075161" />
    <related-activity type="2" ref="XM-DAC-41114-OUTPUT-00080159" />
    <conditions attached="0" />
  </iati-activity>
  <iati-activity last-updated-datetime="2017-05-01T00:02:02" default-currency="USD" xml:lang="es" hierarchy="2">
    <iati-identifier>XM-DAC-41114-OUTPUT-00075161</iati-identifier>
    <reporting-org ref="XM-DAC-41114" type="40">
      <narrative>United Nations Development Programme</narrative>
    </reporting-org>
    <title>
      <narrative>Programa Región Unión Europea</narrative>
    </title>
    <description type="1">
      <narrative>Contribuir a la reducción de la inseguridad alimentaria y nutricional en las poblaciones más vulnerables de Centroamérica.</narrative>
    </description>
    <participating-org role="1" type="40" ref="00280">
      <narrative>EUROPEAN ECONOMIC COMMUNITY</narrative>
    </participating-org>
    <participating-org role="1" type="40" ref="XM-DAC-41114">
      <narrative>UNITED NATIONS DEVELOPMENT PROGRAMME</narrative>
    </participating-org>
    <activity-status code="2" />
    <activity-date type="1" iso-date="2010-06-01" />
    <activity-date type="2" iso-date="2010-06-01" />
    <activity-date type="3" iso-date="2017-06-30" />
    <contact-info type="1">
      <email>registry.ni@undp.org</email>
      <website>http://www.undp.org.ni/</website>
    </contact-info>
    <activity-scope code="4" />
    <recipient-country code="NI">
      <narrative>Nicaragua</narrative>
    </recipient-country>
    <location ref="NI">
      <location-reach code="2" />
      <location-id vocabulary="G1" code="3617476" />
      <name>
        <narrative>Nicaragua</narrative>
      </name>
      <description>
        <narrative>independent political entity</narrative>
      </description>
      <activity-description>
        <narrative />
      </activity-description>
      <administrative level="0" code="3617476" vocabulary="G1" />
      <point srsName="http://www.opengis.net/def/crs/EPSG/0/4326">
        <pos>13.000000 -85.000000</pos>
      </point>
      <exactness code="1" />
      <location-class code="1" />
      <feature-designation code="PCLI" />
    </location>
    <sector vocabulary="1" code="15110" />
    <sector vocabulary="99" code="1">
      <narrative>Inclusive &amp; Sustainable Growth</narrative>
    </sector>
    <country-budget-items vocabulary="1">
      <budget-item code="3.1.1" percentage="100">
        <description>
          <narrative>policy, planning and administration</narrative>
        </description>
      </budget-item>
    </country-budget-items>
    <policy-marker vocabulary="1" code="1" significance="1" />
    <collaboration-type code="4" />
    <default-flow-type code="10" />
    <default-finance-type code="110" />
    <default-aid-type code="C01" />
    <default-tied-status code="3" />
    <budget type="2" status="2">
      <period-start iso-date="2017-01-01" />
      <period-end iso-date="2017-12-31" />
      <value currency="USD" value-date="2017-04-30">5300</value>
    </budget>
    <budget type="2" status="2">
      <period-start iso-date="2016-01-01" />
      <period-end iso-date="2016-12-31" />
      <value currency="USD" value-date="2016-12-31">1094017</value>
    </budget>
    <budget type="2" status="2">
      <period-start iso-date="2015-01-01" />
      <period-end iso-date="2015-12-31" />
      <value currency="USD" value-date="2015-12-31">2665581</value>
    </budget>
    <budget type="2" status="2">
      <period-start iso-date="2014-01-01" />
      <period-end iso-date="2014-12-31" />
      <value currency="USD" value-date="2014-12-31">3827205</value>
    </budget>
    <budget type="2" status="2">
      <period-start iso-date="2013-01-01" />
      <period-end iso-date="2013-12-31" />
      <value currency="USD" value-date="2013-12-31">3039245</value>
    </budget>
    <budget type="2" status="2">
      <period-start iso-date="2012-01-01" />
      <period-end iso-date="2012-12-31" />
      <value currency="USD" value-date="2012-12-31">3521314</value>
    </budget>
    <transaction>
      <transaction-type code="4" />
      <transaction-date iso-date="2017-04-30" />
      <value currency="USD" value-date="2017-04-30">4200</value>
      <provider-org ref="XM-DAC-41114">
        <narrative>United Nations development Programme</narrative>
      </provider-org>
      <disbursement-channel code="2" />
    </transaction>
    <transaction>
      <transaction-type code="11" />
      <transaction-date iso-date="2016-12-31" />
      <value currency="USD" value-date="2016-12-31">1094017</value>
      <provider-org type="40" ref="00280">
        <narrative>EUROPEAN ECONOMIC COMMUNITY</narrative>
      </provider-org>
      <receiver-org type="40" ref="XM-DAC-41114" receiver-activity-id="XM-DAC-41114-OUTPUT-00075161">
        <narrative>United Nations development Programme</narrative>
      </receiver-org>
      <disbursement-channel code="2" />
    </transaction>
    <transaction>
      <transaction-type code="11" />
      <transaction-date iso-date="2015-12-31" />
      <value currency="USD" value-date="2015-12-31">2665581</value>
      <provider-org type="40" ref="00280">
        <narrative>EUROPEAN ECONOMIC COMMUNITY</narrative>
      </provider-org>
      <receiver-org type="40" ref="XM-DAC-41114" receiver-activity-id="XM-DAC-41114-OUTPUT-00075161">
        <narrative>United Nations development Programme</narrative>
      </receiver-org>
      <disbursement-channel code="2" />
    </transaction>
    <transaction>
      <transaction-type code="1" />
      <transaction-date iso-date="2015-12-31" />
      <value currency="USD" value-date="2015-12-31">2188573</value>
      <provider-org ref="00280" type="40">
        <narrative>EUROPEAN ECONOMIC COMMUNITY</narrative>
      </provider-org>
      <receiver-org ref="XM-DAC-41114" receiver-activity-id="00075161">
        <narrative>United Nations development Programme</narrative>
      </receiver-org>
      <disbursement-channel code="2" />
    </transaction>
    <transaction>
      <transaction-type code="11" />
      <transaction-date iso-date="2014-12-31" />
      <value currency="USD" value-date="2014-12-31">3827205</value>
      <provider-org type="40" ref="00280">
        <narrative>EUROPEAN ECONOMIC COMMUNITY</narrative>
      </provider-org>
      <receiver-org type="40" ref="XM-DAC-41114" receiver-activity-id="XM-DAC-41114-OUTPUT-00075161">
        <narrative>United Nations development Programme</narrative>
      </receiver-org>
      <disbursement-channel code="2" />
    </transaction>
    <transaction>
      <transaction-type code="1" />
      <transaction-date iso-date="2014-12-31" />
      <value currency="USD" value-date="2014-12-31">3360563</value>
      <provider-org ref="00280" type="40">
        <narrative>EUROPEAN ECONOMIC COMMUNITY</narrative>
      </provider-org>
      <receiver-org ref="XM-DAC-41114" receiver-activity-id="00075161">
        <narrative>United Nations development Programme</narrative>
      </receiver-org>
      <disbursement-channel code="2" />
    </transaction>
    <transaction>
      <transaction-type code="11" />
      <transaction-date iso-date="2013-12-31" />
      <value currency="USD" value-date="2013-12-31">3039245</value>
      <provider-org type="40" ref="00280">
        <narrative>EUROPEAN ECONOMIC COMMUNITY</narrative>
      </provider-org>
      <receiver-org type="40" ref="XM-DAC-41114" receiver-activity-id="XM-DAC-41114-OUTPUT-00075161">
        <narrative>United Nations development Programme</narrative>
      </receiver-org>
      <disbursement-channel code="2" />
    </transaction>
    <transaction>
      <transaction-type code="1" />
      <transaction-date iso-date="2013-12-31" />
      <value currency="USD" value-date="2013-12-31">3661514</value>
      <provider-org ref="00280" type="40">
        <narrative>EUROPEAN ECONOMIC COMMUNITY</narrative>
      </provider-org>
      <receiver-org ref="XM-DAC-41114" receiver-activity-id="00075161">
        <narrative>United Nations development Programme</narrative>
      </receiver-org>
      <disbursement-channel code="2" />
    </transaction>
    <transaction>
      <transaction-type code="11" />
      <transaction-date iso-date="2012-12-31" />
      <value currency="USD" value-date="2012-12-31">3521314</value>
      <provider-org type="40" ref="00280">
        <narrative>EUROPEAN ECONOMIC COMMUNITY</narrative>
      </provider-org>
      <receiver-org type="40" ref="XM-DAC-41114" receiver-activity-id="XM-DAC-41114-OUTPUT-00075161">
        <narrative>United Nations development Programme</narrative>
      </receiver-org>
      <disbursement-channel code="2" />
    </transaction>
    <transaction>
      <transaction-type code="11" />
      <transaction-date iso-date="2017-04-30" />
      <value currency="USD" value-date="2017-04-30">5300</value>
      <provider-org type="40" ref="XM-DAC-41114" provider-activity-id="XM-DAC-41114-PROJECT-00059913">
        <narrative>UNITED NATIONS DEVELOPMENT PROGRAMME</narrative>
      </provider-org>
      <receiver-org type="40" ref="XM-DAC-41114" receiver-activity-id="XM-DAC-41114-OUTPUT-00075161">
        <narrative>United Nations development Programme</narrative>
      </receiver-org>
      <disbursement-channel code="2" />
    </transaction>
    <transaction>
      <transaction-type code="4" />
      <transaction-date iso-date="2016-12-31" />
      <value currency="USD" value-date="2016-12-31">329781</value>
      <disbursement-channel code="2" />
    </transaction>
    <transaction>
      <transaction-type code="4" />
      <transaction-date iso-date="2015-12-31" />
      <value currency="USD" value-date="2015-12-31">2463435</value>
      <disbursement-channel code="2" />
    </transaction>
    <transaction>
      <transaction-type code="4" />
      <transaction-date iso-date="2014-12-31" />
      <value currency="USD" value-date="2014-12-31">3761465</value>
      <disbursement-channel code="2" />
    </transaction>
    <transaction>
      <transaction-type code="4" />
      <transaction-date iso-date="2013-12-31" />
      <value currency="USD" value-date="2013-12-31">3008163</value>
      <disbursement-channel code="2" />
    </transaction>
    <transaction>
      <transaction-type code="4" />
      <transaction-date iso-date="2012-12-31" />
      <value currency="USD" value-date="2012-12-31">3438349</value>
      <disbursement-channel code="2" />
    </transaction>
    <document-link format="text/html" url="http://open.undp.org/#project/00059913">
      <title>
        <narrative>Activity web page</narrative>
      </title>
      <category code="A12" />
    </document-link>
    <related-activity type="1" ref="XM-DAC-41114-PROJECT-00059913" />
    <related-activity type="3" ref="XM-DAC-41114-OUTPUT-00080159" />
    <conditions attached="0" />
  </iati-activity>
  <iati-activity last-updated-datetime="2017-05-01T00:02:02" default-currency="USD" xml:lang="es" hierarchy="2">
    <iati-identifier>XM-DAC-41114-OUTPUT-00080159</iati-identifier>
    <reporting-org ref="XM-DAC-41114" type="40">
      <narrative>United Nations Development Programme</narrative>
    </reporting-org>
    <title>
      <narrative>Programa Regional - Finlandia</narrative>
    </title>
    <description type="1">
      <narrative>Programa Regional en Seguridad Alimentaria y Nutricional en Centro America fase II, fondos Finlandia.</narrative>
    </description>
    <participating-org role="1" type="10" ref="FI-3">
      <narrative>GOVERNMENT OF FINLAND</narrative>
    </participating-org>
    <participating-org role="1" type="40" ref="XM-DAC-41114">
      <narrative>UNITED NATIONS DEVELOPMENT PROGRAMME</narrative>
    </participating-org>
    <activity-status code="2" />
    <activity-date type="1" iso-date="2011-10-13" />
    <activity-date type="2" iso-date="2011-10-13" />
    <activity-date type="3" iso-date="2017-06-30" />
    <contact-info type="1">
      <email>registry.ni@undp.org</email>
      <website>http://www.undp.org.ni/</website>
    </contact-info>
    <activity-scope code="4" />
    <recipient-country code="NI">
      <narrative>Nicaragua</narrative>
    </recipient-country>
    <location ref="NI">
      <location-reach code="2" />
      <location-id vocabulary="G1" code="3617476" />
      <name>
        <narrative>Nicaragua</narrative>
      </name>
      <description>
        <narrative>independent political entity</narrative>
      </description>
      <activity-description>
        <narrative />
      </activity-description>
      <administrative level="0" code="3617476" vocabulary="G1" />
      <point srsName="http://www.opengis.net/def/crs/EPSG/0/4326">
        <pos>13.000000 -85.000000</pos>
      </point>
      <exactness code="1" />
      <location-class code="1" />
      <feature-designation code="PCLI" />
    </location>
    <sector vocabulary="1" code="15110" />
    <sector vocabulary="99" code="1">
      <narrative>Inclusive &amp; Sustainable Growth</narrative>
    </sector>
    <country-budget-items vocabulary="1">
      <budget-item code="3.1.1" percentage="100">
        <description>
          <narrative>policy, planning and administration</narrative>
        </description>
      </budget-item>
    </country-budget-items>
    <policy-marker vocabulary="1" code="1" significance="1" />
    <collaboration-type code="4" />
    <default-flow-type code="10" />
    <default-finance-type code="110" />
    <default-aid-type code="C01" />
    <default-tied-status code="3" />
    <budget type="2" status="2">
      <period-start iso-date="2017-01-01" />
      <period-end iso-date="2017-12-31" />
      <value currency="USD" value-date="2017-04-30">3400</value>
    </budget>
    <budget type="2" status="2">
      <period-start iso-date="2016-01-01" />
      <period-end iso-date="2016-12-31" />
      <value currency="USD" value-date="2016-12-31">400484</value>
    </budget>
    <budget type="2" status="2">
      <period-start iso-date="2015-01-01" />
      <period-end iso-date="2015-12-31" />
      <value currency="USD" value-date="2015-12-31">1675349</value>
    </budget>
    <budget type="2" status="2">
      <period-start iso-date="2014-01-01" />
      <period-end iso-date="2014-12-31" />
      <value currency="USD" value-date="2014-12-31">1982792</value>
    </budget>
    <budget type="2" status="2">
      <period-start iso-date="2013-01-01" />
      <period-end iso-date="2013-12-31" />
      <value currency="USD" value-date="2013-12-31">1699950</value>
    </budget>
    <budget type="2" status="2">
      <period-start iso-date="2012-01-01" />
      <period-end iso-date="2012-12-31" />
      <value currency="USD" value-date="2012-12-31">882820</value>
    </budget>
    <transaction>
      <transaction-type code="4" />
      <transaction-date iso-date="2017-04-30" />
      <value currency="USD" value-date="2017-04-30">2970</value>
      <provider-org ref="XM-DAC-41114">
        <narrative>United Nations development Programme</narrative>
      </provider-org>
      <disbursement-channel code="2" />
    </transaction>
    <transaction>
      <transaction-type code="11" />
      <transaction-date iso-date="2016-12-31" />
      <value currency="USD" value-date="2016-12-31">400484</value>
      <provider-org type="10" ref="FI-3">
        <narrative>GOVERNMENT OF FINLAND</narrative>
      </provider-org>
      <receiver-org type="40" ref="XM-DAC-41114" receiver-activity-id="XM-DAC-41114-OUTPUT-00080159">
        <narrative>United Nations development Programme</narrative>
      </receiver-org>
      <disbursement-channel code="2" />
    </transaction>
    <transaction>
      <transaction-type code="11" />
      <transaction-date iso-date="2015-12-31" />
      <value currency="USD" value-date="2015-12-31">1675349</value>
      <provider-org type="10" ref="FI-3">
        <narrative>GOVERNMENT OF FINLAND</narrative>
      </provider-org>
      <receiver-org type="40" ref="XM-DAC-41114" receiver-activity-id="XM-DAC-41114-OUTPUT-00080159">
        <narrative>United Nations development Programme</narrative>
      </receiver-org>
      <disbursement-channel code="2" />
    </transaction>
    <transaction>
      <transaction-type code="1" />
      <transaction-date iso-date="2015-12-31" />
      <value currency="USD" value-date="2015-12-31">828729</value>
      <provider-org ref="FI-3" type="10">
        <narrative>GOVERNMENT OF FINLAND</narrative>
      </provider-org>
      <receiver-org ref="XM-DAC-41114" receiver-activity-id="00080159">
        <narrative>United Nations development Programme</narrative>
      </receiver-org>
      <disbursement-channel code="2" />
    </transaction>
    <transaction>
      <transaction-type code="11" />
      <transaction-date iso-date="2014-12-31" />
      <value currency="USD" value-date="2014-12-31">1982792</value>
      <provider-org type="10" ref="FI-3">
        <narrative>GOVERNMENT OF FINLAND</narrative>
      </provider-org>
      <receiver-org type="40" ref="XM-DAC-41114" receiver-activity-id="XM-DAC-41114-OUTPUT-00080159">
        <narrative>United Nations development Programme</narrative>
      </receiver-org>
      <disbursement-channel code="2" />
    </transaction>
    <transaction>
      <transaction-type code="1" />
      <transaction-date iso-date="2014-12-31" />
      <value currency="USD" value-date="2014-12-31">1239157</value>
      <provider-org ref="FI-3" type="10">
        <narrative>GOVERNMENT OF FINLAND</narrative>
      </provider-org>
      <receiver-org ref="XM-DAC-41114" receiver-activity-id="00080159">
        <narrative>United Nations development Programme</narrative>
      </receiver-org>
      <disbursement-channel code="2" />
    </transaction>
    <transaction>
      <transaction-type code="11" />
      <transaction-date iso-date="2013-12-31" />
      <value currency="USD" value-date="2013-12-31">1699950</value>
      <provider-org type="10" ref="FI-3">
        <narrative>GOVERNMENT OF FINLAND</narrative>
      </provider-org>
      <receiver-org type="40" ref="XM-DAC-41114" receiver-activity-id="XM-DAC-41114-OUTPUT-00080159">
        <narrative>United Nations development Programme</narrative>
      </receiver-org>
      <disbursement-channel code="2" />
    </transaction>
    <transaction>
      <transaction-type code="1" />
      <transaction-date iso-date="2013-12-31" />
      <value currency="USD" value-date="2013-12-31">2399162</value>
      <provider-org ref="FI-3" type="10">
        <narrative>GOVERNMENT OF FINLAND</narrative>
      </provider-org>
      <receiver-org ref="XM-DAC-41114" receiver-activity-id="00080159">
        <narrative>United Nations development Programme</narrative>
      </receiver-org>
      <disbursement-channel code="2" />
    </transaction>
    <transaction>
      <transaction-type code="11" />
      <transaction-date iso-date="2012-12-31" />
      <value currency="USD" value-date="2012-12-31">882820</value>
      <provider-org type="10" ref="FI-3">
        <narrative>GOVERNMENT OF FINLAND</narrative>
      </provider-org>
      <receiver-org type="40" ref="XM-DAC-41114" receiver-activity-id="XM-DAC-41114-OUTPUT-00080159">
        <narrative>United Nations development Programme</narrative>
      </receiver-org>
      <disbursement-channel code="2" />
    </transaction>
    <transaction>
      <transaction-type code="1" />
      <transaction-date iso-date="2012-12-31" />
      <value currency="USD" value-date="2012-12-31">22352</value>
      <provider-org ref="FI-3" type="10">
        <narrative>GOVERNMENT OF FINLAND</narrative>
      </provider-org>
      <receiver-org ref="XM-DAC-41114" receiver-activity-id="00080159">
        <narrative>United Nations development Programme</narrative>
      </receiver-org>
      <disbursement-channel code="2" />
    </transaction>
    <transaction>
      <transaction-type code="11" />
      <transaction-date iso-date="2017-04-30" />
      <value currency="USD" value-date="2017-04-30">3400</value>
      <provider-org type="40" ref="XM-DAC-41114" provider-activity-id="XM-DAC-41114-PROJECT-00059913">
        <narrative>UNITED NATIONS DEVELOPMENT PROGRAMME</narrative>
      </provider-org>
      <receiver-org type="40" ref="XM-DAC-41114" receiver-activity-id="XM-DAC-41114-OUTPUT-00080159">
        <narrative>United Nations development Programme</narrative>
      </receiver-org>
      <disbursement-channel code="2" />
    </transaction>
    <transaction>
      <transaction-type code="4" />
      <transaction-date iso-date="2016-12-31" />
      <value currency="USD" value-date="2016-12-31">255269</value>
      <disbursement-channel code="2" />
    </transaction>
    <transaction>
      <transaction-type code="4" />
      <transaction-date iso-date="2015-12-31" />
      <value currency="USD" value-date="2015-12-31">1393042</value>
      <disbursement-channel code="2" />
    </transaction>
    <transaction>
      <transaction-type code="4" />
      <transaction-date iso-date="2014-12-31" />
      <value currency="USD" value-date="2014-12-31">1983235</value>
      <disbursement-channel code="2" />
    </transaction>
    <transaction>
      <transaction-type code="4" />
      <transaction-date iso-date="2013-12-31" />
      <value currency="USD" value-date="2013-12-31">1378702</value>
      <disbursement-channel code="2" />
    </transaction>
    <transaction>
      <transaction-type code="4" />
      <transaction-date iso-date="2012-12-31" />
      <value currency="USD" value-date="2012-12-31">868684</value>
      <disbursement-channel code="2" />
    </transaction>
    <document-link format="text/html" url="http://open.undp.org/#project/00059913">
      <title>
        <narrative>Activity web page</narrative>
      </title>
      <category code="A12" />
    </document-link>
    <related-activity type="1" ref="XM-DAC-41114-PROJECT-00059913" />
    <related-activity type="3" ref="XM-DAC-41114-OUTPUT-00075161" />
    <conditions attached="0" />
  </iati-activity>
  <iati-activity last-updated-datetime="2017-05-01T00:02:02" default-currency="USD" xml:lang="es" hierarchy="1">
    <iati-identifier>XM-DAC-41114-PROJECT-00081421</iati-identifier>
    <reporting-org ref="XM-DAC-41114" type="40">
      <narrative>United Nations Development Programme</narrative>
    </reporting-org>
    <title>
      <narrative>Desarrollo Económico Local Sostenible en la Costa Caribe</narrative>
    </title>
    <description type="1">
      <narrative>Desarrollo Económico Local Sostenible de la Costa Caribe de Nicaragua a través del sector turismo.</narrative>
    </description>
    <participating-org role="4" type="10" ref="02286">
      <narrative>INSTITUTO NICARAGUENSE DE TURI</narrative>
    </participating-org>
    <participating-org role="2" type="40" ref="XM-DAC-41114">
      <narrative>UNITED NATIONS DEVELOPMENT PROGRAMME</narrative>
    </participating-org>
    <participating-org role="1" type="40" ref="10159">
      <narrative>EUROPEAN COMMISSION</narrative>
    </participating-org>
    <participating-org role="1" type="40" ref="XM-DAC-41114">
      <narrative>UNITED NATIONS DEVELOPMENT PROGRAMME</narrative>
    </participating-org>
    <activity-status code="2" />
    <activity-date type="1" iso-date="2014-08-01" />
    <activity-date type="2" iso-date="2014-08-01" />
    <activity-date type="3" iso-date="2019-12-31" />
    <contact-info type="1">
      <email>registry.ni@undp.org</email>
      <website>http://www.undp.org.ni/</website>
    </contact-info>
    <recipient-country code="NI">
      <narrative>Nicaragua</narrative>
    </recipient-country>
    <sector vocabulary="1" code="15110" />
    <collaboration-type code="4" />
    <default-flow-type code="10" />
    <default-finance-type code="110" />
    <default-aid-type code="C01" />
    <default-tied-status code="3" />
    <document-link format="application/pdf" url="https://info.undp.org/docs/pdc/Documents/NIC/PRODOC%20-%20PRO%20CCN%20-%20VERSION%20FINAL%20FIRMADO%20-%20INTUR%20180714.pdf">
      <title>
        <narrative>Desarrollo Economico Local Sostenible de la Costa Caribe de Nicaragua a través del Turismo</narrative>
      </title>
      <category code="A01" />
      <category code="A02" />
      <category code="A03" />
      <category code="A04" />
      <category code="A05" />
      <category code="A08" />
      <language code="es" />
    </document-link>
    <document-link format="application/pdf" url="http://www.undp.org.ni/files/marcojuridico/1374786414_Plan%20de%20Acci%C3%B3n%20MANUD%202013-2017%20(15-05-13).pdf">
      <title>
        <narrative>1374786414_Plan%20de%20Acci%C3%B3n%20MANUD%202013-2017%20(15-05-13)</narrative>
      </title>
      <category code="A09" />
      <language code="en" />
    </document-link>
    <document-link format="text/html" url="http://procurement-notices.undp.org/view_notice.cfm?notice_id=22423">
      <title>
        <narrative>Desarrollo Econ\xF3mico Local Sostenible en la Costa Caribe</narrative>
      </title>
      <category code="A10" />
      <language code="en" />
    </document-link>
    <document-link format="text/html" url="http://procurement-notices.undp.org/view_notice.cfm?notice_id=22608">
      <title>
        <narrative>Desarrollo Econ\xF3mico Local Sostenible en la Costa Caribe</narrative>
      </title>
      <category code="A10" />
      <language code="en" />
    </document-link>
    <document-link format="text/html" url="http://procurement-notices.undp.org/view_notice.cfm?notice_id=23102">
      <title>
        <narrative>Desarrollo Econ\xF3mico Local Sostenible en la Costa Caribe</narrative>
      </title>
      <category code="A10" />
      <language code="en" />
    </document-link>
    <document-link format="text/html" url="http://procurement-notices.undp.org/view_notice.cfm?notice_id=23409">
      <title>
        <narrative>Desarrollo Econ\xF3mico Local Sostenible en la Costa Caribe</narrative>
      </title>
      <category code="A10" />
      <language code="en" />
    </document-link>
    <document-link format="text/html" url="http://procurement-notices.undp.org/view_notice.cfm?notice_id=23410">
      <title>
        <narrative>Desarrollo Econ\xF3mico Local Sostenible en la Costa Caribe</narrative>
      </title>
      <category code="A10" />
      <language code="en" />
    </document-link>
    <document-link format="text/html" url="http://procurement-notices.undp.org/view_notice.cfm?notice_id=24832">
      <title>
        <narrative>Desarrollo Econ\xF3mico Local Sostenible en la Costa Caribe</narrative>
      </title>
      <category code="A10" />
      <language code="en" />
    </document-link>
    <document-link format="text/html" url="http://open.undp.org/#project/00081421">
      <title>
        <narrative>Purchase Order Summary</narrative>
      </title>
      <category code="A11" />
      <category code="A12" />
      <language code="en" />
    </document-link>
    <related-activity type="2" ref="XM-DAC-41114-OUTPUT-00091471" />
    <related-activity type="2" ref="XM-DAC-41114-OUTPUT-00091498" />
    <conditions attached="0" />
  </iati-activity>
  <iati-activity last-updated-datetime="2017-05-01T00:02:02" default-currency="USD" xml:lang="es" hierarchy="2">
    <iati-identifier>XM-DAC-41114-OUTPUT-00091471</iati-identifier>
    <reporting-org ref="XM-DAC-41114" type="40">
      <narrative>United Nations Development Programme</narrative>
    </reporting-org>
    <title>
      <narrative>Inversiones Publicas</narrative>
    </title>
    <description type="1">
      <narrative>Las inversiones públicas de pequeña escala en servicios requeridos para el turismo, incluyendo desarrollo urbano, transporte y condiciones de accesibilidad, han sido mejoradas.</narrative>
    </description>
    <participating-org role="1" type="40" ref="10159">
      <narrative>EUROPEAN COMMISSION</narrative>
    </participating-org>
    <participating-org role="1" type="40" ref="XM-DAC-41114">
      <narrative>UNITED NATIONS DEVELOPMENT PROGRAMME</narrative>
    </participating-org>
    <activity-status code="2" />
    <activity-date type="1" iso-date="2014-08-01" />
    <activity-date type="2" iso-date="2014-08-01" />
    <activity-date type="3" iso-date="2019-12-31" />
    <contact-info type="1">
      <email>registry.ni@undp.org</email>
      <website>http://www.undp.org.ni/</website>
    </contact-info>
    <activity-scope code="6" />
    <recipient-country code="NI">
      <narrative>Nicaragua</narrative>
    </recipient-country>
    <location ref="NI">
      <location-reach code="1" />
      <location-id vocabulary="G1" code="3830308" />
      <name>
        <narrative>Región Autónoma Atlántico Sur</narrative>
      </name>
      <description>
        <narrative>first-order administrative division</narrative>
      </description>
      <activity-description>
        <narrative>Las inversiones públicas de pequeña escala en servicios requeridos para el turismo, incluyendo desarrollo urbano, transporte y condiciones de accesibilidad, han sido mejoradas.</narrative>
      </activity-description>
      <administrative level="1" code="3830308" vocabulary="G1" />
      <point srsName="http://www.opengis.net/def/crs/EPSG/0/4326">
        <pos>12.250000 -84.250000</pos>
      </point>
      <exactness code="1" />
      <location-class code="1" />
      <feature-designation code="ADM1" />
    </location>
    <sector vocabulary="1" code="15110" />
    <sector vocabulary="99" code="1">
      <narrative>Inclusive &amp; Sustainable Growth</narrative>
    </sector>
    <country-budget-items vocabulary="1">
      <budget-item code="3.1.1" percentage="100">
        <description>
          <narrative>policy, planning and administration</narrative>
        </description>
      </budget-item>
    </country-budget-items>
    <policy-marker vocabulary="1" code="1" significance="0" />
    <collaboration-type code="4" />
    <default-flow-type code="10" />
    <default-finance-type code="110" />
    <default-aid-type code="C01" />
    <default-tied-status code="3" />
    <budget type="2" status="2">
      <period-start iso-date="2017-01-01" />
      <period-end iso-date="2017-12-31" />
      <value currency="USD" value-date="2017-04-30">52699</value>
    </budget>
    <budget type="2" status="2">
      <period-start iso-date="2016-01-01" />
      <period-end iso-date="2016-12-31" />
      <value currency="USD" value-date="2016-12-31">777310</value>
    </budget>
    <budget type="2" status="2">
      <period-start iso-date="2015-01-01" />
      <period-end iso-date="2015-12-31" />
      <value currency="USD" value-date="2015-12-31">1153245</value>
    </budget>
    <transaction>
      <transaction-type code="4" />
      <transaction-date iso-date="2017-04-30" />
      <value currency="USD" value-date="2017-04-30">-3448</value>
      <provider-org ref="XM-DAC-41114">
        <narrative>United Nations development Programme</narrative>
      </provider-org>
      <disbursement-channel code="2" />
    </transaction>
    <transaction>
      <transaction-type code="11" />
      <transaction-date iso-date="2017-04-30" />
      <value currency="USD" value-date="2017-04-30">1</value>
      <provider-org type="40" ref="10159">
        <narrative>EUROPEAN COMMISSION</narrative>
      </provider-org>
      <receiver-org type="40" ref="XM-DAC-41114" receiver-activity-id="XM-DAC-41114-OUTPUT-00091471">
        <narrative>United Nations development Programme</narrative>
      </receiver-org>
      <disbursement-channel code="2" />
    </transaction>
    <transaction>
      <transaction-type code="11" />
      <transaction-date iso-date="2016-12-31" />
      <value currency="USD" value-date="2016-12-31">777310</value>
      <provider-org type="40" ref="10159">
        <narrative>EUROPEAN COMMISSION</narrative>
      </provider-org>
      <receiver-org type="40" ref="XM-DAC-41114" receiver-activity-id="XM-DAC-41114-OUTPUT-00091471">
        <narrative>United Nations development Programme</narrative>
      </receiver-org>
      <disbursement-channel code="2" />
    </transaction>
    <transaction>
      <transaction-type code="1" />
      <transaction-date iso-date="2016-12-31" />
      <value currency="USD" value-date="2016-12-31">53030</value>
      <provider-org ref="10159" type="40">
        <narrative>EUROPEAN COMMISSION</narrative>
      </provider-org>
      <receiver-org ref="XM-DAC-41114" receiver-activity-id="00091471">
        <narrative>United Nations development Programme</narrative>
      </receiver-org>
      <disbursement-channel code="2" />
    </transaction>
    <transaction>
      <transaction-type code="11" />
      <transaction-date iso-date="2015-12-31" />
      <value currency="USD" value-date="2015-12-31">1153245</value>
      <provider-org type="40" ref="10159">
        <narrative>EUROPEAN COMMISSION</narrative>
      </provider-org>
      <receiver-org type="40" ref="XM-DAC-41114" receiver-activity-id="XM-DAC-41114-OUTPUT-00091471">
        <narrative>United Nations development Programme</narrative>
      </receiver-org>
      <disbursement-channel code="2" />
    </transaction>
    <transaction>
      <transaction-type code="11" />
      <transaction-date iso-date="2017-04-30" />
      <value currency="USD" value-date="2017-04-30">52698</value>
      <provider-org type="40" ref="XM-DAC-41114">
        <narrative>UNITED NATIONS DEVELOPMENT PROGRAMME</narrative>
      </provider-org>
      <receiver-org type="40" ref="XM-DAC-41114" receiver-activity-id="XM-DAC-41114-OUTPUT-00091471">
        <narrative>United Nations development Programme</narrative>
      </receiver-org>
      <disbursement-channel code="2" />
    </transaction>
    <transaction>
      <transaction-type code="4" />
      <transaction-date iso-date="2016-12-31" />
      <value currency="USD" value-date="2016-12-31">776973</value>
      <disbursement-channel code="2" />
    </transaction>
    <transaction>
      <transaction-type code="4" />
      <transaction-date iso-date="2015-12-31" />
      <value currency="USD" value-date="2015-12-31">1153245</value>
      <disbursement-channel code="2" />
    </transaction>
    <document-link format="text/html" url="http://open.undp.org/#project/00081421">
      <title>
        <narrative>Activity web page</narrative>
      </title>
      <category code="A12" />
    </document-link>
    <related-activity type="1" ref="XM-DAC-41114-PROJECT-00081421" />
    <related-activity type="3" ref="XM-DAC-41114-OUTPUT-00091498" />
    <conditions attached="0" />
  </iati-activity>
  <iati-activity last-updated-datetime="2017-05-01T00:02:02" default-currency="USD" xml:lang="es" hierarchy="2">
    <iati-identifier>XM-DAC-41114-OUTPUT-00091498</iati-identifier>
    <reporting-org ref="XM-DAC-41114" type="40">
      <narrative>United Nations Development Programme</narrative>
    </reporting-org>
    <title>
      <narrative>Gestión del Proyecto</narrative>
    </title>
    <description type="1">
      <narrative>Asegurada la gestión eficaz, eficiente y transparente del proyecto</narrative>
    </description>
    <participating-org role="1" type="40" ref="10159">
      <narrative>EUROPEAN COMMISSION</narrative>
    </participating-org>
    <participating-org role="1" type="40" ref="XM-DAC-41114">
      <narrative>UNITED NATIONS DEVELOPMENT PROGRAMME</narrative>
    </participating-org>
    <activity-status code="2" />
    <activity-date type="1" iso-date="2014-08-01" />
    <activity-date type="2" iso-date="2014-08-01" />
    <activity-date type="3" iso-date="2019-12-31" />
    <contact-info type="1">
      <email>registry.ni@undp.org</email>
      <website>http://www.undp.org.ni/</website>
    </contact-info>
    <activity-scope code="6" />
    <recipient-country code="NI">
      <narrative>Nicaragua</narrative>
    </recipient-country>
    <location ref="NI">
      <location-reach code="1" />
      <location-id vocabulary="G1" code="3830308" />
      <name>
        <narrative>Región Autónoma Atlántico Sur</narrative>
      </name>
      <description>
        <narrative>first-order administrative division</narrative>
      </description>
      <activity-description>
        <narrative>Garantizada la operatividad del proyecto</narrative>
      </activity-description>
      <administrative level="1" code="3830308" vocabulary="G1" />
      <point srsName="http://www.opengis.net/def/crs/EPSG/0/4326">
        <pos>12.250000 -84.250000</pos>
      </point>
      <exactness code="1" />
      <location-class code="1" />
      <feature-designation code="ADM1" />
    </location>
    <sector vocabulary="1" code="15110" />
    <sector vocabulary="99" code="1">
      <narrative>Inclusive &amp; Sustainable Growth</narrative>
    </sector>
    <country-budget-items vocabulary="1">
      <budget-item code="3.1.1" percentage="100">
        <description>
          <narrative>policy, planning and administration</narrative>
        </description>
      </budget-item>
    </country-budget-items>
    <policy-marker vocabulary="1" code="1" significance="0" />
    <collaboration-type code="4" />
    <default-flow-type code="10" />
    <default-finance-type code="110" />
    <default-aid-type code="C01" />
    <default-tied-status code="3" />
    <budget type="2" status="2">
      <period-start iso-date="2017-01-01" />
      <period-end iso-date="2017-12-31" />
      <value currency="USD" value-date="2017-04-30">3938</value>
    </budget>
    <budget type="2" status="2">
      <period-start iso-date="2016-01-01" />
      <period-end iso-date="2016-12-31" />
      <value currency="USD" value-date="2016-12-31">534300</value>
    </budget>
    <budget type="2" status="2">
      <period-start iso-date="2015-01-01" />
      <period-end iso-date="2015-12-31" />
      <value currency="USD" value-date="2015-12-31">448196</value>
    </budget>
    <budget type="2" status="2">
      <period-start iso-date="2014-01-01" />
      <period-end iso-date="2014-12-31" />
      <value currency="USD" value-date="2014-12-31">12500</value>
    </budget>
    <transaction>
      <transaction-type code="4" />
      <transaction-date iso-date="2017-04-30" />
      <value currency="USD" value-date="2017-04-30">3291</value>
      <provider-org ref="XM-DAC-41114">
        <narrative>United Nations development Programme</narrative>
      </provider-org>
      <disbursement-channel code="2" />
    </transaction>
    <transaction>
      <transaction-type code="11" />
      <transaction-date iso-date="2017-04-30" />
      <value currency="USD" value-date="2017-04-30">3938</value>
      <provider-org type="40" ref="10159">
        <narrative>EUROPEAN COMMISSION</narrative>
      </provider-org>
      <receiver-org type="40" ref="XM-DAC-41114" receiver-activity-id="XM-DAC-41114-OUTPUT-00091498">
        <narrative>United Nations development Programme</narrative>
      </receiver-org>
      <disbursement-channel code="2" />
    </transaction>
    <transaction>
      <transaction-type code="11" />
      <transaction-date iso-date="2016-12-31" />
      <value currency="USD" value-date="2016-12-31">534300</value>
      <provider-org type="40" ref="10159">
        <narrative>EUROPEAN COMMISSION</narrative>
      </provider-org>
      <receiver-org type="40" ref="XM-DAC-41114" receiver-activity-id="XM-DAC-41114-OUTPUT-00091498">
        <narrative>United Nations development Programme</narrative>
      </receiver-org>
      <disbursement-channel code="2" />
    </transaction>
    <transaction>
      <transaction-type code="11" />
      <transaction-date iso-date="2015-12-31" />
      <value currency="USD" value-date="2015-12-31">248745</value>
      <provider-org type="40" ref="10159">
        <narrative>EUROPEAN COMMISSION</narrative>
      </provider-org>
      <receiver-org type="40" ref="XM-DAC-41114" receiver-activity-id="XM-DAC-41114-OUTPUT-00091498">
        <narrative>United Nations development Programme</narrative>
      </receiver-org>
      <disbursement-channel code="2" />
    </transaction>
    <transaction>
      <transaction-type code="11" />
      <transaction-date iso-date="2015-12-31" />
      <value currency="USD" value-date="2015-12-31">199451</value>
      <provider-org type="40" ref="XM-DAC-41114">
        <narrative>UNITED NATIONS DEVELOPMENT PROGRAMME</narrative>
      </provider-org>
      <receiver-org type="40" ref="XM-DAC-41114" receiver-activity-id="XM-DAC-41114-OUTPUT-00091498">
        <narrative>United Nations development Programme</narrative>
      </receiver-org>
      <disbursement-channel code="2" />
    </transaction>
    <transaction>
      <transaction-type code="11" />
      <transaction-date iso-date="2014-12-31" />
      <value currency="USD" value-date="2014-12-31">12500</value>
      <provider-org type="40" ref="XM-DAC-41114">
        <narrative>UNITED NATIONS DEVELOPMENT PROGRAMME</narrative>
      </provider-org>
      <receiver-org type="40" ref="XM-DAC-41114" receiver-activity-id="XM-DAC-41114-OUTPUT-00091498">
        <narrative>United Nations development Programme</narrative>
      </receiver-org>
      <disbursement-channel code="2" />
    </transaction>
    <transaction>
      <transaction-type code="4" />
      <transaction-date iso-date="2016-12-31" />
      <value currency="USD" value-date="2016-12-31">0</value>
      <disbursement-channel code="2" />
    </transaction>
    <transaction>
      <transaction-type code="4" />
      <transaction-date iso-date="2015-12-31" />
      <value currency="USD" value-date="2015-12-31">279984</value>
      <disbursement-channel code="2" />
    </transaction>
    <transaction>
      <transaction-type code="4" />
      <transaction-date iso-date="2014-12-31" />
      <value currency="USD" value-date="2014-12-31">11828</value>
      <disbursement-channel code="2" />
    </transaction>
    <document-link format="text/html" url="http://open.undp.org/#project/00081421">
      <title>
        <narrative>Activity web page</narrative>
      </title>
      <category code="A12" />
    </document-link>
    <related-activity type="1" ref="XM-DAC-41114-PROJECT-00081421" />
    <related-activity type="3" ref="XM-DAC-41114-OUTPUT-00091471" />
    <conditions attached="0" />
  </iati-activity>
</iati-activities>