﻿<?xml version="1.0" encoding="UTF-8" standalone="yes"?>
<!--IATI Publications - UNDP Development Projects by Countries-->
<iati-activities xmlns:xsi="http://www.w3.org/2001/XMLSchema-instance" xmlns:xsd="http://www.w3.org/2001/XMLSchema" generated-datetime="2017-05-23T10:57:22" version="2.02">
  <!--Republic of Palau-->
  <iati-activity last-updated-datetime="2017-05-01T00:02:02" default-currency="USD" xml:lang="en" hierarchy="1">
    <iati-identifier>XM-DAC-41114-PROJECT-00050565</iati-identifier>
    <reporting-org ref="XM-DAC-41114" type="40">
      <narrative>United Nations Development Programme</narrative>
    </reporting-org>
    <title>
      <narrative>PW Sustainable Econ. Dev for Renewable Energy SEDREA</narrative>
    </title>
    <description type="1">
      <narrative>Palau Sustainable Economic Development for Renewable Energy Application.  The project will improve and widen the scope of renewable energy initiatives by addressing the barriers to widespread application of renewable energy technologies.</narrative>
    </description>
    <participating-org role="4" type="10" ref="01224">
      <narrative>National Execution</narrative>
    </participating-org>
    <participating-org role="2" type="40" ref="XM-DAC-41114">
      <narrative>UNITED NATIONS DEVELOPMENT PROGRAMME</narrative>
    </participating-org>
    <participating-org role="1" type="40" ref="10003">
      <narrative>Global Environment Fund Truste</narrative>
    </participating-org>
    <activity-status code="2" />
    <activity-date type="1" iso-date="2008-09-01" />
    <activity-date type="2" iso-date="2008-09-01" />
    <activity-date type="3" iso-date="2017-12-31" />
    <contact-info type="1">
      <email>registry.fj@undp.org</email>
      <website>http://www.fj.undp.org/</website>
    </contact-info>
    <recipient-country code="PW">
      <narrative>Republic of Palau</narrative>
    </recipient-country>
    <sector vocabulary="1" code="51010" />
    <collaboration-type code="4" />
    <default-flow-type code="10" />
    <default-finance-type code="110" />
    <default-aid-type code="C01" />
    <default-tied-status code="3" />
    <document-link format="application/pdf" url="https://info.undp.org/docs/pdc/Documents/PLW/00050565_ROP%20PRODOC.pdf">
      <title>
        <narrative>00050565_ROP PRODOC</narrative>
      </title>
      <category code="A01" />
      <category code="A02" />
      <category code="A03" />
      <category code="A04" />
      <category code="A05" />
      <category code="A08" />
      <language code="en" />
    </document-link>
    <document-link format="application/pdf" url="http://www.fj.undp.org/content/dam/fiji/docs/SBBA/SBAA_Palau.pdf">
      <title>
        <narrative>SBAA_Palau</narrative>
      </title>
      <category code="A09" />
      <language code="en" />
    </document-link>
    <document-link format="text/html" url="http://procurement-notices.undp.org/index.cfm">
      <title>
        <narrative>Request for Procurement</narrative>
      </title>
      <category code="A10" />
      <language code="en" />
    </document-link>
    <document-link format="text/html" url="http://open.undp.org/#project/00050565">
      <title>
        <narrative>Purchase Order Summary</narrative>
      </title>
      <category code="A11" />
      <category code="A12" />
      <language code="en" />
    </document-link>
    <related-activity type="2" ref="XM-DAC-41114-OUTPUT-00062534" />
    <conditions attached="0" />
  </iati-activity>
  <iati-activity last-updated-datetime="2017-05-01T00:02:02" default-currency="USD" xml:lang="en" hierarchy="2">
    <iati-identifier>XM-DAC-41114-OUTPUT-00062534</iati-identifier>
    <reporting-org ref="XM-DAC-41114" type="40">
      <narrative>United Nations Development Programme</narrative>
    </reporting-org>
    <title>
      <narrative>PW SEDREA</narrative>
    </title>
    <description type="1">
      <narrative>Palau Sustainable Economic Development for Renewable Energy Applications</narrative>
    </description>
    <participating-org role="1" type="40" ref="10003">
      <narrative>Global Environment Fund Truste</narrative>
    </participating-org>
    <activity-status code="2" />
    <activity-date type="1" iso-date="2008-09-01" />
    <activity-date type="2" iso-date="2008-09-01" />
    <activity-date type="3" iso-date="2016-12-30" />
    <contact-info type="1">
      <email>registry.fj@undp.org</email>
      <website>http://www.fj.undp.org/</website>
    </contact-info>
    <activity-scope code="7" />
    <recipient-country code="PW">
      <narrative>Republic of Palau</narrative>
    </recipient-country>
    <location ref="PW">
      <location-reach code="2" />
      <location-id vocabulary="G1" code="7670730" />
      <name>
        <narrative>Tobi Village</narrative>
      </name>
      <description>
        <narrative>seat of a first-order administrative division</narrative>
      </description>
      <activity-description>
        <narrative />
      </activity-description>
      <administrative level="1" code="7670730" vocabulary="G1" />
      <point srsName="http://www.opengis.net/def/crs/EPSG/0/4326">
        <pos>3.004880 131.121680</pos>
      </point>
      <exactness code="1" />
      <location-class code="2" />
      <feature-designation code="PPLA" />
    </location>
    <location ref="PW">
      <location-reach code="2" />
      <location-id vocabulary="G1" code="7732415" />
      <name>
        <narrative>Koror Town</narrative>
      </name>
      <description>
        <narrative>populated place</narrative>
      </description>
      <activity-description>
        <narrative />
      </activity-description>
      <administrative level="1" code="7732415" vocabulary="G1" />
      <point srsName="http://www.opengis.net/def/crs/EPSG/0/4326">
        <pos>7.342570 134.478880</pos>
      </point>
      <exactness code="1" />
      <location-class code="2" />
      <feature-designation code="PPL" />
    </location>
    <sector vocabulary="1" code="51010" />
    <sector vocabulary="99" code="1">
      <narrative>Inclusive &amp; Sustainable Growth</narrative>
    </sector>
    <policy-marker vocabulary="1" code="1" significance="0" />
    <collaboration-type code="4" />
    <default-flow-type code="10" />
    <default-finance-type code="110" />
    <default-aid-type code="C01" />
    <default-tied-status code="3" />
    <budget type="2" status="2">
      <period-start iso-date="2017-01-01" />
      <period-end iso-date="2017-12-31" />
      <value currency="USD" value-date="2017-04-30">33827</value>
    </budget>
    <budget type="2" status="2">
      <period-start iso-date="2016-01-01" />
      <period-end iso-date="2016-12-31" />
      <value currency="USD" value-date="2016-12-31">70553</value>
    </budget>
    <budget type="2" status="2">
      <period-start iso-date="2015-01-01" />
      <period-end iso-date="2015-12-31" />
      <value currency="USD" value-date="2015-12-31">0</value>
    </budget>
    <budget type="2" status="2">
      <period-start iso-date="2014-01-01" />
      <period-end iso-date="2014-12-31" />
      <value currency="USD" value-date="2014-12-31">156185</value>
    </budget>
    <budget type="2" status="2">
      <period-start iso-date="2013-01-01" />
      <period-end iso-date="2013-12-31" />
      <value currency="USD" value-date="2013-12-31">60000</value>
    </budget>
    <budget type="2" status="2">
      <period-start iso-date="2012-01-01" />
      <period-end iso-date="2012-12-31" />
      <value currency="USD" value-date="2012-12-31">115500</value>
    </budget>
    <transaction>
      <transaction-type code="4" />
      <transaction-date iso-date="2017-04-30" />
      <value currency="USD" value-date="2017-04-30">23436</value>
      <provider-org ref="XM-DAC-41114">
        <narrative>United Nations development Programme</narrative>
      </provider-org>
      <disbursement-channel code="2" />
    </transaction>
    <transaction>
      <transaction-type code="11" />
      <transaction-date iso-date="2017-04-30" />
      <value currency="USD" value-date="2017-04-30">33827</value>
      <provider-org type="40" ref="10003" provider-activity-id="PIMS 3093">
        <narrative>Global Environment Fund Truste</narrative>
      </provider-org>
      <receiver-org type="40" ref="XM-DAC-41114" receiver-activity-id="XM-DAC-41114-OUTPUT-00062534">
        <narrative>United Nations development Programme</narrative>
      </receiver-org>
      <disbursement-channel code="2" />
    </transaction>
    <transaction>
      <transaction-type code="11" />
      <transaction-date iso-date="2016-12-31" />
      <value currency="USD" value-date="2016-12-31">70553</value>
      <provider-org type="40" ref="10003" provider-activity-id="PIMS 3093">
        <narrative>Global Environment Fund Truste</narrative>
      </provider-org>
      <receiver-org type="40" ref="XM-DAC-41114" receiver-activity-id="XM-DAC-41114-OUTPUT-00062534">
        <narrative>United Nations development Programme</narrative>
      </receiver-org>
      <disbursement-channel code="2" />
    </transaction>
    <transaction>
      <transaction-type code="11" />
      <transaction-date iso-date="2014-12-31" />
      <value currency="USD" value-date="2014-12-31">156185</value>
      <provider-org type="40" ref="10003" provider-activity-id="PIMS 3093">
        <narrative>Global Environment Fund Truste</narrative>
      </provider-org>
      <receiver-org type="40" ref="XM-DAC-41114" receiver-activity-id="XM-DAC-41114-OUTPUT-00062534">
        <narrative>United Nations development Programme</narrative>
      </receiver-org>
      <disbursement-channel code="2" />
    </transaction>
    <transaction>
      <transaction-type code="11" />
      <transaction-date iso-date="2013-12-31" />
      <value currency="USD" value-date="2013-12-31">60000</value>
      <provider-org type="40" ref="10003" provider-activity-id="PIMS 3093">
        <narrative>Global Environment Fund Truste</narrative>
      </provider-org>
      <receiver-org type="40" ref="XM-DAC-41114" receiver-activity-id="XM-DAC-41114-OUTPUT-00062534">
        <narrative>United Nations development Programme</narrative>
      </receiver-org>
      <disbursement-channel code="2" />
    </transaction>
    <transaction>
      <transaction-type code="11" />
      <transaction-date iso-date="2012-12-31" />
      <value currency="USD" value-date="2012-12-31">115500</value>
      <provider-org type="40" ref="10003" provider-activity-id="PIMS 3093">
        <narrative>Global Environment Fund Truste</narrative>
      </provider-org>
      <receiver-org type="40" ref="XM-DAC-41114" receiver-activity-id="XM-DAC-41114-OUTPUT-00062534">
        <narrative>United Nations development Programme</narrative>
      </receiver-org>
      <disbursement-channel code="2" />
    </transaction>
    <transaction>
      <transaction-type code="4" />
      <transaction-date iso-date="2016-12-31" />
      <value currency="USD" value-date="2016-12-31">23368</value>
      <disbursement-channel code="2" />
    </transaction>
    <transaction>
      <transaction-type code="4" />
      <transaction-date iso-date="2015-12-31" />
      <value currency="USD" value-date="2015-12-31">-6534</value>
      <disbursement-channel code="2" />
    </transaction>
    <transaction>
      <transaction-type code="4" />
      <transaction-date iso-date="2014-12-31" />
      <value currency="USD" value-date="2014-12-31">85056</value>
      <disbursement-channel code="2" />
    </transaction>
    <transaction>
      <transaction-type code="4" />
      <transaction-date iso-date="2013-12-31" />
      <value currency="USD" value-date="2013-12-31">42083</value>
      <disbursement-channel code="2" />
    </transaction>
    <transaction>
      <transaction-type code="4" />
      <transaction-date iso-date="2012-12-31" />
      <value currency="USD" value-date="2012-12-31">55941</value>
      <disbursement-channel code="2" />
    </transaction>
    <document-link format="text/html" url="http://open.undp.org/#project/00050565">
      <title>
        <narrative>Activity web page</narrative>
      </title>
      <category code="A12" />
    </document-link>
    <related-activity type="1" ref="XM-DAC-41114-PROJECT-00050565" />
    <conditions attached="0" />
    <result type="1" aggregation-status="1">
      <title>
        <narrative>Annual Output Results</narrative>
      </title>
      <indicator ascending="0" measure="1">
        <title>
          <narrative>Output Indicator</narrative>
        </title>
        <description>
          <narrative>1 Number of  RE policies approved
2) RE Funding Window established
3) Number of partnerships with RE service providers and suppliers.
4) Number of RE private sector partnerships for RE grid connected systems installations
5) RE database established</narrative>
        </description>
        <baseline year="2008" value="">
          <comment>
            <narrative>1) 0
2) 0
3) 0
4) 0
5) 0</narrative>
          </comment>
        </baseline>
        <period>
          <period-start iso-date="2015-01-01" />
          <period-end iso-date="2015-12-31" />
          <target value="">
            <comment>
              <narrative>1)  1 Energy Act and Framework is endorsed by Congress.
2) 1 Gender &amp; Impact Assessment of REFW documented 
3) 7 service providers and suppliers are members and coordinating RE work through Centre
4) 3 Private sectors partnership maintained
5) 1 Establish Energy database and energy information exchange system.</narrative>
            </comment>
          </target>
          <actual value="">
            <comment>
              <narrative>1) 1
2) 0 (report drafting is in-progress)
3) 7
4) 3
5) 0 (discussions with technical agency for the establishment of database and exchange system is still ongoing)</narrative>
            </comment>
          </actual>
        </period>
        <period>
          <period-start iso-date="2016-01-01" />
          <period-end iso-date="2016-12-31" />
          <target value="">
            <comment>
              <narrative>1) 1 Gender &amp; Impact Assessment of REFW documented 
2) 1 Energy database and energy information exchange system.</narrative>
            </comment>
          </target>
          <actual value="">
            <comment>
              <narrative>1) 1
2) 1</narrative>
            </comment>
          </actual>
        </period>
        <period>
          <period-start iso-date="2017-01-01" />
          <period-end iso-date="2017-12-31" />
          <target value="">
            <comment>
              <narrative>All unpaid commitments (from 2016) are made and project is financially closed.</narrative>
            </comment>
          </target>
          <actual value="">
            <comment>
              <narrative />
            </comment>
          </actual>
        </period>
      </indicator>
    </result>
    <result type="2" aggregation-status="1">
      <title>
        <narrative>Objective</narrative>
      </title>
      <description>
        <narrative>The project is intended to contribute to at least in the reduction of the growth rate of GHG emissions from the dieselbased power generation in Palau The project purpose is the facilitation of the reduction of imported fossil fuel consumption through the widespread application of Renewable Energy Technologies RETs not only to meet the electricity needs of the country but also provide the other energy requirements for productive uses in the other major sectors of the national economy The main outcome of the project is the effective utilization and realization of benefits from the use of the countrys feasible Renewable Energy RE resources</narrative>
      </description>
      <indicator ascending="0" measure="1">
        <title>
          <narrative>Objective Indicator 1</narrative>
        </title>
        <description>
          <narrative>Installed capacity of RE based systems


 RE Share in  national energy mix

RE contribution in tons of oil equivalent


Equivalent FOREX savings at US 70barrel or US 490ton</narrative>
        </description>
        <baseline year="2008" value="">
          <comment>
            <narrative>27 MW in 2010


24 in 2010

34 in 2015


25916 toe


US 127  million</narrative>
          </comment>
        </baseline>
        <period>
          <period-start iso-date="2015-01-01" />
          <period-end iso-date="2015-12-31" />
          <target value="876">
            <comment>
              <narrative>876 MW in 2010


78 in 2010

128 in 2015                                                                                                                                                                                     

20 in 2020 National Energy Policy Target

91466 toe


US 448 million</narrative>
            </comment>
          </target>
          <actual value="">
            <comment>
              <narrative>TBD at Final Evaluation actual level of achievement to be assessed after all pipeline RE projects that were enabledfacilitated by SEDREA are implemented


TBD at Final Evaluation actual level of achievement to be assessed after all pipeline RE projects that were enabledfacilitated by SEDREA are implemented


TBD at Final Evaluation actual level of achievement to be assessed after all pipeline RE projects that were enabledfacilitated by SEDREA are implemented</narrative>
            </comment>
          </actual>
        </period>
      </indicator>
    </result>
    <result type="2" aggregation-status="1">
      <title>
        <narrative>Outcome</narrative>
      </title>
      <description>
        <narrative>Reduction of imported fossil fuel consumption facilitated through widespread application of Renewable Energy Technologies RETs national electricity demands met and other energy requirements for productive uses provided in major sectors of national economy</narrative>
      </description>
      <indicator ascending="0" measure="1">
        <title>
          <narrative>Outcome Indicator 1</narrative>
        </title>
        <description>
          <narrative>No of permits licenses for RE projects</narrative>
        </description>
        <baseline year="2008" value="">
          <comment>
            <narrative>None</narrative>
          </comment>
        </baseline>
        <period>
          <period-start iso-date="2015-01-01" />
          <period-end iso-date="2015-12-31" />
          <target value="">
            <comment>
              <narrative>A permitting process and clearing house established and operational by Year 3</narrative>
            </comment>
          </target>
          <actual value="">
            <comment>
              <narrative>Details included in Energy Framework and Energy Act</narrative>
            </comment>
          </actual>
        </period>
      </indicator>
      <indicator ascending="0" measure="1">
        <title>
          <narrative>Outcome Indicator 2</narrative>
        </title>
        <description>
          <narrative>RE regulation established thru EO</narrative>
        </description>
        <baseline year="2008" value="">
          <comment>
            <narrative>Not yet organised</narrative>
          </comment>
        </baseline>
        <period>
          <period-start iso-date="2015-01-01" />
          <period-end iso-date="2015-12-31" />
          <target value="">
            <comment>
              <narrative>RE policies  and IRR are established and enforced by Year 3</narrative>
            </comment>
          </target>
          <actual value="">
            <comment>
              <narrative>Finalized Energy Act presented and passed in Palau Senate</narrative>
            </comment>
          </actual>
        </period>
      </indicator>
      <indicator ascending="0" measure="1">
        <title>
          <narrative>Outcome Indicator 3</narrative>
        </title>
        <description>
          <narrative>No of key personnel of host banks and financial institutions trained on RE financing</narrative>
        </description>
        <baseline year="2008" value="">
          <comment>
            <narrative>None</narrative>
          </comment>
        </baseline>
        <period>
          <period-start iso-date="2015-01-01" />
          <period-end iso-date="2015-12-31" />
          <target value="10">
            <comment>
              <narrative>At least 10 by Year 2 20 by Year 3 25 by Year 3</narrative>
            </comment>
          </target>
          <actual value="">
            <comment>
              <narrative>NA</narrative>
            </comment>
          </actual>
        </period>
      </indicator>
      <indicator ascending="0" measure="1">
        <title>
          <narrative>Outcome Indicator 4</narrative>
        </title>
        <description>
          <narrative>No of projects financed by public and private finance institutions and effectiveness of financing schemes</narrative>
        </description>
        <baseline year="2008" value="">
          <comment>
            <narrative>None</narrative>
          </comment>
        </baseline>
        <period>
          <period-start iso-date="2015-01-01" />
          <period-end iso-date="2015-12-31" />
          <target value="75">
            <comment>
              <narrative>75 of all who availed of loans</narrative>
            </comment>
          </target>
          <actual value="">
            <comment>
              <narrative>TBD at Final Evaluation actual level of achievement to be assessed after all pipeline RE projects that were enabledfacilitated by SEDREA are implemented</narrative>
            </comment>
          </actual>
        </period>
      </indicator>
      <indicator ascending="0" measure="1">
        <title>
          <narrative>Outcome Indicator 5</narrative>
        </title>
        <description>
          <narrative>No of RE projects meeting financial viability objectives</narrative>
        </description>
        <baseline year="2008" value="">
          <comment>
            <narrative>None</narrative>
          </comment>
        </baseline>
        <period>
          <period-start iso-date="2015-01-01" />
          <period-end iso-date="2015-12-31" />
          <target value="">
            <comment>
              <narrative>NA</narrative>
            </comment>
          </target>
          <actual value="">
            <comment>
              <narrative>TBD at Final Evaluation actual level of achievement to be assessed after all pipeline RE projects that were enabledfacilitated by SEDREA are implemented</narrative>
            </comment>
          </actual>
        </period>
      </indicator>
      <indicator ascending="0" measure="1">
        <title>
          <narrative>Outcome Indicator 6</narrative>
        </title>
        <description>
          <narrative>RE Fund Window is established in participating private and public banks</narrative>
        </description>
        <baseline year="2008" value="">
          <comment>
            <narrative>None</narrative>
          </comment>
        </baseline>
        <period>
          <period-start iso-date="2015-01-01" />
          <period-end iso-date="2015-12-31" />
          <target value="">
            <comment>
              <narrative>REFW established and operational by Year 3</narrative>
            </comment>
          </target>
          <actual value="">
            <comment>
              <narrative>REFW is established but not operational</narrative>
            </comment>
          </actual>
        </period>
      </indicator>
      <indicator ascending="0" measure="1">
        <title>
          <narrative>Outcome Indicator 7</narrative>
        </title>
        <description>
          <narrative>Annual business volume</narrative>
        </description>
        <baseline year="2008" value="">
          <comment>
            <narrative>None</narrative>
          </comment>
        </baseline>
        <period>
          <period-start iso-date="2015-01-01" />
          <period-end iso-date="2015-12-31" />
          <target value="20">
            <comment>
              <narrative>At least 20 annual growth</narrative>
            </comment>
          </target>
          <actual value="">
            <comment>
              <narrative>TBD at Final Evaluation actual level of achievement to be assessed after all pipeline RE projects that were enabledfacilitated by SEDREA are implemented</narrative>
            </comment>
          </actual>
        </period>
      </indicator>
      <indicator ascending="0" measure="1">
        <title>
          <narrative>Outcome Indicator 8</narrative>
        </title>
        <description>
          <narrative>No of service providers and service suppliers</narrative>
        </description>
        <baseline year="2008" value="">
          <comment>
            <narrative>None</narrative>
          </comment>
        </baseline>
        <period>
          <period-start iso-date="2015-01-01" />
          <period-end iso-date="2015-12-31" />
          <target value="5">
            <comment>
              <narrative>5 by Year 2</narrative>
            </comment>
          </target>
          <actual value="">
            <comment>
              <narrative>TBD at Final Evaluation actual level of achievement to be assessed after all pipeline RE projects that were enabledfacilitated by SEDREA are implemented</narrative>
            </comment>
          </actual>
        </period>
      </indicator>
      <indicator ascending="0" measure="1">
        <title>
          <narrative>Outcome Indicator 9</narrative>
        </title>
        <description>
          <narrative>Increase in productive application of RE</narrative>
        </description>
        <baseline year="2008" value="">
          <comment>
            <narrative>None</narrative>
          </comment>
        </baseline>
        <period>
          <period-start iso-date="2015-01-01" />
          <period-end iso-date="2015-12-31" />
          <target value="10">
            <comment>
              <narrative>At least 10 productive applications of RE evaluated and project identified by Year 1</narrative>
            </comment>
          </target>
          <actual value="">
            <comment>
              <narrative>TBD at Final Evaluation</narrative>
            </comment>
          </actual>
        </period>
      </indicator>
      <indicator ascending="0" measure="1">
        <title>
          <narrative>Outcome Indicator 10</narrative>
        </title>
        <description>
          <narrative>No of RE project generating revenue</narrative>
        </description>
        <baseline year="2008" value="">
          <comment>
            <narrative>None</narrative>
          </comment>
        </baseline>
        <period>
          <period-start iso-date="2015-01-01" />
          <period-end iso-date="2015-12-31" />
          <target value="5">
            <comment>
              <narrative>At least 5 RE projects are generating revenue by year 3</narrative>
            </comment>
          </target>
          <actual value="">
            <comment>
              <narrative>NA</narrative>
            </comment>
          </actual>
        </period>
      </indicator>
      <indicator ascending="0" measure="1">
        <title>
          <narrative>Outcome Indicator 11</narrative>
        </title>
        <description>
          <narrative>No of RE related conferencesworkshop training held within and outside Palau</narrative>
        </description>
        <baseline year="2008" value="">
          <comment>
            <narrative>None</narrative>
          </comment>
        </baseline>
        <period>
          <period-start iso-date="2015-01-01" />
          <period-end iso-date="2015-12-31" />
          <target value="4">
            <comment>
              <narrative>Four 4 per year</narrative>
            </comment>
          </target>
          <actual value="">
            <comment>
              <narrative>Work in progress RE Center repairs and refurbishment carried out</narrative>
            </comment>
          </actual>
        </period>
      </indicator>
      <indicator ascending="0" measure="1">
        <title>
          <narrative>Outcome Indicator 12</narrative>
        </title>
        <description>
          <narrative>Renewable energy and energy conservation as part of school curriculum</narrative>
        </description>
        <baseline year="2008" value="">
          <comment>
            <narrative>None</narrative>
          </comment>
        </baseline>
        <period>
          <period-start iso-date="2015-01-01" />
          <period-end iso-date="2015-12-31" />
          <target value="">
            <comment>
              <narrative>RE and energy conservation are incorporated in the primary secondary and tertiary levels by Year 3</narrative>
            </comment>
          </target>
          <actual value="">
            <comment>
              <narrative>NA</narrative>
            </comment>
          </actual>
        </period>
      </indicator>
      <indicator ascending="0" measure="1">
        <title>
          <narrative>Outcome Indicator 13</narrative>
        </title>
        <description>
          <narrative>Sales volume increased</narrative>
        </description>
        <baseline year="2008" value="">
          <comment>
            <narrative>None</narrative>
          </comment>
        </baseline>
        <period>
          <period-start iso-date="2015-01-01" />
          <period-end iso-date="2015-12-31" />
          <target value="15">
            <comment>
              <narrative>Electricity sales from RE growth at least 15 per year</narrative>
            </comment>
          </target>
          <actual value="">
            <comment>
              <narrative>TBD at Final Evaluation</narrative>
            </comment>
          </actual>
        </period>
      </indicator>
    </result>
  </iati-activity>
  <iati-activity last-updated-datetime="2017-05-01T00:02:02" default-currency="USD" xml:lang="en" hierarchy="1">
    <iati-identifier>XM-DAC-41114-PROJECT-00087532</iati-identifier>
    <reporting-org ref="XM-DAC-41114" type="40">
      <narrative>United Nations Development Programme</narrative>
    </reporting-org>
    <title>
      <narrative>PW Global Environmental Priorities (CB2/CCCD)</narrative>
    </title>
    <description type="1">
      <narrative>Mainstreaming Global Environmental Priorities into National Policies and Programmes</narrative>
    </description>
    <participating-org role="4" type="10" ref="01224">
      <narrative>National Execution</narrative>
    </participating-org>
    <participating-org role="2" type="40" ref="XM-DAC-41114">
      <narrative>UNITED NATIONS DEVELOPMENT PROGRAMME</narrative>
    </participating-org>
    <participating-org role="1" type="40" ref="10003">
      <narrative>Global Environment Fund Truste</narrative>
    </participating-org>
    <activity-status code="2" />
    <activity-date type="1" iso-date="2015-04-01" />
    <activity-date type="2" iso-date="2015-04-01" />
    <activity-date type="3" iso-date="2018-04-01" />
    <contact-info type="1">
      <email>registry.fj@undp.org</email>
      <website>http://www.fj.undp.org/</website>
    </contact-info>
    <recipient-country code="PW">
      <narrative>Republic of Palau</narrative>
    </recipient-country>
    <sector vocabulary="1" code="23010" />
    <collaboration-type code="4" />
    <default-flow-type code="10" />
    <default-finance-type code="110" />
    <default-aid-type code="C01" />
    <default-tied-status code="3" />
    <document-link format="application/msword" url="https://info.undp.org/docs/pdc/Documents/PLW/5049_CCCD_Palau_ProDoc-16Mar2015_post-PAC.doc">
      <title>
        <narrative>CCCD Project Document</narrative>
      </title>
      <category code="A01" />
      <category code="A02" />
      <category code="A03" />
      <category code="A04" />
      <category code="A05" />
      <category code="A08" />
      <language code="en" />
    </document-link>
    <document-link format="application/pdf" url="https://info.undp.org/docs/pdc/Documents/PLW/Palau%20CB2-CCCD%20Project%20AWP%202015_revised_GoP-Aug%202015%20UNDP%20endorsed.pdf">
      <title>
        <narrative>Palau CB2CCCD Project AWP 2015_revised_GoPAug 2015 UNDP endorsed</narrative>
      </title>
      <category code="A05" />
      <language code="en" />
    </document-link>
    <document-link format="application/pdf" url="https://info.undp.org/docs/pdc/Documents/PLW/Palau%20CB2-CCCD%20Project%20AWP%202015_revised_GoP-UNDP%20endorsed.pdf">
      <title>
        <narrative>Palau CB2CCCD Project AWP 2015_revised_GoPUNDP endorsed</narrative>
      </title>
      <category code="A05" />
      <language code="en" />
    </document-link>
    <document-link format="application/pdf" url="https://info.undp.org/docs/pdc/Documents/PLW/Palau%20CB2-CCD%20Project%20AWP%202015_revised_UNDP%20cover%20letter.pdf">
      <title>
        <narrative>Palau CB2CCD Project AWP 2015_revised_UNDP cover letter</narrative>
      </title>
      <category code="A05" />
      <language code="en" />
    </document-link>
    <document-link format="application/pdf" url="http://www.fj.undp.org/content/dam/fiji/docs/SBBA/SBAA_Palau.pdf">
      <title>
        <narrative>SBAA_Palau</narrative>
      </title>
      <category code="A09" />
      <language code="en" />
    </document-link>
    <document-link format="text/html" url="http://procurement-notices.undp.org/index.cfm">
      <title>
        <narrative>Request for Procurement</narrative>
      </title>
      <category code="A10" />
      <language code="en" />
    </document-link>
    <document-link format="text/html" url="http://open.undp.org/#project/00087532">
      <title>
        <narrative>Purchase Order Summary</narrative>
      </title>
      <category code="A11" />
      <category code="A12" />
      <language code="en" />
    </document-link>
    <related-activity type="2" ref="XM-DAC-41114-OUTPUT-00094498" />
    <conditions attached="0" />
  </iati-activity>
  <iati-activity last-updated-datetime="2017-05-01T00:02:02" default-currency="USD" xml:lang="en" hierarchy="2">
    <iati-identifier>XM-DAC-41114-OUTPUT-00094498</iati-identifier>
    <reporting-org ref="XM-DAC-41114" type="40">
      <narrative>United Nations Development Programme</narrative>
    </reporting-org>
    <title>
      <narrative>PLW CB/CCCD</narrative>
    </title>
    <description type="1">
      <narrative>Mainstreaming global environmental priorities into national policies and programmes</narrative>
    </description>
    <participating-org role="1" type="40" ref="10003">
      <narrative>Global Environment Fund Truste</narrative>
    </participating-org>
    <activity-status code="2" />
    <activity-date type="1" iso-date="2015-04-01" />
    <activity-date type="2" iso-date="2015-04-01" />
    <activity-date type="3" iso-date="2018-04-01" />
    <contact-info type="1">
      <email>registry.fj@undp.org</email>
      <website>http://www.fj.undp.org/</website>
    </contact-info>
    <recipient-country code="PW">
      <narrative>Republic of Palau</narrative>
    </recipient-country>
    <sector vocabulary="1" code="23010" />
    <sector vocabulary="99" code="1">
      <narrative>Inclusive &amp; Sustainable Growth</narrative>
    </sector>
    <country-budget-items vocabulary="1">
      <budget-item code="3.6.1" percentage="100">
        <description>
          <narrative>Energy - policy, planning and administration</narrative>
        </description>
      </budget-item>
    </country-budget-items>
    <policy-marker vocabulary="1" code="1" significance="1" />
    <collaboration-type code="4" />
    <default-flow-type code="10" />
    <default-finance-type code="110" />
    <default-aid-type code="C01" />
    <default-tied-status code="3" />
    <budget type="2" status="2">
      <period-start iso-date="2017-01-01" />
      <period-end iso-date="2017-12-31" />
      <value currency="USD" value-date="2017-04-30">176924</value>
    </budget>
    <budget type="2" status="2">
      <period-start iso-date="2018-01-01" />
      <period-end iso-date="2018-12-31" />
      <value currency="USD" value-date="2017-04-30">127275</value>
    </budget>
    <budget type="2" status="2">
      <period-start iso-date="2016-01-01" />
      <period-end iso-date="2016-12-31" />
      <value currency="USD" value-date="2016-12-31">114573</value>
    </budget>
    <budget type="2" status="2">
      <period-start iso-date="2015-01-01" />
      <period-end iso-date="2015-12-31" />
      <value currency="USD" value-date="2015-12-31">30560</value>
    </budget>
    <transaction>
      <transaction-type code="4" />
      <transaction-date iso-date="2017-04-30" />
      <value currency="USD" value-date="2017-04-30">11700</value>
      <provider-org ref="XM-DAC-41114">
        <narrative>United Nations development Programme</narrative>
      </provider-org>
      <disbursement-channel code="2" />
    </transaction>
    <transaction>
      <transaction-type code="11" />
      <transaction-date iso-date="2018-12-31" />
      <value currency="USD" value-date="2018-12-31">127275</value>
      <provider-org type="40" ref="10003">
        <narrative>Global Environment Fund Truste</narrative>
      </provider-org>
      <receiver-org type="40" ref="XM-DAC-41114" receiver-activity-id="XM-DAC-41114-OUTPUT-00094498">
        <narrative>United Nations development Programme</narrative>
      </receiver-org>
      <disbursement-channel code="2" />
    </transaction>
    <transaction>
      <transaction-type code="11" />
      <transaction-date iso-date="2017-04-30" />
      <value currency="USD" value-date="2017-04-30">176924</value>
      <provider-org type="40" ref="10003">
        <narrative>Global Environment Fund Truste</narrative>
      </provider-org>
      <receiver-org type="40" ref="XM-DAC-41114" receiver-activity-id="XM-DAC-41114-OUTPUT-00094498">
        <narrative>United Nations development Programme</narrative>
      </receiver-org>
      <disbursement-channel code="2" />
    </transaction>
    <transaction>
      <transaction-type code="11" />
      <transaction-date iso-date="2016-12-31" />
      <value currency="USD" value-date="2016-12-31">114573</value>
      <provider-org type="40" ref="10003">
        <narrative>Global Environment Fund Truste</narrative>
      </provider-org>
      <receiver-org type="40" ref="XM-DAC-41114" receiver-activity-id="XM-DAC-41114-OUTPUT-00094498">
        <narrative>United Nations development Programme</narrative>
      </receiver-org>
      <disbursement-channel code="2" />
    </transaction>
    <transaction>
      <transaction-type code="11" />
      <transaction-date iso-date="2015-12-31" />
      <value currency="USD" value-date="2015-12-31">30560</value>
      <provider-org type="40" ref="10003">
        <narrative>Global Environment Fund Truste</narrative>
      </provider-org>
      <receiver-org type="40" ref="XM-DAC-41114" receiver-activity-id="XM-DAC-41114-OUTPUT-00094498">
        <narrative>United Nations development Programme</narrative>
      </receiver-org>
      <disbursement-channel code="2" />
    </transaction>
    <transaction>
      <transaction-type code="4" />
      <transaction-date iso-date="2016-12-31" />
      <value currency="USD" value-date="2016-12-31">94573</value>
      <disbursement-channel code="2" />
    </transaction>
    <transaction>
      <transaction-type code="4" />
      <transaction-date iso-date="2015-12-31" />
      <value currency="USD" value-date="2015-12-31">29360</value>
      <disbursement-channel code="2" />
    </transaction>
    <document-link format="text/html" url="http://open.undp.org/#project/00087532">
      <title>
        <narrative>Activity web page</narrative>
      </title>
      <category code="A12" />
    </document-link>
    <related-activity type="1" ref="XM-DAC-41114-PROJECT-00087532" />
    <conditions attached="0" />
    <result type="1" aggregation-status="1">
      <title>
        <narrative>Annual Output Results</narrative>
      </title>
      <indicator ascending="0" measure="1">
        <title>
          <narrative>Output Indicator</narrative>
        </title>
        <description>
          <narrative>1) Number of strategies and policies integrating Rio Convention priorities and effectively using new environmental information.
2) Percentage of stakeholders applying Rio Convention priorities.
3) Capacity development monitoring scorecard rating.</narrative>
        </description>
        <baseline year="2015" value="">
          <comment>
            <narrative>1) 0
2) 0
3) 0</narrative>
          </comment>
        </baseline>
        <period>
          <period-start iso-date="2015-01-01" />
          <period-end iso-date="2015-12-31" />
          <target value="">
            <comment>
              <narrative>1) 1 set of adequate official standards, norms and procedures are in place and used by the relevant organizations.
2) 1 course on environmental information management is institutionalized as in-service training for public administrators and coordinating MEAs implementation including a broader stakeholder involvement.
3) Fully functional PMU office.</narrative>
            </comment>
          </target>
          <actual value="">
            <comment>
              <narrative>1) 0 (TOR developed, consultant hired and 25% of work completed).
2) 0
3) 1 (PMU established and staff are applying knowledge learned from induction training, inception workshop and on-the-job training conducted during inception phase).</narrative>
            </comment>
          </actual>
        </period>
        <period>
          <period-start iso-date="2016-01-01" />
          <period-end iso-date="2016-12-31" />
          <target value="">
            <comment>
              <narrative>1) 1 set of adequate official standards, norms and procedures are in place and used by the relevant organizations.
2) 1 course on environmental information management is institutionalized as in-service training for public administrators and coordinating MEAs implementation including a broader stakeholder involvement.
3) A decision-making mechanism is revived.
4) Fully functional PMU office.</narrative>
            </comment>
          </target>
          <actual value="">
            <comment>
              <narrative>1) 1
2) 0
3) 1 (National Environmental Protection Council, NEPC).
4) 1</narrative>
            </comment>
          </actual>
        </period>
        <period>
          <period-start iso-date="2017-01-01" />
          <period-end iso-date="2017-12-31" />
          <target value="">
            <comment>
              <narrative>1) 1 environmental information management system to collect, store, report and give data access across key agencies.
2) 1 course on environmental information management is institutionalized as in-service training for public administrators and coordinating MEAs implementation including a broader stakeholder involvement.
3) 1 set of draft mandates for key agencies to catalyze improved decision-making on environmental protection.
4) Fully functional PMU office.</narrative>
            </comment>
          </target>
          <actual value="">
            <comment>
              <narrative />
            </comment>
          </actual>
        </period>
      </indicator>
    </result>
  </iati-activity>
  <iati-activity last-updated-datetime="2017-05-01T00:02:02" default-currency="USD" xml:lang="en" hierarchy="1">
    <iati-identifier>XM-DAC-41114-PROJECT-00096345</iati-identifier>
    <reporting-org ref="XM-DAC-41114" type="40">
      <narrative>United Nations Development Programme</narrative>
    </reporting-org>
    <title>
      <narrative>PLW BD safeguards &amp; Conservation</narrative>
    </title>
    <description type="1">
      <narrative>To mainstream conservation and biodiversity safeguards into landscape, forest and seascape planning and management and into key productive and economic sectors in Palau.</narrative>
    </description>
    <participating-org role="4" type="40" ref="XM-DAC-41114">
      <narrative>United Nations Development Programme</narrative>
    </participating-org>
    <participating-org role="2" type="40" ref="XM-DAC-41114">
      <narrative>UNITED NATIONS DEVELOPMENT PROGRAMME</narrative>
    </participating-org>
    <participating-org role="1" type="40" ref="10003">
      <narrative>Global Environment Fund Truste</narrative>
    </participating-org>
    <activity-status code="2" />
    <activity-date type="1" iso-date="2016-04-01" />
    <activity-date type="2" iso-date="2016-04-01" />
    <activity-date type="3" iso-date="2017-12-31" />
    <contact-info type="1">
      <email>registry.fj@undp.org</email>
      <website>http://www.fj.undp.org/</website>
    </contact-info>
    <recipient-country code="PW">
      <narrative>Republic of Palau</narrative>
    </recipient-country>
    <sector vocabulary="1" code="41010" />
    <collaboration-type code="4" />
    <default-flow-type code="10" />
    <default-finance-type code="110" />
    <default-aid-type code="C01" />
    <default-tied-status code="3" />
    <document-link format="application/pdf" url="http://www.fj.undp.org/content/dam/fiji/docs/SBBA/SBAA_Palau.pdf">
      <title>
        <narrative>SBAA_Palau</narrative>
      </title>
      <category code="A09" />
      <language code="en" />
    </document-link>
    <document-link format="text/html" url="http://procurement-notices.undp.org/view_notice.cfm?notice_id=34781">
      <title>
        <narrative>PLW BD safeguards &amp; Conservation</narrative>
      </title>
      <category code="A10" />
      <language code="en" />
    </document-link>
    <document-link format="text/html" url="http://open.undp.org/#project/00096345">
      <title>
        <narrative>Purchase Order Summary</narrative>
      </title>
      <category code="A11" />
      <category code="A12" />
      <language code="en" />
    </document-link>
    <related-activity type="2" ref="XM-DAC-41114-OUTPUT-00100277" />
    <conditions attached="0" />
  </iati-activity>
  <iati-activity last-updated-datetime="2017-05-01T00:02:02" default-currency="USD" xml:lang="en" hierarchy="2">
    <iati-identifier>XM-DAC-41114-OUTPUT-00100277</iati-identifier>
    <reporting-org ref="XM-DAC-41114" type="40">
      <narrative>United Nations Development Programme</narrative>
    </reporting-org>
    <title>
      <narrative>PLWSafeguards and Conservation</narrative>
    </title>
    <description type="1">
      <narrative>Formulation of Palau GEF 6 Project</narrative>
    </description>
    <participating-org role="1" type="40" ref="10003">
      <narrative>Global Environment Fund Truste</narrative>
    </participating-org>
    <activity-status code="2" />
    <activity-date type="1" iso-date="2016-04-01" />
    <activity-date type="2" iso-date="2016-04-01" />
    <activity-date type="3" iso-date="2017-09-30" />
    <contact-info type="1">
      <email>registry.fj@undp.org</email>
      <website>http://www.fj.undp.org/</website>
    </contact-info>
    <recipient-country code="PW">
      <narrative>Republic of Palau</narrative>
    </recipient-country>
    <sector vocabulary="1" code="41010" />
    <sector vocabulary="99" code="2">
      <narrative>Democratic Governance</narrative>
    </sector>
    <country-budget-items vocabulary="1">
      <budget-item code="4.2.1" percentage="100">
        <description>
          <narrative>Environment - policy, planning and administration</narrative>
        </description>
      </budget-item>
    </country-budget-items>
    <policy-marker vocabulary="1" code="1" significance="0" />
    <collaboration-type code="4" />
    <default-flow-type code="10" />
    <default-finance-type code="110" />
    <default-aid-type code="C01" />
    <default-tied-status code="3" />
    <budget type="2" status="2">
      <period-start iso-date="2017-01-01" />
      <period-end iso-date="2017-12-31" />
      <value currency="USD" value-date="2017-04-30">150000</value>
    </budget>
    <budget type="2" status="2">
      <period-start iso-date="2016-01-01" />
      <period-end iso-date="2016-12-31" />
      <value currency="USD" value-date="2016-12-31">57000</value>
    </budget>
    <transaction>
      <transaction-type code="4" />
      <transaction-date iso-date="2017-04-30" />
      <value currency="USD" value-date="2017-04-30">38143</value>
      <provider-org ref="XM-DAC-41114">
        <narrative>United Nations development Programme</narrative>
      </provider-org>
      <disbursement-channel code="2" />
    </transaction>
    <transaction>
      <transaction-type code="11" />
      <transaction-date iso-date="2017-04-30" />
      <value currency="USD" value-date="2017-04-30">150000</value>
      <provider-org type="40" ref="10003">
        <narrative>Global Environment Fund Truste</narrative>
      </provider-org>
      <receiver-org type="40" ref="XM-DAC-41114" receiver-activity-id="XM-DAC-41114-OUTPUT-00100277">
        <narrative>United Nations development Programme</narrative>
      </receiver-org>
      <disbursement-channel code="2" />
    </transaction>
    <transaction>
      <transaction-type code="11" />
      <transaction-date iso-date="2016-12-31" />
      <value currency="USD" value-date="2016-12-31">57000</value>
      <provider-org type="40" ref="10003">
        <narrative>Global Environment Fund Truste</narrative>
      </provider-org>
      <receiver-org type="40" ref="XM-DAC-41114" receiver-activity-id="XM-DAC-41114-OUTPUT-00100277">
        <narrative>United Nations development Programme</narrative>
      </receiver-org>
      <disbursement-channel code="2" />
    </transaction>
    <transaction>
      <transaction-type code="4" />
      <transaction-date iso-date="2016-12-31" />
      <value currency="USD" value-date="2016-12-31">0</value>
      <disbursement-channel code="2" />
    </transaction>
    <document-link format="text/html" url="http://open.undp.org/#project/00096345">
      <title>
        <narrative>Activity web page</narrative>
      </title>
      <category code="A12" />
    </document-link>
    <related-activity type="1" ref="XM-DAC-41114-PROJECT-00096345" />
    <conditions attached="0" />
  </iati-activity>
  <iati-activity last-updated-datetime="2017-05-01T00:02:02" default-currency="USD" xml:lang="en" hierarchy="1">
    <iati-identifier>XM-DAC-41114-PROJECT-00096488</iati-identifier>
    <reporting-org ref="XM-DAC-41114" type="40">
      <narrative>United Nations Development Programme</narrative>
    </reporting-org>
    <title>
      <narrative>PW Local Governance Strengthning</narrative>
    </title>
    <description type="1">
      <narrative>Palau Local Governance Strengthening Programme</narrative>
    </description>
    <participating-org role="4" type="40" ref="XM-DAC-41114">
      <narrative>United Nations Development Programme</narrative>
    </participating-org>
    <participating-org role="2" type="40" ref="XM-DAC-41114">
      <narrative>UNITED NATIONS DEVELOPMENT PROGRAMME</narrative>
    </participating-org>
    <participating-org role="1" type="10" ref="12569">
      <narrative>Republic of Palau</narrative>
    </participating-org>
    <participating-org role="1" type="40" ref="XM-DAC-41114">
      <narrative>UNITED NATIONS DEVELOPMENT PROGRAMME</narrative>
    </participating-org>
    <activity-status code="2" />
    <activity-date type="1" iso-date="2016-06-01" />
    <activity-date type="2" iso-date="2016-06-01" />
    <activity-date type="3" iso-date="2019-06-30" />
    <contact-info type="1">
      <email>registry.fj@undp.org</email>
      <website>http://www.fj.undp.org/</website>
    </contact-info>
    <recipient-country code="PW">
      <narrative>Republic of Palau</narrative>
    </recipient-country>
    <sector vocabulary="1" code="15112" />
    <collaboration-type code="4" />
    <default-flow-type code="10" />
    <default-finance-type code="110" />
    <default-aid-type code="C01" />
    <default-tied-status code="3" />
    <document-link format="application/pdf" url="https://info.undp.org/docs/pdc/Documents/PLW/Palau%20LGS%20Project%20Mission%2010-18%20Oct%202016.pdf">
      <title>
        <narrative>Palau LGS Project Mission 1018 Oct 2016</narrative>
      </title>
      <category code="A08" />
      <language code="en" />
    </document-link>
    <document-link format="application/pdf" url="http://www.fj.undp.org/content/dam/fiji/docs/SBBA/SBAA_Palau.pdf">
      <title>
        <narrative>SBAA_Palau</narrative>
      </title>
      <category code="A09" />
      <language code="en" />
    </document-link>
    <document-link format="text/html" url="http://procurement-notices.undp.org/view_notice.cfm?notice_id=35422">
      <title>
        <narrative>PW Local Governance Strengthning</narrative>
      </title>
      <category code="A10" />
      <language code="en" />
    </document-link>
    <document-link format="text/html" url="http://open.undp.org/#project/00096488">
      <title>
        <narrative>Purchase Order Summary</narrative>
      </title>
      <category code="A11" />
      <category code="A12" />
      <language code="en" />
    </document-link>
    <related-activity type="2" ref="XM-DAC-41114-OUTPUT-00100423" />
    <related-activity type="2" ref="XM-DAC-41114-OUTPUT-00102523" />
    <related-activity type="2" ref="XM-DAC-41114-OUTPUT-00102526" />
    <conditions attached="0" />
  </iati-activity>
  <iati-activity last-updated-datetime="2017-05-01T00:02:02" default-currency="USD" xml:lang="en" hierarchy="2">
    <iati-identifier>XM-DAC-41114-OUTPUT-00100423</iati-identifier>
    <reporting-org ref="XM-DAC-41114" type="40">
      <narrative>United Nations Development Programme</narrative>
    </reporting-org>
    <title>
      <narrative>PW LG State Gov Capacity Bldg</narrative>
    </title>
    <description type="1">
      <narrative>4 States in Palau (Executive and Legislative branches) have enhanced capacities to plan and manage public resources to deliver basic services to their constituencies</narrative>
    </description>
    <participating-org role="1" type="10" ref="12569">
      <narrative>Republic of Palau</narrative>
    </participating-org>
    <participating-org role="1" type="40" ref="XM-DAC-41114">
      <narrative>UNITED NATIONS DEVELOPMENT PROGRAMME</narrative>
    </participating-org>
    <activity-status code="2" />
    <activity-date type="1" iso-date="2016-06-01" />
    <activity-date type="2" iso-date="2016-06-01" />
    <activity-date type="3" iso-date="2019-06-30" />
    <contact-info type="1">
      <email>registry.fj@undp.org</email>
      <website>http://www.fj.undp.org/</website>
    </contact-info>
    <recipient-country code="PW">
      <narrative>Republic of Palau</narrative>
    </recipient-country>
    <sector vocabulary="1" code="15112" />
    <sector vocabulary="99" code="3">
      <narrative>Responsive Institutions</narrative>
    </sector>
    <country-budget-items vocabulary="1">
      <budget-item code="1.3.8" percentage="100">
        <description>
          <narrative>Accountability - local government finance</narrative>
        </description>
      </budget-item>
    </country-budget-items>
    <policy-marker vocabulary="1" code="1" significance="0" />
    <collaboration-type code="4" />
    <default-flow-type code="10" />
    <default-finance-type code="110" />
    <default-aid-type code="C01" />
    <default-tied-status code="3" />
    <budget type="2" status="2">
      <period-start iso-date="2017-01-01" />
      <period-end iso-date="2017-12-31" />
      <value currency="USD" value-date="2017-04-30">80200</value>
    </budget>
    <budget type="2" status="2">
      <period-start iso-date="2019-01-01" />
      <period-end iso-date="2019-12-31" />
      <value currency="USD" value-date="2017-04-30">37000</value>
    </budget>
    <budget type="2" status="2">
      <period-start iso-date="2018-01-01" />
      <period-end iso-date="2018-12-31" />
      <value currency="USD" value-date="2017-04-30">39200</value>
    </budget>
    <budget type="2" status="2">
      <period-start iso-date="2016-01-01" />
      <period-end iso-date="2016-12-31" />
      <value currency="USD" value-date="2016-12-31">53100</value>
    </budget>
    <transaction>
      <transaction-type code="4" />
      <transaction-date iso-date="2017-04-30" />
      <value currency="USD" value-date="2017-04-30">5595</value>
      <provider-org ref="XM-DAC-41114">
        <narrative>United Nations development Programme</narrative>
      </provider-org>
      <disbursement-channel code="2" />
    </transaction>
    <transaction>
      <transaction-type code="11" />
      <transaction-date iso-date="2019-12-31" />
      <value currency="USD" value-date="2019-12-31">37000</value>
      <provider-org type="10" ref="12569">
        <narrative>Republic of Palau</narrative>
      </provider-org>
      <receiver-org type="40" ref="XM-DAC-41114" receiver-activity-id="XM-DAC-41114-OUTPUT-00100423">
        <narrative>United Nations development Programme</narrative>
      </receiver-org>
      <disbursement-channel code="2" />
    </transaction>
    <transaction>
      <transaction-type code="11" />
      <transaction-date iso-date="2018-12-31" />
      <value currency="USD" value-date="2018-12-31">39200</value>
      <provider-org type="10" ref="12569">
        <narrative>Republic of Palau</narrative>
      </provider-org>
      <receiver-org type="40" ref="XM-DAC-41114" receiver-activity-id="XM-DAC-41114-OUTPUT-00100423">
        <narrative>United Nations development Programme</narrative>
      </receiver-org>
      <disbursement-channel code="2" />
    </transaction>
    <transaction>
      <transaction-type code="11" />
      <transaction-date iso-date="2017-04-30" />
      <value currency="USD" value-date="2017-04-30">40200</value>
      <provider-org type="10" ref="12569">
        <narrative>Republic of Palau</narrative>
      </provider-org>
      <receiver-org type="40" ref="XM-DAC-41114" receiver-activity-id="XM-DAC-41114-OUTPUT-00100423">
        <narrative>United Nations development Programme</narrative>
      </receiver-org>
      <disbursement-channel code="2" />
    </transaction>
    <transaction>
      <transaction-type code="1" />
      <transaction-date iso-date="2016-12-31" />
      <value currency="USD" value-date="2016-12-31">50000</value>
      <provider-org ref="12569" type="10">
        <narrative>Republic of Palau</narrative>
      </provider-org>
      <receiver-org ref="XM-DAC-41114" receiver-activity-id="00100423">
        <narrative>United Nations development Programme</narrative>
      </receiver-org>
      <disbursement-channel code="2" />
    </transaction>
    <transaction>
      <transaction-type code="11" />
      <transaction-date iso-date="2019-12-31" />
      <value currency="USD" value-date="2019-12-31">104780</value>
      <provider-org type="40" ref="XM-DAC-41114" provider-activity-id="XM-DAC-41114-PROJECT-00096488">
        <narrative>UNITED NATIONS DEVELOPMENT PROGRAMME</narrative>
      </provider-org>
      <receiver-org type="40" ref="XM-DAC-41114" receiver-activity-id="XM-DAC-41114-OUTPUT-00100423">
        <narrative>United Nations development Programme</narrative>
      </receiver-org>
      <disbursement-channel code="2" />
    </transaction>
    <transaction>
      <transaction-type code="11" />
      <transaction-date iso-date="2017-04-30" />
      <value currency="USD" value-date="2017-04-30">40000</value>
      <provider-org type="40" ref="XM-DAC-41114" provider-activity-id="XM-DAC-41114-PROJECT-00096488">
        <narrative>UNITED NATIONS DEVELOPMENT PROGRAMME</narrative>
      </provider-org>
      <receiver-org type="40" ref="XM-DAC-41114" receiver-activity-id="XM-DAC-41114-OUTPUT-00100423">
        <narrative>United Nations development Programme</narrative>
      </receiver-org>
      <disbursement-channel code="2" />
    </transaction>
    <transaction>
      <transaction-type code="11" />
      <transaction-date iso-date="2016-12-31" />
      <value currency="USD" value-date="2016-12-31">53100</value>
      <provider-org type="40" ref="XM-DAC-41114" provider-activity-id="XM-DAC-41114-PROJECT-00096488">
        <narrative>UNITED NATIONS DEVELOPMENT PROGRAMME</narrative>
      </provider-org>
      <receiver-org type="40" ref="XM-DAC-41114" receiver-activity-id="XM-DAC-41114-OUTPUT-00100423">
        <narrative>United Nations development Programme</narrative>
      </receiver-org>
      <disbursement-channel code="2" />
    </transaction>
    <transaction>
      <transaction-type code="4" />
      <transaction-date iso-date="2016-12-31" />
      <value currency="USD" value-date="2016-12-31">22023</value>
      <disbursement-channel code="2" />
    </transaction>
    <document-link format="text/html" url="http://open.undp.org/#project/00096488">
      <title>
        <narrative>Activity web page</narrative>
      </title>
      <category code="A12" />
    </document-link>
    <related-activity type="1" ref="XM-DAC-41114-PROJECT-00096488" />
    <related-activity type="3" ref="XM-DAC-41114-OUTPUT-00102523" />
    <related-activity type="3" ref="XM-DAC-41114-OUTPUT-00102526" />
    <conditions attached="0" />
  </iati-activity>
  <iati-activity last-updated-datetime="2017-05-01T00:02:02" default-currency="USD" xml:lang="en" hierarchy="2">
    <iati-identifier>XM-DAC-41114-OUTPUT-00102523</iati-identifier>
    <reporting-org ref="XM-DAC-41114" type="40">
      <narrative>United Nations Development Programme</narrative>
    </reporting-org>
    <title>
      <narrative>PW LG Min. State Capacity</narrative>
    </title>
    <description type="1">
      <narrative>Output 2: The Ministry of State (Bureau of Domestic Affairs) has enhanced capacities to support State governments and facilitates relations and operations between central administrations, the Senate, the House of Delegates and State governments.</narrative>
    </description>
    <participating-org role="1" type="10" ref="12569">
      <narrative>Republic of Palau</narrative>
    </participating-org>
    <participating-org role="1" type="40" ref="XM-DAC-41114">
      <narrative>UNITED NATIONS DEVELOPMENT PROGRAMME</narrative>
    </participating-org>
    <activity-status code="2" />
    <activity-date type="1" iso-date="2016-06-01" />
    <activity-date type="2" iso-date="2016-06-01" />
    <activity-date type="3" iso-date="2019-06-30" />
    <contact-info type="1">
      <email>registry.fj@undp.org</email>
      <website>http://www.fj.undp.org/</website>
    </contact-info>
    <recipient-country code="PW">
      <narrative>Republic of Palau</narrative>
    </recipient-country>
    <sector vocabulary="1" code="15112" />
    <sector vocabulary="99" code="3">
      <narrative>Responsive Institutions</narrative>
    </sector>
    <country-budget-items vocabulary="1">
      <budget-item code="1.3.8" percentage="100">
        <description>
          <narrative>Accountability - local government finance</narrative>
        </description>
      </budget-item>
    </country-budget-items>
    <policy-marker vocabulary="1" code="1" significance="0" />
    <collaboration-type code="4" />
    <default-flow-type code="10" />
    <default-finance-type code="110" />
    <default-aid-type code="C01" />
    <default-tied-status code="3" />
    <budget type="2" status="2">
      <period-start iso-date="2017-01-01" />
      <period-end iso-date="2017-12-31" />
      <value currency="USD" value-date="2017-04-30">75400</value>
    </budget>
    <budget type="2" status="2">
      <period-start iso-date="2019-01-01" />
      <period-end iso-date="2019-12-31" />
      <value currency="USD" value-date="2017-04-30">22306</value>
    </budget>
    <budget type="2" status="2">
      <period-start iso-date="2018-01-01" />
      <period-end iso-date="2018-12-31" />
      <value currency="USD" value-date="2017-04-30">200</value>
    </budget>
    <budget type="2" status="2">
      <period-start iso-date="2016-01-01" />
      <period-end iso-date="2016-12-31" />
      <value currency="USD" value-date="2016-12-31">19350</value>
    </budget>
    <transaction>
      <transaction-type code="4" />
      <transaction-date iso-date="2017-04-30" />
      <value currency="USD" value-date="2017-04-30">3935</value>
      <provider-org ref="XM-DAC-41114">
        <narrative>United Nations development Programme</narrative>
      </provider-org>
      <disbursement-channel code="2" />
    </transaction>
    <transaction>
      <transaction-type code="11" />
      <transaction-date iso-date="2019-12-31" />
      <value currency="USD" value-date="2019-12-31">22306</value>
      <provider-org type="10" ref="12569">
        <narrative>Republic of Palau</narrative>
      </provider-org>
      <receiver-org type="40" ref="XM-DAC-41114" receiver-activity-id="XM-DAC-41114-OUTPUT-00102523">
        <narrative>United Nations development Programme</narrative>
      </receiver-org>
      <disbursement-channel code="2" />
    </transaction>
    <transaction>
      <transaction-type code="11" />
      <transaction-date iso-date="2018-12-31" />
      <value currency="USD" value-date="2018-12-31">200</value>
      <provider-org type="10" ref="12569">
        <narrative>Republic of Palau</narrative>
      </provider-org>
      <receiver-org type="40" ref="XM-DAC-41114" receiver-activity-id="XM-DAC-41114-OUTPUT-00102523">
        <narrative>United Nations development Programme</narrative>
      </receiver-org>
      <disbursement-channel code="2" />
    </transaction>
    <transaction>
      <transaction-type code="11" />
      <transaction-date iso-date="2017-04-30" />
      <value currency="USD" value-date="2017-04-30">37400</value>
      <provider-org type="10" ref="12569">
        <narrative>Republic of Palau</narrative>
      </provider-org>
      <receiver-org type="40" ref="XM-DAC-41114" receiver-activity-id="XM-DAC-41114-OUTPUT-00102523">
        <narrative>United Nations development Programme</narrative>
      </receiver-org>
      <disbursement-channel code="2" />
    </transaction>
    <transaction>
      <transaction-type code="1" />
      <transaction-date iso-date="2016-12-31" />
      <value currency="USD" value-date="2016-12-31">50000</value>
      <provider-org ref="12569" type="10">
        <narrative>Republic of Palau</narrative>
      </provider-org>
      <receiver-org ref="XM-DAC-41114" receiver-activity-id="00102523">
        <narrative>United Nations development Programme</narrative>
      </receiver-org>
      <disbursement-channel code="2" />
    </transaction>
    <transaction>
      <transaction-type code="11" />
      <transaction-date iso-date="2017-04-30" />
      <value currency="USD" value-date="2017-04-30">38000</value>
      <provider-org type="40" ref="XM-DAC-41114">
        <narrative>UNITED NATIONS DEVELOPMENT PROGRAMME</narrative>
      </provider-org>
      <receiver-org type="40" ref="XM-DAC-41114" receiver-activity-id="XM-DAC-41114-OUTPUT-00102523">
        <narrative>United Nations development Programme</narrative>
      </receiver-org>
      <disbursement-channel code="2" />
    </transaction>
    <transaction>
      <transaction-type code="11" />
      <transaction-date iso-date="2016-12-31" />
      <value currency="USD" value-date="2016-12-31">19350</value>
      <provider-org type="40" ref="XM-DAC-41114">
        <narrative>UNITED NATIONS DEVELOPMENT PROGRAMME</narrative>
      </provider-org>
      <receiver-org type="40" ref="XM-DAC-41114" receiver-activity-id="XM-DAC-41114-OUTPUT-00102523">
        <narrative>United Nations development Programme</narrative>
      </receiver-org>
      <disbursement-channel code="2" />
    </transaction>
    <transaction>
      <transaction-type code="4" />
      <transaction-date iso-date="2016-12-31" />
      <value currency="USD" value-date="2016-12-31">0</value>
      <disbursement-channel code="2" />
    </transaction>
    <document-link format="text/html" url="http://open.undp.org/#project/00096488">
      <title>
        <narrative>Activity web page</narrative>
      </title>
      <category code="A12" />
    </document-link>
    <related-activity type="1" ref="XM-DAC-41114-PROJECT-00096488" />
    <related-activity type="3" ref="XM-DAC-41114-OUTPUT-00100423" />
    <related-activity type="3" ref="XM-DAC-41114-OUTPUT-00102526" />
    <conditions attached="0" />
  </iati-activity>
  <iati-activity last-updated-datetime="2017-05-01T00:02:02" default-currency="USD" xml:lang="en" hierarchy="2">
    <iati-identifier>XM-DAC-41114-OUTPUT-00102526</iati-identifier>
    <reporting-org ref="XM-DAC-41114" type="40">
      <narrative>United Nations Development Programme</narrative>
    </reporting-org>
    <title>
      <narrative>PW LG Citizen Engagement</narrative>
    </title>
    <description type="1">
      <narrative>Output 3: Local residents from 4 States, including youth and women, have increased understanding of central and local governments’ roles and responsibilities and participate more actively in local decision making and oversight.</narrative>
    </description>
    <participating-org role="1" type="10" ref="12569">
      <narrative>Republic of Palau</narrative>
    </participating-org>
    <participating-org role="1" type="40" ref="XM-DAC-41114">
      <narrative>UNITED NATIONS DEVELOPMENT PROGRAMME</narrative>
    </participating-org>
    <activity-status code="2" />
    <activity-date type="1" iso-date="2016-06-01" />
    <activity-date type="2" iso-date="2016-06-01" />
    <activity-date type="3" iso-date="2019-06-30" />
    <contact-info type="1">
      <email>registry.fj@undp.org</email>
      <website>http://www.fj.undp.org/</website>
    </contact-info>
    <recipient-country code="PW">
      <narrative>Republic of Palau</narrative>
    </recipient-country>
    <sector vocabulary="1" code="15112" />
    <sector vocabulary="99" code="3">
      <narrative>Responsive Institutions</narrative>
    </sector>
    <country-budget-items vocabulary="1">
      <budget-item code="1.3.8" percentage="100">
        <description>
          <narrative>Accountability - local government finance</narrative>
        </description>
      </budget-item>
    </country-budget-items>
    <policy-marker vocabulary="1" code="1" significance="0" />
    <collaboration-type code="4" />
    <default-flow-type code="10" />
    <default-finance-type code="110" />
    <default-aid-type code="C01" />
    <default-tied-status code="3" />
    <budget type="2" status="2">
      <period-start iso-date="2017-01-01" />
      <period-end iso-date="2017-12-31" />
      <value currency="USD" value-date="2017-04-30">54314</value>
    </budget>
    <budget type="2" status="2">
      <period-start iso-date="2019-01-01" />
      <period-end iso-date="2019-12-31" />
      <value currency="USD" value-date="2017-04-30">59000</value>
    </budget>
    <budget type="2" status="2">
      <period-start iso-date="2018-01-01" />
      <period-end iso-date="2018-12-31" />
      <value currency="USD" value-date="2017-04-30">55600</value>
    </budget>
    <budget type="2" status="2">
      <period-start iso-date="2016-01-01" />
      <period-end iso-date="2016-12-31" />
      <value currency="USD" value-date="2016-12-31">27550</value>
    </budget>
    <transaction>
      <transaction-type code="4" />
      <transaction-date iso-date="2017-04-30" />
      <value currency="USD" value-date="2017-04-30">3912</value>
      <provider-org ref="XM-DAC-41114">
        <narrative>United Nations development Programme</narrative>
      </provider-org>
      <disbursement-channel code="2" />
    </transaction>
    <transaction>
      <transaction-type code="11" />
      <transaction-date iso-date="2019-12-31" />
      <value currency="USD" value-date="2019-12-31">59000</value>
      <provider-org type="10" ref="12569">
        <narrative>Republic of Palau</narrative>
      </provider-org>
      <receiver-org type="40" ref="XM-DAC-41114" receiver-activity-id="XM-DAC-41114-OUTPUT-00102526">
        <narrative>United Nations development Programme</narrative>
      </receiver-org>
      <disbursement-channel code="2" />
    </transaction>
    <transaction>
      <transaction-type code="11" />
      <transaction-date iso-date="2018-12-31" />
      <value currency="USD" value-date="2018-12-31">55600</value>
      <provider-org type="10" ref="12569">
        <narrative>Republic of Palau</narrative>
      </provider-org>
      <receiver-org type="40" ref="XM-DAC-41114" receiver-activity-id="XM-DAC-41114-OUTPUT-00102526">
        <narrative>United Nations development Programme</narrative>
      </receiver-org>
      <disbursement-channel code="2" />
    </transaction>
    <transaction>
      <transaction-type code="11" />
      <transaction-date iso-date="2017-04-30" />
      <value currency="USD" value-date="2017-04-30">54314</value>
      <provider-org type="10" ref="12569">
        <narrative>Republic of Palau</narrative>
      </provider-org>
      <receiver-org type="40" ref="XM-DAC-41114" receiver-activity-id="XM-DAC-41114-OUTPUT-00102526">
        <narrative>United Nations development Programme</narrative>
      </receiver-org>
      <disbursement-channel code="2" />
    </transaction>
    <transaction>
      <transaction-type code="1" />
      <transaction-date iso-date="2016-12-31" />
      <value currency="USD" value-date="2016-12-31">50000</value>
      <provider-org ref="12569" type="10">
        <narrative>Republic of Palau</narrative>
      </provider-org>
      <receiver-org ref="XM-DAC-41114" receiver-activity-id="00102526">
        <narrative>United Nations development Programme</narrative>
      </receiver-org>
      <disbursement-channel code="2" />
    </transaction>
    <transaction>
      <transaction-type code="11" />
      <transaction-date iso-date="2016-12-31" />
      <value currency="USD" value-date="2016-12-31">27550</value>
      <provider-org type="40" ref="XM-DAC-41114">
        <narrative>UNITED NATIONS DEVELOPMENT PROGRAMME</narrative>
      </provider-org>
      <receiver-org type="40" ref="XM-DAC-41114" receiver-activity-id="XM-DAC-41114-OUTPUT-00102526">
        <narrative>United Nations development Programme</narrative>
      </receiver-org>
      <disbursement-channel code="2" />
    </transaction>
    <transaction>
      <transaction-type code="4" />
      <transaction-date iso-date="2016-12-31" />
      <value currency="USD" value-date="2016-12-31">0</value>
      <disbursement-channel code="2" />
    </transaction>
    <document-link format="text/html" url="http://open.undp.org/#project/00096488">
      <title>
        <narrative>Activity web page</narrative>
      </title>
      <category code="A12" />
    </document-link>
    <related-activity type="1" ref="XM-DAC-41114-PROJECT-00096488" />
    <related-activity type="3" ref="XM-DAC-41114-OUTPUT-00100423" />
    <related-activity type="3" ref="XM-DAC-41114-OUTPUT-00102523" />
    <conditions attached="0" />
  </iati-activity>
</iati-activities>