﻿<?xml version="1.0" encoding="UTF-8" standalone="yes"?>
<!--IATI Publications - UNDP Development Projects by Countries-->
<iati-activities xmlns:xsi="http://www.w3.org/2001/XMLSchema-instance" xmlns:xsd="http://www.w3.org/2001/XMLSchema" generated-datetime="2017-05-23T10:57:40" version="2.02">
  <!--St. Kitts and Nevis-->
  <iati-activity last-updated-datetime="2017-05-01T00:02:02" default-currency="USD" xml:lang="en" hierarchy="1">
    <iati-identifier>XM-DAC-41114-PROJECT-00080909</iati-identifier>
    <reporting-org ref="XM-DAC-41114" type="40">
      <narrative>United Nations Development Programme</narrative>
    </reporting-org>
    <title>
      <narrative>Conserving Biodiversity and Reducing Habitat Degradation</narrative>
    </title>
    <description type="1">
      <narrative>This project seeks to improve ecosystem representation in the Protected Area (PA); establish/strengthen PA management operations at key sites; and strengthen institutional policy information and financing frameworks at the PA system level.</narrative>
    </description>
    <participating-org role="4" type="10" ref="00196">
      <narrative>Government of St. Kitts/Nevis</narrative>
    </participating-org>
    <participating-org role="2" type="40" ref="XM-DAC-41114">
      <narrative>UNITED NATIONS DEVELOPMENT PROGRAMME</narrative>
    </participating-org>
    <participating-org role="1" type="40" ref="10003">
      <narrative>Global Environment Fund Truste</narrative>
    </participating-org>
    <activity-status code="2" />
    <activity-date type="1" iso-date="2015-08-01" />
    <activity-date type="2" iso-date="2015-08-01" />
    <activity-date type="3" iso-date="2019-07-31" />
    <contact-info type="1">
      <email>registry.bb@undp.org</email>
      <website>http://www.bb.undp.org/</website>
    </contact-info>
    <recipient-country code="KN">
      <narrative>St. Kitts and Nevis</narrative>
    </recipient-country>
    <sector vocabulary="1" code="23010" />
    <collaboration-type code="4" />
    <default-flow-type code="10" />
    <default-finance-type code="110" />
    <default-aid-type code="C01" />
    <default-tied-status code="3" />
    <document-link format="application/msword" url="https://info.undp.org/docs/pdc/Documents/KNA/UNDP%20Prodoc%20-%20St%20%20Kitts%20%20Nevis%20-%206%20Aug%202014.doc">
      <title>
        <narrative>Conserving Biodiversity and reducing habitat degradation in Protected Areas and their areas of influence</narrative>
      </title>
      <category code="A01" />
      <category code="A02" />
      <category code="A03" />
      <category code="A04" />
      <category code="A05" />
      <category code="A08" />
      <language code="en" />
    </document-link>
    <document-link format="application/pdf" url="https://info.undp.org/docs/pdc/Documents/KNA/Conserving%20Biodiversity%20and%20Reducing%20Habitat%20Degradation%20signed%20cover%20pg.pdf">
      <title>
        <narrative>Conserving Biodiversity and Reducing Habitat Degradation signed cover pg</narrative>
      </title>
      <category code="A01" />
      <category code="A02" />
      <category code="A03" />
      <category code="A04" />
      <category code="A05" />
      <category code="A08" />
      <language code="en" />
    </document-link>
    <document-link format="application/pdf" url="https://info.undp.org/docs/pdc/Documents/KNA/UNDP%20Prodoc%20-%20St%20%20Kitts%20%20Nevis%20-%206%20Aug%202014%20FINAL.pdf">
      <title>
        <narrative>Draft  Conserving Biodiversity and reducing habitat degradation in Protected Areas and their areas of influence</narrative>
      </title>
      <category code="A01" />
      <category code="A02" />
      <category code="A03" />
      <category code="A04" />
      <category code="A05" />
      <category code="A08" />
      <language code="en" />
    </document-link>
    <document-link format="application/pdf" url="http://www.bb.undp.org/content/dam/barbados/docs/legal_framework/UNDAF%20Barbados%20and%20OECS%202012-2016.pdf">
      <title>
        <narrative>UNDAF%20Barbados%20and%20OECS%202012-2016</narrative>
      </title>
      <category code="A09" />
      <language code="en" />
    </document-link>
    <document-link format="text/html" url="http://procurement-notices.undp.org/view_notice.cfm?notice_id=30987">
      <title>
        <narrative>Conserving Biodiversity and Reducing Habitat Degradation</narrative>
      </title>
      <category code="A10" />
      <language code="en" />
    </document-link>
    <document-link format="text/html" url="http://procurement-notices.undp.org/view_notice.cfm?notice_id=32521">
      <title>
        <narrative>Conserving Biodiversity and Reducing Habitat Degradation</narrative>
      </title>
      <category code="A10" />
      <language code="en" />
    </document-link>
    <document-link format="text/html" url="http://procurement-notices.undp.org/view_notice.cfm?notice_id=32900">
      <title>
        <narrative>Conserving Biodiversity and Reducing Habitat Degradation</narrative>
      </title>
      <category code="A10" />
      <language code="en" />
    </document-link>
    <document-link format="text/html" url="http://procurement-notices.undp.org/view_notice.cfm?notice_id=32901">
      <title>
        <narrative>Conserving Biodiversity and Reducing Habitat Degradation</narrative>
      </title>
      <category code="A10" />
      <language code="en" />
    </document-link>
    <document-link format="text/html" url="http://procurement-notices.undp.org/view_notice.cfm?notice_id=33112">
      <title>
        <narrative>Conserving Biodiversity and Reducing Habitat Degradation</narrative>
      </title>
      <category code="A10" />
      <language code="en" />
    </document-link>
    <document-link format="text/html" url="http://procurement-notices.undp.org/view_notice.cfm?notice_id=33724">
      <title>
        <narrative>Conserving Biodiversity and Reducing Habitat Degradation</narrative>
      </title>
      <category code="A10" />
      <language code="en" />
    </document-link>
    <document-link format="text/html" url="http://procurement-notices.undp.org/view_notice.cfm?notice_id=34075">
      <title>
        <narrative>Conserving Biodiversity and Reducing Habitat Degradation</narrative>
      </title>
      <category code="A10" />
      <language code="en" />
    </document-link>
    <document-link format="text/html" url="http://open.undp.org/#project/00080909">
      <title>
        <narrative>Purchase Order Summary</narrative>
      </title>
      <category code="A11" />
      <category code="A12" />
      <language code="en" />
    </document-link>
    <related-activity type="2" ref="XM-DAC-41114-OUTPUT-00090420" />
    <conditions attached="0" />
    <result type="1" aggregation-status="1">
      <title>
        <narrative>Integrated Results and Resources Framework (IRRF)</narrative>
      </title>
      <description>
        <narrative>The IRRF is UNDP’s results framework to monitor and report on its achievements against the Strategic Plan 2014-2017. UNDP publishes country level IRRF results that UNDP’s projects contributed to</narrative>
      </description>
      <indicator ascending="0" measure="1">
        <title>
          <narrative>Output Indicator 1.3.2.A.1.1</narrative>
        </title>
        <description>
          <narrative>Number of additional males benefitting from livelihoods strengthened through solutions for management of natural resources, ecosystem services, chemicals and waste</narrative>
        </description>
        <baseline year="2013" value="0" />
        <period>
          <period-start iso-date="2016-01-01" />
          <period-end iso-date="2016-12-31" />
          <target value="10">
            <location ref="KN" />
          </target>
          <actual value="5">
            <location ref="KN" />
          </actual>
        </period>
        <period>
          <period-start iso-date="2017-01-01" />
          <period-end iso-date="2017-12-31" />
          <target value="10">
            <location ref="KN" />
          </target>
          <actual value="5">
            <location ref="KN" />
          </actual>
        </period>
      </indicator>
      <indicator ascending="0" measure="1">
        <title>
          <narrative>Output Indicator 1.3.2.A.2.1</narrative>
        </title>
        <description>
          <narrative>Number of additional females benefitting from livelihoods strengthened through solutions for management of natural resources, ecosystem services, chemicals and waste</narrative>
        </description>
        <baseline year="2013" value="0" />
        <period>
          <period-start iso-date="2016-01-01" />
          <period-end iso-date="2016-12-31" />
          <target value="80">
            <location ref="KN" />
            <dimension name="sex" value="female" />
          </target>
          <actual value="70">
            <location ref="KN" />
            <dimension name="sex" value="female" />
          </actual>
        </period>
        <period>
          <period-start iso-date="2017-01-01" />
          <period-end iso-date="2017-12-31" />
          <target value="80">
            <location ref="KN" />
            <dimension name="sex" value="female" />
          </target>
          <actual value="70">
            <location ref="KN" />
            <dimension name="sex" value="female" />
          </actual>
        </period>
      </indicator>
      <indicator ascending="0" measure="1">
        <title>
          <narrative>Output Indicator 1.3.2.A.3.1</narrative>
        </title>
        <description>
          <narrative>Total number of additional people benefitting from livelihoods strengthened through solutions for management of natural resources, ecosystem services, chemicals and waste</narrative>
        </description>
        <baseline year="2013" value="0" />
        <period>
          <period-start iso-date="2016-01-01" />
          <period-end iso-date="2016-12-31" />
          <target value="90">
            <location ref="KN" />
          </target>
          <actual value="75">
            <location ref="KN" />
          </actual>
        </period>
        <period>
          <period-start iso-date="2017-01-01" />
          <period-end iso-date="2017-12-31" />
          <target value="90">
            <location ref="KN" />
          </target>
          <actual value="75">
            <location ref="KN" />
          </actual>
        </period>
      </indicator>
    </result>
  </iati-activity>
  <iati-activity last-updated-datetime="2017-05-01T00:02:02" default-currency="USD" xml:lang="en" hierarchy="2">
    <iati-identifier>XM-DAC-41114-OUTPUT-00090420</iati-identifier>
    <reporting-org ref="XM-DAC-41114" type="40">
      <narrative>United Nations Development Programme</narrative>
    </reporting-org>
    <title>
      <narrative>Conserving Biodiversity KNA</narrative>
    </title>
    <description type="1">
      <narrative>This project seeks to improve ecosystem representation in the Protected Area (PA); establish/strengthen PA management operations at key sites; and strengthen institutional policy information and financing frameworks at the PA system level.</narrative>
    </description>
    <participating-org role="1" type="40" ref="10003">
      <narrative>Global Environment Fund Truste</narrative>
    </participating-org>
    <activity-status code="2" />
    <activity-date type="1" iso-date="2015-08-01" />
    <activity-date type="2" iso-date="2015-08-01" />
    <activity-date type="3" iso-date="2019-07-31" />
    <contact-info type="1">
      <email>registry.bb@undp.org</email>
      <website>http://www.bb.undp.org/</website>
    </contact-info>
    <activity-scope code="8" />
    <recipient-country code="KN">
      <narrative>St. Kitts and Nevis</narrative>
    </recipient-country>
    <location ref="KN">
      <location-reach code="1" />
      <location-id vocabulary="G1" code="3575551" />
      <name>
        <narrative>Basseterre</narrative>
      </name>
      <description>
        <narrative>capital of a political entity</narrative>
      </description>
      <activity-description>
        <narrative>Conserving Biodiversity and reducing habitat degradation</narrative>
      </activity-description>
      <administrative level="1" code="3575551" vocabulary="G1" />
      <point srsName="http://www.opengis.net/def/crs/EPSG/0/4326">
        <pos>17.294840 -62.726100</pos>
      </point>
      <exactness code="1" />
      <location-class code="2" />
      <feature-designation code="PPLC" />
    </location>
    <sector vocabulary="1" code="23010" />
    <sector vocabulary="99" code="1">
      <narrative>Inclusive &amp; Sustainable Growth</narrative>
    </sector>
    <country-budget-items vocabulary="1">
      <budget-item code="3.6.1" percentage="100">
        <description>
          <narrative>Energy - policy, planning and administration</narrative>
        </description>
      </budget-item>
    </country-budget-items>
    <policy-marker vocabulary="1" code="1" significance="0" />
    <collaboration-type code="4" />
    <default-flow-type code="10" />
    <default-finance-type code="110" />
    <default-aid-type code="C01" />
    <default-tied-status code="3" />
    <budget type="2" status="2">
      <period-start iso-date="2017-01-01" />
      <period-end iso-date="2017-12-31" />
      <value currency="USD" value-date="2017-04-30">1142389</value>
    </budget>
    <budget type="2" status="2">
      <period-start iso-date="2018-01-01" />
      <period-end iso-date="2018-12-31" />
      <value currency="USD" value-date="2017-04-30">1491583</value>
    </budget>
    <budget type="2" status="2">
      <period-start iso-date="2016-01-01" />
      <period-end iso-date="2016-12-31" />
      <value currency="USD" value-date="2016-12-31">514208</value>
    </budget>
    <budget type="2" status="2">
      <period-start iso-date="2015-01-01" />
      <period-end iso-date="2015-12-31" />
      <value currency="USD" value-date="2015-12-31">223450</value>
    </budget>
    <transaction>
      <transaction-type code="4" />
      <transaction-date iso-date="2017-04-30" />
      <value currency="USD" value-date="2017-04-30">154000</value>
      <provider-org ref="XM-DAC-41114">
        <narrative>United Nations development Programme</narrative>
      </provider-org>
      <disbursement-channel code="2" />
    </transaction>
    <transaction>
      <transaction-type code="3" />
      <transaction-date iso-date="2017-04-30" />
      <value currency="USD" value-date="2017-04-30">70734</value>
      <provider-org ref="XM-DAC-41114">
        <narrative>United Nations development Programme</narrative>
      </provider-org>
      <receiver-org type="40" ref="">
        <narrative>Government of St. Kitts and Nevis</narrative>
      </receiver-org>
      <disbursement-channel code="2" />
    </transaction>
    <transaction>
      <transaction-type code="11" />
      <transaction-date iso-date="2018-12-31" />
      <value currency="USD" value-date="2018-12-31">1491583</value>
      <provider-org type="40" ref="10003">
        <narrative>Global Environment Fund Truste</narrative>
      </provider-org>
      <receiver-org type="40" ref="XM-DAC-41114" receiver-activity-id="XM-DAC-41114-OUTPUT-00090420">
        <narrative>United Nations development Programme</narrative>
      </receiver-org>
      <disbursement-channel code="2" />
    </transaction>
    <transaction>
      <transaction-type code="11" />
      <transaction-date iso-date="2017-04-30" />
      <value currency="USD" value-date="2017-04-30">1142389</value>
      <provider-org type="40" ref="10003">
        <narrative>Global Environment Fund Truste</narrative>
      </provider-org>
      <receiver-org type="40" ref="XM-DAC-41114" receiver-activity-id="XM-DAC-41114-OUTPUT-00090420">
        <narrative>United Nations development Programme</narrative>
      </receiver-org>
      <disbursement-channel code="2" />
    </transaction>
    <transaction>
      <transaction-type code="11" />
      <transaction-date iso-date="2016-12-31" />
      <value currency="USD" value-date="2016-12-31">514208</value>
      <provider-org type="40" ref="10003">
        <narrative>Global Environment Fund Truste</narrative>
      </provider-org>
      <receiver-org type="40" ref="XM-DAC-41114" receiver-activity-id="XM-DAC-41114-OUTPUT-00090420">
        <narrative>United Nations development Programme</narrative>
      </receiver-org>
      <disbursement-channel code="2" />
    </transaction>
    <transaction>
      <transaction-type code="11" />
      <transaction-date iso-date="2015-12-31" />
      <value currency="USD" value-date="2015-12-31">223450</value>
      <provider-org type="40" ref="10003">
        <narrative>Global Environment Fund Truste</narrative>
      </provider-org>
      <receiver-org type="40" ref="XM-DAC-41114" receiver-activity-id="XM-DAC-41114-OUTPUT-00090420">
        <narrative>United Nations development Programme</narrative>
      </receiver-org>
      <disbursement-channel code="2" />
    </transaction>
    <transaction>
      <transaction-type code="4" />
      <transaction-date iso-date="2016-12-31" />
      <value currency="USD" value-date="2016-12-31">263996</value>
      <disbursement-channel code="2" />
    </transaction>
    <transaction>
      <transaction-type code="4" />
      <transaction-date iso-date="2015-12-31" />
      <value currency="USD" value-date="2015-12-31">76781</value>
      <disbursement-channel code="2" />
    </transaction>
    <document-link format="text/html" url="http://open.undp.org/#project/00080909">
      <title>
        <narrative>Activity web page</narrative>
      </title>
      <category code="A12" />
    </document-link>
    <related-activity type="1" ref="XM-DAC-41114-PROJECT-00080909" />
    <conditions attached="0" />
    <result type="1" aggregation-status="1">
      <title>
        <narrative>Annual Output Results</narrative>
      </title>
      <indicator ascending="0" measure="1">
        <title>
          <narrative>Output Indicator</narrative>
        </title>
        <description>
          <narrative>Area of terrestrial ecosystems in St. Kitts and Nevis under official protection
Area of marine ecosystems in St. Kitts and Nevis under official protection
No of PA staff with specialised training and/or skills development
$ per year in PA management funds for PA units generated from visitor, user and concession fees</narrative>
        </description>
        <baseline year="2015" value="">
          <comment>
            <narrative>5,260 hectares at 2 existing sites of terrestrial PAs
0 hectares of marine PAs
2 fisheries staff have specialised training
$0 in PA management funds for PA units generated from visitor, user and concession fees</narrative>
          </comment>
        </baseline>
        <period>
          <period-start iso-date="2015-01-01" />
          <period-end iso-date="2015-12-31" />
          <target value="">
            <comment>
              <narrative />
            </comment>
          </target>
          <actual value="">
            <comment>
              <narrative>No change</narrative>
            </comment>
          </actual>
        </period>
        <period>
          <period-start iso-date="2016-01-01" />
          <period-end iso-date="2016-12-31" />
          <target value="">
            <comment>
              <narrative>1. Complete the updating of the Draft National Conservation and Environment Management Act (NCEMA)
2. Establishment of Protected Areas Agency (PAA)
3. Implementation of a communications strategy
4. Operationalization of Terrestrial Protected Areas Sites</narrative>
            </comment>
          </target>
          <actual value="">
            <comment>
              <narrative>1. A legal consultant was contracted to update the draft NCEMA. She has produced two drafts of the bill and organized four public consultations inviting various stakeholders and general public. Because this public consultation process has been taking longer than initially anticipated, the NCEMA bill has not been finalized. Nevertheless, the consultant plans to submit the final draft to the Parliament for consideration by the end of 2016.

2. The initial plan was to establish a Protected Areas Agency (PAA) as a statutory body to manage all protected areas. Due to some misgivings on how this body will function, however, a PAA committee was established for the purpose of substituting for the PAA. Discussions are ongoing with the aim of making the PAA committee a unit in the Department of Environment.

3. A communications consultant was contracted and tasked with making a determination of target audiences and review relevant information to develop a communications strategy through a knowledge, attitude, perception and behavior (KAP/B) survey. There have been a number of challenges with this consultancy mainly due to misunderstandings about the scope of the Terms of Reference, which has caused significant delays in the development, administration, and interpretation of the data collected from the KAP/B survey. The CO office in the process of considering the possibility of terminating his contract due to his overall poor performance.

4. Five park rangers were employed from June 2016 and have been working ever since at the Central Forest Reserve Office. A training module has been developed for the rangers, which include topics such as introduction to botany and forestry, first aid, light search and rescue, tour guiding, basic police training, ethics and artifacts. They continue to engage in the development of periodical work plans and assessment exercises and catalog the flora and fauna at various trails within Protected Areas and. That is how the rangers contribute to t</narrative>
            </comment>
          </actual>
        </period>
      </indicator>
    </result>
  </iati-activity>
  <iati-activity last-updated-datetime="2017-05-01T00:02:02" default-currency="USD" xml:lang="en" hierarchy="1">
    <iati-identifier>XM-DAC-41114-PROJECT-00083981</iati-identifier>
    <reporting-org ref="XM-DAC-41114" type="40">
      <narrative>United Nations Development Programme</narrative>
    </reporting-org>
    <title>
      <narrative>Technology transfer for the HCFC Phase-out St Kitts</narrative>
    </title>
    <description type="1">
      <narrative>Technology transfer for the HCFC Phase-out Management Plan (HPMP) implementation in St Kitts</narrative>
    </description>
    <participating-org role="4" type="10" ref="00196">
      <narrative>Government of St. Kitts/Nevis</narrative>
    </participating-org>
    <participating-org role="2" type="40" ref="XM-DAC-41114">
      <narrative>UNITED NATIONS DEVELOPMENT PROGRAMME</narrative>
    </participating-org>
    <participating-org role="1" type="40" ref="10009">
      <narrative>MONTREAL PROTOCOL</narrative>
    </participating-org>
    <activity-status code="2" />
    <activity-date type="1" iso-date="2016-07-01" />
    <activity-date type="2" iso-date="2016-07-01" />
    <activity-date type="3" iso-date="2017-12-31" />
    <contact-info type="1">
      <email>registry.bb@undp.org</email>
      <website>http://www.bb.undp.org/</website>
    </contact-info>
    <recipient-country code="KN">
      <narrative>St. Kitts and Nevis</narrative>
    </recipient-country>
    <sector vocabulary="1" code="23010" />
    <collaboration-type code="4" />
    <default-flow-type code="10" />
    <default-finance-type code="110" />
    <default-aid-type code="C01" />
    <default-tied-status code="3" />
    <document-link format="application/pdf" url="http://www.bb.undp.org/content/dam/barbados/docs/legal_framework/UNDAF%20Barbados%20and%20OECS%202012-2016.pdf">
      <title>
        <narrative>UNDAF%20Barbados%20and%20OECS%202012-2016</narrative>
      </title>
      <category code="A09" />
      <language code="en" />
    </document-link>
    <document-link format="text/html" url="http://procurement-notices.undp.org/index.cfm">
      <title>
        <narrative>Request for Procurement</narrative>
      </title>
      <category code="A10" />
      <language code="en" />
    </document-link>
    <document-link format="text/html" url="http://open.undp.org/#project/00083981">
      <title>
        <narrative>Purchase Order Summary</narrative>
      </title>
      <category code="A11" />
      <category code="A12" />
      <language code="en" />
    </document-link>
    <related-activity type="2" ref="XM-DAC-41114-OUTPUT-00092204" />
    <conditions attached="0" />
    <result type="1" aggregation-status="1">
      <title>
        <narrative>Integrated Results and Resources Framework (IRRF)</narrative>
      </title>
      <description>
        <narrative>The IRRF is UNDP’s results framework to monitor and report on its achievements against the Strategic Plan 2014-2017. UNDP publishes country level IRRF results that UNDP’s projects contributed to</narrative>
      </description>
      <indicator ascending="0" measure="1">
        <title>
          <narrative>Output Indicator 1.3.2.A.1.1</narrative>
        </title>
        <description>
          <narrative>Number of additional males benefitting from livelihoods strengthened through solutions for management of natural resources, ecosystem services, chemicals and waste</narrative>
        </description>
        <baseline year="2013" value="0" />
        <period>
          <period-start iso-date="2016-01-01" />
          <period-end iso-date="2016-12-31" />
          <target value="10">
            <location ref="KN" />
          </target>
          <actual value="5">
            <location ref="KN" />
          </actual>
        </period>
        <period>
          <period-start iso-date="2017-01-01" />
          <period-end iso-date="2017-12-31" />
          <target value="10">
            <location ref="KN" />
          </target>
          <actual value="5">
            <location ref="KN" />
          </actual>
        </period>
      </indicator>
      <indicator ascending="0" measure="1">
        <title>
          <narrative>Output Indicator 1.3.2.A.2.1</narrative>
        </title>
        <description>
          <narrative>Number of additional females benefitting from livelihoods strengthened through solutions for management of natural resources, ecosystem services, chemicals and waste</narrative>
        </description>
        <baseline year="2013" value="0" />
        <period>
          <period-start iso-date="2016-01-01" />
          <period-end iso-date="2016-12-31" />
          <target value="80">
            <location ref="KN" />
            <dimension name="sex" value="female" />
          </target>
          <actual value="70">
            <location ref="KN" />
            <dimension name="sex" value="female" />
          </actual>
        </period>
        <period>
          <period-start iso-date="2017-01-01" />
          <period-end iso-date="2017-12-31" />
          <target value="80">
            <location ref="KN" />
            <dimension name="sex" value="female" />
          </target>
          <actual value="70">
            <location ref="KN" />
            <dimension name="sex" value="female" />
          </actual>
        </period>
      </indicator>
      <indicator ascending="0" measure="1">
        <title>
          <narrative>Output Indicator 1.3.2.A.3.1</narrative>
        </title>
        <description>
          <narrative>Total number of additional people benefitting from livelihoods strengthened through solutions for management of natural resources, ecosystem services, chemicals and waste</narrative>
        </description>
        <baseline year="2013" value="0" />
        <period>
          <period-start iso-date="2016-01-01" />
          <period-end iso-date="2016-12-31" />
          <target value="90">
            <location ref="KN" />
          </target>
          <actual value="75">
            <location ref="KN" />
          </actual>
        </period>
        <period>
          <period-start iso-date="2017-01-01" />
          <period-end iso-date="2017-12-31" />
          <target value="90">
            <location ref="KN" />
          </target>
          <actual value="75">
            <location ref="KN" />
          </actual>
        </period>
      </indicator>
    </result>
  </iati-activity>
  <iati-activity last-updated-datetime="2017-05-01T00:02:02" default-currency="USD" xml:lang="en" hierarchy="2">
    <iati-identifier>XM-DAC-41114-OUTPUT-00092204</iati-identifier>
    <reporting-org ref="XM-DAC-41114" type="40">
      <narrative>United Nations Development Programme</narrative>
    </reporting-org>
    <title>
      <narrative>HCFC Phase-out Management Plan</narrative>
    </title>
    <description type="1">
      <narrative>Assist the Government of St Kitts &amp;amp; Nevis with the reduction in Consumption of Hydro-chlorofluorocarbons</narrative>
    </description>
    <participating-org role="1" type="40" ref="10009">
      <narrative>MONTREAL PROTOCOL</narrative>
    </participating-org>
    <activity-status code="2" />
    <activity-date type="1" iso-date="2016-07-01" />
    <activity-date type="2" iso-date="2016-07-01" />
    <activity-date type="3" iso-date="2017-12-31" />
    <contact-info type="1">
      <email>registry.bb@undp.org</email>
      <website>http://www.bb.undp.org/</website>
    </contact-info>
    <recipient-country code="KN">
      <narrative>St. Kitts and Nevis</narrative>
    </recipient-country>
    <sector vocabulary="1" code="23010" />
    <sector vocabulary="99" code="1">
      <narrative>Inclusive &amp; Sustainable Growth</narrative>
    </sector>
    <country-budget-items vocabulary="1">
      <budget-item code="3.6.1" percentage="100">
        <description>
          <narrative>Energy - policy, planning and administration</narrative>
        </description>
      </budget-item>
    </country-budget-items>
    <policy-marker vocabulary="1" code="1" significance="0" />
    <collaboration-type code="4" />
    <default-flow-type code="10" />
    <default-finance-type code="110" />
    <default-aid-type code="C01" />
    <default-tied-status code="3" />
    <budget type="2" status="2">
      <period-start iso-date="2017-01-01" />
      <period-end iso-date="2017-12-31" />
      <value currency="USD" value-date="2017-04-30">30000</value>
    </budget>
    <budget type="2" status="2">
      <period-start iso-date="2018-01-01" />
      <period-end iso-date="2018-12-31" />
      <value currency="USD" value-date="2017-04-30">10000</value>
    </budget>
    <transaction>
      <transaction-type code="4" />
      <transaction-date iso-date="2017-04-30" />
      <value currency="USD" value-date="2017-04-30">0</value>
      <provider-org ref="XM-DAC-41114">
        <narrative>United Nations development Programme</narrative>
      </provider-org>
      <disbursement-channel code="2" />
    </transaction>
    <transaction>
      <transaction-type code="11" />
      <transaction-date iso-date="2018-12-31" />
      <value currency="USD" value-date="2018-12-31">10000</value>
      <provider-org type="40" ref="10009">
        <narrative>MONTREAL PROTOCOL</narrative>
      </provider-org>
      <receiver-org type="40" ref="XM-DAC-41114" receiver-activity-id="XM-DAC-41114-OUTPUT-00092204">
        <narrative>United Nations development Programme</narrative>
      </receiver-org>
      <disbursement-channel code="2" />
    </transaction>
    <transaction>
      <transaction-type code="11" />
      <transaction-date iso-date="2017-04-30" />
      <value currency="USD" value-date="2017-04-30">30000</value>
      <provider-org type="40" ref="10009">
        <narrative>MONTREAL PROTOCOL</narrative>
      </provider-org>
      <receiver-org type="40" ref="XM-DAC-41114" receiver-activity-id="XM-DAC-41114-OUTPUT-00092204">
        <narrative>United Nations development Programme</narrative>
      </receiver-org>
      <disbursement-channel code="2" />
    </transaction>
    <document-link format="text/html" url="http://open.undp.org/#project/00083981">
      <title>
        <narrative>Activity web page</narrative>
      </title>
      <category code="A12" />
    </document-link>
    <related-activity type="1" ref="XM-DAC-41114-PROJECT-00083981" />
    <conditions attached="0" />
  </iati-activity>
</iati-activities>