﻿<?xml version="1.0" encoding="UTF-8" standalone="yes"?>
<!--IATI Publications - UNDP Development Projects by Countries-->
<iati-activities xmlns:xsi="http://www.w3.org/2001/XMLSchema-instance" xmlns:xsd="http://www.w3.org/2001/XMLSchema" generated-datetime="2017-05-23T10:57:40" version="2.02">
  <!--St. Vincent and the Grenadines-->
  <iati-activity last-updated-datetime="2017-05-01T00:02:02" default-currency="USD" xml:lang="en" hierarchy="1">
    <iati-identifier>XM-DAC-41114-PROJECT-00080915</iati-identifier>
    <reporting-org ref="XM-DAC-41114" type="40">
      <narrative>United Nations Development Programme</narrative>
    </reporting-org>
    <title>
      <narrative>Promoting Access to Clean Energy Services</narrative>
    </title>
    <description type="1">
      <narrative>Reduce GHG emissions from fossil fuel-based power generation by exploiting the renewable energy resources for electricity generation in St. Vincent and the Grenadines (SVG).</narrative>
    </description>
    <participating-org role="4" type="10" ref="00197">
      <narrative>Government of St Vincent &amp; the</narrative>
    </participating-org>
    <participating-org role="2" type="40" ref="XM-DAC-41114">
      <narrative>UNITED NATIONS DEVELOPMENT PROGRAMME</narrative>
    </participating-org>
    <participating-org role="1" type="40" ref="10003">
      <narrative>Global Environment Fund Truste</narrative>
    </participating-org>
    <activity-status code="2" />
    <activity-date type="1" iso-date="2015-01-01" />
    <activity-date type="2" iso-date="2015-01-01" />
    <activity-date type="3" iso-date="2018-12-31" />
    <contact-info type="1">
      <email>registry.bb@undp.org</email>
      <website>http://www.bb.undp.org/</website>
    </contact-info>
    <recipient-country code="VC">
      <narrative>St. Vincent and the Grenadines</narrative>
    </recipient-country>
    <sector vocabulary="1" code="51010" />
    <collaboration-type code="4" />
    <default-flow-type code="10" />
    <default-finance-type code="110" />
    <default-aid-type code="C01" />
    <default-tied-status code="3" />
    <document-link format="application/pdf" url="https://info.undp.org/docs/pdc/Documents/VCT/PAC%20Minutes%20SVG%20PACES.pdf">
      <title>
        <narrative>PAC Minutes SVG PACES</narrative>
      </title>
      <category code="A01" />
      <category code="A02" />
      <category code="A03" />
      <category code="A04" />
      <category code="A05" />
      <category code="A08" />
      <language code="en" />
    </document-link>
    <document-link format="application/msword" url="https://info.undp.org/docs/pdc/Documents/VCT/Draft%20ProDoc%20PIMS%205146%20SVG%20PACES%20(MAS).doc">
      <title>
        <narrative>PACES Project Document</narrative>
      </title>
      <category code="A01" />
      <category code="A02" />
      <category code="A03" />
      <category code="A04" />
      <category code="A05" />
      <category code="A08" />
      <language code="en" />
    </document-link>
    <document-link format="application/pdf" url="https://info.undp.org/docs/pdc/Documents/VCT/PIMS%205146%20SVG%20PACES%20Dec%202014.pdf">
      <title>
        <narrative>Promoting Access to Clean Energy Services in St. Vincent and the Grenadines</narrative>
      </title>
      <category code="A01" />
      <category code="A02" />
      <category code="A03" />
      <category code="A04" />
      <category code="A05" />
      <category code="A08" />
      <language code="en" />
    </document-link>
    <document-link format="application/pdf" url="https://info.undp.org/docs/pdc/Documents/VCT/AWP%202016%20signed%20-%2090426%20PACES.pdf">
      <title>
        <narrative>AWP 2016 signed  90426 PACES</narrative>
      </title>
      <category code="A05" />
      <language code="en" />
    </document-link>
    <document-link format="application/pdf" url="https://info.undp.org/docs/pdc/Documents/VCT/AWP%202017%20signed%20-%2090426%20PACES.pdf">
      <title>
        <narrative>AWP 2017 signed  90426 PACES</narrative>
      </title>
      <category code="A05" />
      <language code="en" />
    </document-link>
    <document-link format="application/pdf" url="http://www.bb.undp.org/content/dam/barbados/docs/legal_framework/UNDAF%20Barbados%20and%20OECS%202012-2016.pdf">
      <title>
        <narrative>UNDAF%20Barbados%20and%20OECS%202012-2016</narrative>
      </title>
      <category code="A09" />
      <language code="en" />
    </document-link>
    <document-link format="text/html" url="http://procurement-notices.undp.org/index.cfm">
      <title>
        <narrative>Request for Procurement</narrative>
      </title>
      <category code="A10" />
      <language code="en" />
    </document-link>
    <document-link format="text/html" url="http://open.undp.org/#project/00080915">
      <title>
        <narrative>Purchase Order Summary</narrative>
      </title>
      <category code="A11" />
      <category code="A12" />
      <language code="en" />
    </document-link>
    <related-activity type="2" ref="XM-DAC-41114-OUTPUT-00090426" />
    <conditions attached="0" />
  </iati-activity>
  <iati-activity last-updated-datetime="2017-05-01T00:02:02" default-currency="USD" xml:lang="en" hierarchy="2">
    <iati-identifier>XM-DAC-41114-OUTPUT-00090426</iati-identifier>
    <reporting-org ref="XM-DAC-41114" type="40">
      <narrative>United Nations Development Programme</narrative>
    </reporting-org>
    <title>
      <narrative>Access to Clean Energy St. Vin</narrative>
    </title>
    <description type="1">
      <narrative>The objective of the Project is to reduce GHG emissions from fossil fuel-based power generation by exploiting the renewable energy resources for electricity generation in St. Vincent and the Grenadines (SVG).</narrative>
    </description>
    <participating-org role="1" type="40" ref="10003">
      <narrative>Global Environment Fund Truste</narrative>
    </participating-org>
    <activity-status code="2" />
    <activity-date type="1" iso-date="2015-01-01" />
    <activity-date type="2" iso-date="2015-01-01" />
    <activity-date type="3" iso-date="2018-12-31" />
    <contact-info type="1">
      <email>registry.bb@undp.org</email>
      <website>http://www.bb.undp.org/</website>
    </contact-info>
    <activity-scope code="4" />
    <recipient-country code="VC">
      <narrative>St. Vincent and the Grenadines</narrative>
    </recipient-country>
    <location ref="VC">
      <location-reach code="1" />
      <location-id vocabulary="G1" code="3577815" />
      <name>
        <narrative>Saint Vincent and the Grenadines</narrative>
      </name>
      <description>
        <narrative>independent political entity</narrative>
      </description>
      <activity-description>
        <narrative>Promoting access to clean energy services</narrative>
      </activity-description>
      <administrative level="0" code="3577815" vocabulary="G1" />
      <point srsName="http://www.opengis.net/def/crs/EPSG/0/4326">
        <pos>13.083330 -61.200000</pos>
      </point>
      <exactness code="1" />
      <location-class code="1" />
      <feature-designation code="PCLI" />
    </location>
    <sector vocabulary="1" code="51010" />
    <sector vocabulary="99" code="1">
      <narrative>Inclusive &amp; Sustainable Growth</narrative>
    </sector>
    <policy-marker vocabulary="1" code="1" significance="0" />
    <collaboration-type code="4" />
    <default-flow-type code="10" />
    <default-finance-type code="110" />
    <default-aid-type code="C01" />
    <default-tied-status code="3" />
    <budget type="2" status="2">
      <period-start iso-date="2017-01-01" />
      <period-end iso-date="2017-12-31" />
      <value currency="USD" value-date="2017-04-30">933456</value>
    </budget>
    <budget type="2" status="2">
      <period-start iso-date="2018-01-01" />
      <period-end iso-date="2018-12-31" />
      <value currency="USD" value-date="2017-04-30">293628</value>
    </budget>
    <budget type="2" status="2">
      <period-start iso-date="2016-01-01" />
      <period-end iso-date="2016-12-31" />
      <value currency="USD" value-date="2016-12-31">346579</value>
    </budget>
    <budget type="2" status="2">
      <period-start iso-date="2015-01-01" />
      <period-end iso-date="2015-12-31" />
      <value currency="USD" value-date="2015-12-31">159159</value>
    </budget>
    <capital-spend percentage="16.00" />
    <transaction>
      <transaction-type code="4" />
      <transaction-date iso-date="2017-04-30" />
      <value currency="USD" value-date="2017-04-30">32912</value>
      <provider-org ref="XM-DAC-41114">
        <narrative>United Nations development Programme</narrative>
      </provider-org>
      <disbursement-channel code="2" />
    </transaction>
    <transaction>
      <transaction-type code="11" />
      <transaction-date iso-date="2018-12-31" />
      <value currency="USD" value-date="2018-12-31">293628</value>
      <provider-org type="40" ref="10003">
        <narrative>Global Environment Fund Truste</narrative>
      </provider-org>
      <receiver-org type="40" ref="XM-DAC-41114" receiver-activity-id="XM-DAC-41114-OUTPUT-00090426">
        <narrative>United Nations development Programme</narrative>
      </receiver-org>
      <disbursement-channel code="2" />
    </transaction>
    <transaction>
      <transaction-type code="11" />
      <transaction-date iso-date="2017-04-30" />
      <value currency="USD" value-date="2017-04-30">933456</value>
      <provider-org type="40" ref="10003">
        <narrative>Global Environment Fund Truste</narrative>
      </provider-org>
      <receiver-org type="40" ref="XM-DAC-41114" receiver-activity-id="XM-DAC-41114-OUTPUT-00090426">
        <narrative>United Nations development Programme</narrative>
      </receiver-org>
      <disbursement-channel code="2" />
    </transaction>
    <transaction>
      <transaction-type code="11" />
      <transaction-date iso-date="2016-12-31" />
      <value currency="USD" value-date="2016-12-31">346579</value>
      <provider-org type="40" ref="10003">
        <narrative>Global Environment Fund Truste</narrative>
      </provider-org>
      <receiver-org type="40" ref="XM-DAC-41114" receiver-activity-id="XM-DAC-41114-OUTPUT-00090426">
        <narrative>United Nations development Programme</narrative>
      </receiver-org>
      <disbursement-channel code="2" />
    </transaction>
    <transaction>
      <transaction-type code="11" />
      <transaction-date iso-date="2015-12-31" />
      <value currency="USD" value-date="2015-12-31">159159</value>
      <provider-org type="40" ref="10003">
        <narrative>Global Environment Fund Truste</narrative>
      </provider-org>
      <receiver-org type="40" ref="XM-DAC-41114" receiver-activity-id="XM-DAC-41114-OUTPUT-00090426">
        <narrative>United Nations development Programme</narrative>
      </receiver-org>
      <disbursement-channel code="2" />
    </transaction>
    <transaction>
      <transaction-type code="4" />
      <transaction-date iso-date="2016-12-31" />
      <value currency="USD" value-date="2016-12-31">347372</value>
      <disbursement-channel code="2" />
    </transaction>
    <transaction>
      <transaction-type code="4" />
      <transaction-date iso-date="2015-12-31" />
      <value currency="USD" value-date="2015-12-31">153085</value>
      <disbursement-channel code="2" />
    </transaction>
    <document-link format="text/html" url="http://open.undp.org/#project/00080915">
      <title>
        <narrative>Activity web page</narrative>
      </title>
      <category code="A12" />
    </document-link>
    <related-activity type="1" ref="XM-DAC-41114-PROJECT-00080915" />
    <conditions attached="0" />
    <result type="1" aggregation-status="1">
      <title>
        <narrative>Annual Output Results</narrative>
      </title>
      <indicator ascending="0" measure="1">
        <title>
          <narrative>Output Indicator</narrative>
        </title>
        <description>
          <narrative>Cumulative direct and direct post-project CO2 emission reductions resulting from the RE technical assistance and investments by end-of-project (EOP), ktons CO2
% share of RE in the power  generation mix of SVG by EOP
Number of on-grid RETs approved based on studies of improved RE policy and tariffs and RE grid integration
Number of RE development project proponents that were assisted by staff from the Energy Unit and VINLEC in the technical design of their projects
Number of managers in VINLEC and Energy Unit dedicated to promoting of RE investments
Number of technical personnel in VINLEC, Energy Unit and in the private sector who can provide technical oversight on RE project development in SVG and other OECS countries
Number of tradespersons who have local certification to construct, assemble, operate and maintain RE technologies
Number of RE projects that are financed through RE funds where VINLEC has involvement in operationalization by EOP 
Number of privately-financed RE projects connected to VINLEC electricity grid by EOP
MW of RE on-grid projects installed by EOP
MW capacity of RE generation projects (on-grid and off-grid) in planning and design stages by EOP
% reduction in electricity drawn from the grid for each household with on-grid rooftop solar-PV panels</narrative>
        </description>
        <baseline year="2015" value="">
          <comment>
            <narrative>High relative per capita CO2 emissions
Limited integration and share of RE in the power generation mix
Limited penetration of RE technologies
Low levels of public awareness of RE technologies 
Low levels of technical capacity to implement RE technology systems
Limited availability of low-cost capital for RE investment</narrative>
          </comment>
        </baseline>
        <period>
          <period-start iso-date="2015-01-01" />
          <period-end iso-date="2015-12-31" />
          <target value="">
            <comment>
              <narrative>1. Procure an energy efficient vehicle with training and supporting infrastructure to undertake feasibility assessment</narrative>
            </comment>
          </target>
          <actual value="">
            <comment>
              <narrative>1. An electric car and accompanying 5kW charging station were procured and training was provided for two technicians in service and repair. A template was developed for data collection and tracking the vehicle's performance.</narrative>
            </comment>
          </actual>
        </period>
        <period>
          <period-start iso-date="2016-01-01" />
          <period-end iso-date="2016-12-31" />
          <target value="">
            <comment>
              <narrative>1. Implement 2 projects that are financed through RE funds where VINLEC has involvement
2. Undertake review of the macro-fiscal, technical and legal framework for RE integration
3. Undertake workshop for primary and secondary level students on RE
4. Undertake a public awareness and sensitization programme</narrative>
            </comment>
          </target>
          <actual value="">
            <comment>
              <narrative>1. The project team, together with the Energy Unit in the Ministry of National Security and VINLEC completed the installation of a 50kW solar PV system at the Belle Isle Correctional Facility in October. An assessment of the proposed site for the second solar PV system at the Argyle International Airport was undertaken in Q1 and the procurement process was launched in Q2. While the procurement of the 155kW system has been completed, the project team is awaiting confirmation from the Attorney General on the contract and from the ECCA for final approval of the proposed installation site.

2. An electric Mobility Conference was held in June to identify the scope for sustainable transport in SVG. The results of a preliminary macro-economic review were presented and regional energy stakeholders discussed the prospects for SVG to sustain electric vehicles. An international RE specialist was contracted to undertake the macro-economic analysis. Data has been collected to develop scenarios for EV uptake in SVG and recommendations for appropriate incentives.

3. The Ministry of Education in collaboration with the PACES Project would be conducting a workshop on Renewable Energy for lower level teachers that will create awareness on sustainable energy and offer valuable lessons that will instruct them on practical approaches to teaching energy topics.A suitable consultant has been selected based and is being contracted.</narrative>
            </comment>
          </actual>
        </period>
      </indicator>
    </result>
  </iati-activity>
  <iati-activity last-updated-datetime="2017-05-01T00:02:02" default-currency="USD" xml:lang="en" hierarchy="1">
    <iati-identifier>XM-DAC-41114-PROJECT-00089257</iati-identifier>
    <reporting-org ref="XM-DAC-41114" type="40">
      <narrative>United Nations Development Programme</narrative>
    </reporting-org>
    <title>
      <narrative>Intended Nationally-Determined Contributions-St Vincent</narrative>
    </title>
    <description type="1">
      <narrative>Preparation of an INDC for St. Vincent on long range planning for climate change-green economy, medium term development strategy and sustainable development aspiration.</narrative>
    </description>
    <participating-org role="4" type="10" ref="00197">
      <narrative>Government of St Vincent &amp; the</narrative>
    </participating-org>
    <participating-org role="2" type="40" ref="XM-DAC-41114">
      <narrative>UNITED NATIONS DEVELOPMENT PROGRAMME</narrative>
    </participating-org>
    <participating-org role="1" type="40" ref="00280">
      <narrative>EUROPEAN ECONOMIC COMMUNITY</narrative>
    </participating-org>
    <participating-org role="1" type="40" ref="10159">
      <narrative>EUROPEAN COMMISSION</narrative>
    </participating-org>
    <activity-status code="2" />
    <activity-date type="1" iso-date="2015-06-15" />
    <activity-date type="2" iso-date="2015-06-15" />
    <activity-date type="3" iso-date="2017-06-30" />
    <contact-info type="1">
      <email>registry.bb@undp.org</email>
      <website>http://www.bb.undp.org/</website>
    </contact-info>
    <recipient-country code="VC">
      <narrative>St. Vincent and the Grenadines</narrative>
    </recipient-country>
    <sector vocabulary="1" code="51010" />
    <collaboration-type code="4" />
    <default-flow-type code="10" />
    <default-finance-type code="110" />
    <default-aid-type code="C01" />
    <default-tied-status code="3" />
    <document-link format="application/pdf" url="https://info.undp.org/docs/pdc/Documents/VCT/Signed%20Project%20Doc%20INDC%20SVG.pdf">
      <title>
        <narrative>Project Document Signed INDC St. Vincent and Grenadines</narrative>
      </title>
      <category code="A01" />
      <category code="A02" />
      <category code="A03" />
      <category code="A04" />
      <category code="A05" />
      <category code="A08" />
      <language code="en" />
    </document-link>
    <document-link format="application/pdf" url="http://www.bb.undp.org/content/dam/barbados/docs/legal_framework/UNDAF%20Barbados%20and%20OECS%202012-2016.pdf">
      <title>
        <narrative>UNDAF%20Barbados%20and%20OECS%202012-2016</narrative>
      </title>
      <category code="A09" />
      <language code="en" />
    </document-link>
    <document-link format="text/html" url="http://procurement-notices.undp.org/view_notice.cfm?notice_id=23763">
      <title>
        <narrative>Intended Nationally-Determined Contributions-St Vincent</narrative>
      </title>
      <category code="A10" />
      <language code="en" />
    </document-link>
    <document-link format="text/html" url="http://open.undp.org/#project/00089257">
      <title>
        <narrative>Purchase Order Summary</narrative>
      </title>
      <category code="A11" />
      <category code="A12" />
      <language code="en" />
    </document-link>
    <related-activity type="2" ref="XM-DAC-41114-OUTPUT-00095586" />
    <conditions attached="0" />
  </iati-activity>
  <iati-activity last-updated-datetime="2017-05-01T00:02:02" default-currency="USD" xml:lang="en" hierarchy="2">
    <iati-identifier>XM-DAC-41114-OUTPUT-00095586</iati-identifier>
    <reporting-org ref="XM-DAC-41114" type="40">
      <narrative>United Nations Development Programme</narrative>
    </reporting-org>
    <title>
      <narrative>Intended Nationally Determined</narrative>
    </title>
    <description type="1">
      <narrative>The project shall focus on INDC preparation actions in accordance with established guidelines provided in the UNDP/World Resource Institute guidance document on Designing and Preparing an INDC.</narrative>
    </description>
    <participating-org role="1" type="40" ref="00280">
      <narrative>EUROPEAN ECONOMIC COMMUNITY</narrative>
    </participating-org>
    <participating-org role="1" type="40" ref="10159">
      <narrative>EUROPEAN COMMISSION</narrative>
    </participating-org>
    <activity-status code="2" />
    <activity-date type="1" iso-date="2015-06-15" />
    <activity-date type="2" iso-date="2015-06-15" />
    <activity-date type="3" iso-date="2017-06-30" />
    <contact-info type="1">
      <email>registry.bb@undp.org</email>
      <website>http://www.bb.undp.org/</website>
    </contact-info>
    <recipient-country code="VC">
      <narrative>St. Vincent and the Grenadines</narrative>
    </recipient-country>
    <sector vocabulary="1" code="51010" />
    <sector vocabulary="99" code="1">
      <narrative>Inclusive &amp; Sustainable Growth</narrative>
    </sector>
    <policy-marker vocabulary="1" code="1" significance="0" />
    <collaboration-type code="4" />
    <default-flow-type code="10" />
    <default-finance-type code="110" />
    <default-aid-type code="C01" />
    <default-tied-status code="3" />
    <budget type="2" status="2">
      <period-start iso-date="2017-01-01" />
      <period-end iso-date="2017-12-31" />
      <value currency="USD" value-date="2017-04-30">70222</value>
    </budget>
    <budget type="2" status="2">
      <period-start iso-date="2016-01-01" />
      <period-end iso-date="2016-12-31" />
      <value currency="USD" value-date="2016-12-31">99799</value>
    </budget>
    <budget type="2" status="2">
      <period-start iso-date="2015-01-01" />
      <period-end iso-date="2015-12-31" />
      <value currency="USD" value-date="2015-12-31">60701</value>
    </budget>
    <transaction>
      <transaction-type code="4" />
      <transaction-date iso-date="2017-04-30" />
      <value currency="USD" value-date="2017-04-30">16034</value>
      <provider-org ref="XM-DAC-41114">
        <narrative>United Nations development Programme</narrative>
      </provider-org>
      <disbursement-channel code="2" />
    </transaction>
    <transaction>
      <transaction-type code="11" />
      <transaction-date iso-date="2017-04-30" />
      <value currency="USD" value-date="2017-04-30">8947</value>
      <provider-org type="40" ref="00280">
        <narrative>EUROPEAN ECONOMIC COMMUNITY</narrative>
      </provider-org>
      <receiver-org type="40" ref="XM-DAC-41114" receiver-activity-id="XM-DAC-41114-OUTPUT-00095586">
        <narrative>United Nations development Programme</narrative>
      </receiver-org>
      <disbursement-channel code="2" />
    </transaction>
    <transaction>
      <transaction-type code="11" />
      <transaction-date iso-date="2016-12-31" />
      <value currency="USD" value-date="2016-12-31">14299</value>
      <provider-org type="40" ref="00280">
        <narrative>EUROPEAN ECONOMIC COMMUNITY</narrative>
      </provider-org>
      <receiver-org type="40" ref="XM-DAC-41114" receiver-activity-id="XM-DAC-41114-OUTPUT-00095586">
        <narrative>United Nations development Programme</narrative>
      </receiver-org>
      <disbursement-channel code="2" />
    </transaction>
    <transaction>
      <transaction-type code="11" />
      <transaction-date iso-date="2015-12-31" />
      <value currency="USD" value-date="2015-12-31">60701</value>
      <provider-org type="40" ref="00280">
        <narrative>EUROPEAN ECONOMIC COMMUNITY</narrative>
      </provider-org>
      <receiver-org type="40" ref="XM-DAC-41114" receiver-activity-id="XM-DAC-41114-OUTPUT-00095586">
        <narrative>United Nations development Programme</narrative>
      </receiver-org>
      <disbursement-channel code="2" />
    </transaction>
    <transaction>
      <transaction-type code="11" />
      <transaction-date iso-date="2017-04-30" />
      <value currency="USD" value-date="2017-04-30">61275</value>
      <provider-org type="40" ref="10159">
        <narrative>EUROPEAN COMMISSION</narrative>
      </provider-org>
      <receiver-org type="40" ref="XM-DAC-41114" receiver-activity-id="XM-DAC-41114-OUTPUT-00095586">
        <narrative>United Nations development Programme</narrative>
      </receiver-org>
      <disbursement-channel code="2" />
    </transaction>
    <transaction>
      <transaction-type code="11" />
      <transaction-date iso-date="2016-12-31" />
      <value currency="USD" value-date="2016-12-31">85500</value>
      <provider-org type="40" ref="10159">
        <narrative>EUROPEAN COMMISSION</narrative>
      </provider-org>
      <receiver-org type="40" ref="XM-DAC-41114" receiver-activity-id="XM-DAC-41114-OUTPUT-00095586">
        <narrative>United Nations development Programme</narrative>
      </receiver-org>
      <disbursement-channel code="2" />
    </transaction>
    <transaction>
      <transaction-type code="4" />
      <transaction-date iso-date="2016-12-31" />
      <value currency="USD" value-date="2016-12-31">18714</value>
      <disbursement-channel code="2" />
    </transaction>
    <transaction>
      <transaction-type code="4" />
      <transaction-date iso-date="2015-12-31" />
      <value currency="USD" value-date="2015-12-31">60701</value>
      <disbursement-channel code="2" />
    </transaction>
    <document-link format="text/html" url="http://open.undp.org/#project/00089257">
      <title>
        <narrative>Activity web page</narrative>
      </title>
      <category code="A12" />
    </document-link>
    <related-activity type="1" ref="XM-DAC-41114-PROJECT-00089257" />
    <conditions attached="0" />
    <result type="1" aggregation-status="1">
      <title>
        <narrative>Annual Output Results</narrative>
      </title>
      <indicator ascending="0" measure="1">
        <title>
          <narrative>Output Indicator</narrative>
        </title>
        <description>
          <narrative>Annual emissions of carbon dioxide (in metric tons) to be reduced or avoided described in the INDC
% of electricity to be generated from renewable energy sources described in the INDC</narrative>
        </description>
        <baseline year="2015" value="">
          <comment>
            <narrative>Greenhouse gas emissions 182,680tCO2e (2004)
25% of electricity generated from hydropower in 2013</narrative>
          </comment>
        </baseline>
        <period>
          <period-start iso-date="2015-01-01" />
          <period-end iso-date="2015-12-31" />
          <target value="">
            <comment>
              <narrative>60% of electricity to be generated from renewable energy sources by 2020 described in the INDC</narrative>
            </comment>
          </target>
          <actual value="">
            <comment>
              <narrative>St Vincent intends to achieve the following as articulated in its NDC:

An unconditional, economy-wide reduction in greenhouse gas (GHG) emissions of 22% compared to its business as usual (BAU) scenario by 2025. This represents approx 125 GgCO2e.

Renewable energy: the plans for renewable energy generation centre on the development of the country’s proposed geothermal power plant (planned to be completed in 2018). The facility, when complete, will generate approximately 50% of the national annual electricity consumption needs. Within the energy sector, approximately 50% of emissions can be attributed to energy generation.
Energy efficiency: there is an objective to achieve a 15% reduction in national electricity consumption compared to a BAU scenario by 2025.</narrative>
            </comment>
          </actual>
        </period>
        <period>
          <period-start iso-date="2016-01-01" />
          <period-end iso-date="2016-12-31" />
          <target value="">
            <comment>
              <narrative>Development of national monitoring, reporting and verification (MRV) system for tracking the implementation of the NDC</narrative>
            </comment>
          </target>
          <actual value="">
            <comment>
              <narrative>Multi-sector consultations underway; draft online MRV system being populated.</narrative>
            </comment>
          </actual>
        </period>
      </indicator>
    </result>
  </iati-activity>
</iati-activities>