<countries>
  <country num_id="4">
    <name>"Afghanistan"</name>
    <code>"AF"</code>
    <population>33332025</population>
  </country>
  <country num_id="8">
    <name>"Albania"</name>
    <code>"AL"</code>
    <population>3038594</population>
  </country>
  <country num_id="12">
    <name>"Algeria"</name>
    <code>"DZ"</code>
    <population>40263711</population>
  </country>
  <country num_id="16">
    <name>"American Samoa"</name>
    <code>"AS"</code>
    <population>54194</population>
  </country>
  <country num_id="20">
    <name>"Andorra"</name>
    <code>"AD"</code>
    <population>85660</population>
  </country>
  <country num_id="24">
    <name>"Angola"</name>
    <code>"AO"</code>
    <population>20172332</population>
  </country>
  <country num_id="660">
    <name>"Anguilla"</name>
    <code>"AI"</code>
    <population>16752</population>
  </country>
  <country num_id="28">
    <name>"Antigua and Barbuda"</name>
    <code>"AG"</code>
    <population>93581</population>
  </country>
  <country num_id="32">
    <name>"Argentina"</name>
    <code>"AR"</code>
    <population>43886748</population>
  </country>
  <country num_id="51">
    <name>"Armenia"</name>
    <code>"AM"</code>
    <population>3051250</population>
  </country>
  <country num_id="533">
    <name>"Aruba"</name>
    <code>"AW"</code>
    <population>113648</population>
  </country>
  <country num_id="36">
    <name>"Australia"</name>
    <code>"AU"</code>
    <population>22992654</population>
  </country>
  <country num_id="40">
    <name>"Austria"</name>
    <code>"AT"</code>
    <population>8711770</population>
  </country>
  <country num_id="31">
    <name>"Azerbaijan"</name>
    <code>"AZ"</code>
    <population>9872765</population>
  </country>
  <country num_id="44">
    <name>"Bahamas"</name>
    <code>"BS"</code>
    <population>327316</population>
  </country>
  <country num_id="48">
    <name>"Bahrain"</name>
    <code>"BH"</code>
    <population>1378904</population>
  </country>
  <country num_id="50">
    <name>"Bangladesh"</name>
    <code>"BD"</code>
    <population>156186882</population>
  </country>
  <country num_id="52">
    <name>"Barbados"</name>
    <code>"BB"</code>
    <population>291495</population>
  </country>
  <country num_id="112">
    <name>"Belarus"</name>
    <code>"BY"</code>
    <population>9570376</population>
  </country>
  <country num_id="56">
    <name>"Belgium"</name>
    <code>"BE"</code>
    <population>11409077</population>
  </country>
  <country num_id="84">
    <name>"Belize"</name>
    <code>"BZ"</code>
    <population>353858</population>
  </country>
  <country num_id="204">
    <name>"Benin"</name>
    <code>"BJ"</code>
    <population>10741458</population>
  </country>
  <country num_id="60">
    <name>"Bermuda"</name>
    <code>"BM"</code>
    <population>70537</population>
  </country>
  <country num_id="64">
    <name>"Bhutan"</name>
    <code>"BT"</code>
    <population>750125</population>
  </country>
  <country num_id="68">
    <name>"Bolivia; Plurinational State of"</name>
    <code>"BO"</code>
    <population>10969649</population>
  </country>
  <country num_id="68">
    <name>"Bolivia"</name>
    <code>"BO"</code>
    <population>10969649</population>
  </country>
  <country num_id="70">
    <name>"Bosnia and Herzegovina"</name>
    <code>"BA"</code>
    <population>3861912</population>
  </country>
  <country num_id="72">
    <name>"Botswana"</name>
    <code>"BW"</code>
    <population>2209208</population>
  </country>
  <country num_id="76">
    <name>"Brazil"</name>
    <code>"BR"</code>
    <population>205823665</population>
  </country>
  <country num_id="96">
    <name>"Brunei Darussalam"</name>
    <code>"BN"</code>
    <population>436620</population>
  </country>
  <country num_id="96">
    <name>"Brunei"</name>
    <code>"BN"</code>
    <population>436620</population>
  </country>
  <country num_id="100">
    <name>"Bulgaria"</name>
    <code>"BG"</code>
    <population>7144653</population>
  </country>
  <country num_id="854">
    <name>"Burkina Faso"</name>
    <code>"BF"</code>
    <population>19512533</population>
  </country>
  <country num_id="108">
    <name>"Burundi"</name>
    <code>"BI"</code>
    <population>11099298</population>
  </country>
  <country num_id="116">
    <name>"Cambodia"</name>
    <code>"KH"</code>
    <population>15957223</population>
  </country>
  <country num_id="120">
    <name>"Cameroon"</name>
    <code>"CM"</code>
    <population>24360803</population>
  </country>
  <country num_id="124">
    <name>"Canada"</name>
    <code>"CA"</code>
    <population>35362905</population>
  </country>
  <country num_id="132">
    <name>"Cape Verde"</name>
    <code>"CV"</code>
    <population>553432</population>
  </country>
  <country num_id="136">
    <name>"Cayman Islands"</name>
    <code>"KY"</code>
    <population>57268</population>
  </country>
  <country num_id="140">
    <name>"Central African Republic"</name>
    <code>"CF"</code>
    <population>5507257</population>
  </country>
  <country num_id="148">
    <name>"Chad"</name>
    <code>"TD"</code>
    <population>11852462</population>
  </country>
  <country num_id="152">
    <name>"Chile"</name>
    <code>"CL"</code>
    <population>17650114</population>
  </country>
  <country num_id="156">
    <name>"China"</name>
    <code>"CN"</code>
    <population>1373541278</population>
  </country>
  <country num_id="162">
    <name>"Christmas Island"</name>
    <code>"CX"</code>
    <population>2205</population>
  </country>
  <country num_id="166">
    <name>"Cocos (Keeling) Islands"</name>
    <code>"CC"</code>
    <population>596</population>
  </country>
  <country num_id="170">
    <name>"Colombia"</name>
    <code>"CO"</code>
    <population>47220856</population>
  </country>
  <country num_id="174">
    <name>"Comoros"</name>
    <code>"KM"</code>
    <population>794678</population>
  </country>
  <country num_id="178">
    <name>"Congo"</name>
    <code>"CG"</code>
    <population>4852412</population>
  </country>
  <country num_id="180">
    <name>"Congo; the Democratic Republic of the"</name>
    <code>"CD"</code>
    <population>81331050</population>
  </country>
  <country num_id="184">
    <name>"Cook Islands"</name>
    <code>"CK"</code>
    <population>9556</population>
  </country>
  <country num_id="188">
    <name>"Costa Rica"</name>
    <code>"CR"</code>
    <population>4872543</population>
  </country>
  <country num_id="384">
    <name>"Côte d'Ivoire"</name>
    <code>"CI"</code>
    <population>23740424</population>
  </country>
  <country num_id="384">
    <name>"Ivory Coast"</name>
    <code>"CI"</code>
    <population>23740424</population>
  </country>
  <country num_id="191">
    <name>"Croatia"</name>
    <code>"HR"</code>
    <population>4313707</population>
  </country>
  <country num_id="192">
    <name>"Cuba"</name>
    <code>"CU"</code>
    <population>11179995</population>
  </country>
  <country num_id="196">
    <name>"Cyprus"</name>
    <code>"CY"</code>
    <population>1205575</population>
  </country>
  <country num_id="203">
    <name>"Czech Republic"</name>
    <code>"CZ"</code>
    <population>10644842</population>
  </country>
  <country num_id="208">
    <name>"Denmark"</name>
    <code>"DK"</code>
    <population>5593785</population>
  </country>
  <country num_id="262">
    <name>"Djibouti"</name>
    <code>"DJ"</code>
    <population>846687</population>
  </country>
  <country num_id="212">
    <name>"Dominica"</name>
    <code>"DM"</code>
    <population>73757</population>
  </country>
  <country num_id="214">
    <name>"Dominican Republic"</name>
    <code>"DO"</code>
    <population>10606865</population>
  </country>
  <country num_id="218">
    <name>"Ecuador"</name>
    <code>"EC"</code>
    <population>16080778</population>
  </country>
  <country num_id="818">
    <name>"Egypt"</name>
    <code>"EG"</code>
    <population>94666993</population>
  </country>
  <country num_id="222">
    <name>"El Salvador"</name>
    <code>"SV"</code>
    <population>6156670</population>
  </country>
  <country num_id="226">
    <name>"Equatorial Guinea"</name>
    <code>"GQ"</code>
    <population>759451</population>
  </country>
  <country num_id="232">
    <name>"Eritrea"</name>
    <code>"ER"</code>
    <population>5869869</population>
  </country>
  <country num_id="233">
    <name>"Estonia"</name>
    <code>"EE"</code>
    <population>1258545</population>
  </country>
  <country num_id="231">
    <name>"Ethiopia"</name>
    <code>"ET"</code>
    <population>102374044</population>
  </country>
  <country num_id="238">
    <name>"Falkland Islands (Malvinas)"</name>
    <code>"FK"</code>
    <population>2931</population>
  </country>
  <country num_id="234">
    <name>"Faroe Islands"</name>
    <code>"FO"</code>
    <population>50456</population>
  </country>
  <country num_id="242">
    <name>"Fiji"</name>
    <code>"FJ"</code>
    <population>915303</population>
  </country>
  <country num_id="246">
    <name>"Finland"</name>
    <code>"FI"</code>
    <population>5498211</population>
  </country>
  <country num_id="250">
    <name>"France"</name>
    <code>"FR"</code>
    <population>66836154</population>
  </country>
  <country num_id="254">
    <name>"French Guiana"</name>
    <code>"GF"</code>
    <population>181000</population>
  </country>
  <country num_id="258">
    <name>"French Polynesia"</name>
    <code>"PF"</code>
    <population>285321</population>
  </country>
  <country num_id="266">
    <name>"Gabon"</name>
    <code>"GA"</code>
    <population>1738541</population>
  </country>
  <country num_id="270">
    <name>"Gambia"</name>
    <code>"GM"</code>
    <population>2009648</population>
  </country>
  <country num_id="268">
    <name>"Georgia"</name>
    <code>"GE"</code>
    <population>4928052</population>
  </country>
  <country num_id="276">
    <name>"Germany"</name>
    <code>"DE"</code>
    <population>80722792</population>
  </country>
  <country num_id="288">
    <name>"Ghana"</name>
    <code>"GH"</code>
    <population>26908262</population>
  </country>
  <country num_id="292">
    <name>"Gibraltar"</name>
    <code>"GI"</code>
    <population>29328</population>
  </country>
  <country num_id="300">
    <name>"Greece"</name>
    <code>"GR"</code>
    <population>10773253</population>
  </country>
  <country num_id="304">
    <name>"Greenland"</name>
    <code>"GL"</code>
    <population>57728</population>
  </country>
  <country num_id="308">
    <name>"Grenada"</name>
    <code>"GD"</code>
    <population>111219</population>
  </country>
  <country num_id="312">
    <name>"Guadeloupe"</name>
    <code>"GP"</code>
    <population>456000</population>
  </country>
  <country num_id="316">
    <name>"Guam"</name>
    <code>"GU"</code>
    <population>162742</population>
  </country>
  <country num_id="320">
    <name>"Guatemala"</name>
    <code>"GT"</code>
    <population>15189958</population>
  </country>
  <country num_id="831">
    <name>"Guernsey"</name>
    <code>"GG"</code>
    <population>66297</population>
  </country>
  <country num_id="324">
    <name>"Guinea"</name>
    <code>"GN"</code>
    <population>12093349</population>
  </country>
  <country num_id="624">
    <name>"Guinea-Bissau"</name>
    <code>"GW"</code>
    <population>1759159</population>
  </country>
  <country num_id="328">
    <name>"Guyana"</name>
    <code>"GY"</code>
    <population>735909</population>
  </country>
  <country num_id="332">
    <name>"Haiti"</name>
    <code>"HT"</code>
    <population>10485800</population>
  </country>
  <country num_id="336">
    <name>"Holy See (Vatican City State)"</name>
    <code>"VA"</code>
    <population>1000</population>
  </country>
  <country num_id="340">
    <name>"Honduras"</name>
    <code>"HN"</code>
    <population>8893259</population>
  </country>
  <country num_id="344">
    <name>"Hong Kong"</name>
    <code>"HK"</code>
    <population>7167403</population>
  </country>
  <country num_id="348">
    <name>"Hungary"</name>
    <code>"HU"</code>
    <population>9874784</population>
  </country>
  <country num_id="352">
    <name>"Iceland"</name>
    <code>"IS"</code>
    <population>335878</population>
  </country>
  <country num_id="356">
    <name>"India"</name>
    <code>"IN"</code>
    <population>1266883598</population>
  </country>
  <country num_id="360">
    <name>"Indonesia"</name>
    <code>"ID"</code>
    <population>258316051</population>
  </country>
  <country num_id="364">
    <name>"Iran; Islamic Republic of"</name>
    <code>"IR"</code>
    <population>82801633</population>
  </country>
  <country num_id="368">
    <name>"Iraq"</name>
    <code>"IQ"</code>
    <population>38146025</population>
  </country>
  <country num_id="372">
    <name>"Ireland"</name>
    <code>"IE"</code>
    <population>4952473</population>
  </country>
  <country num_id="833">
    <name>"Isle of Man"</name>
    <code>"IM"</code>
    <population>88195</population>
  </country>
  <country num_id="376">
    <name>"Israel"</name>
    <code>"IL"</code>
    <population>8174527</population>
  </country>
  <country num_id="380">
    <name>"Italy"</name>
    <code>"IT"</code>
    <population>62007540</population>
  </country>
  <country num_id="388">
    <name>"Jamaica"</name>
    <code>"JM"</code>
    <population>2970340</population>
  </country>
  <country num_id="392">
    <name>"Japan"</name>
    <code>"JP"</code>
    <population>126702133</population>
  </country>
  <country num_id="832">
    <name>"Jersey"</name>
    <code>"JE"</code>
    <population>98069</population>
  </country>
  <country num_id="400">
    <name>"Jordan"</name>
    <code>"JO"</code>
    <population>8185384</population>
  </country>
  <country num_id="398">
    <name>"Kazakhstan"</name>
    <code>"KZ"</code>
    <population>18360353</population>
  </country>
  <country num_id="404">
    <name>"Kenya"</name>
    <code>"KE"</code>
    <population>46790758</population>
  </country>
  <country num_id="296">
    <name>"Kiribati"</name>
    <code>"KI"</code>
    <population>106925</population>
  </country>
  <country num_id="408">
    <name>"Korea; Democratic People's Republic of"</name>
    <code>"KP"</code>
    <population>25115311</population>
  </country>
  <country num_id="410">
    <name>"Korea; Republic of"</name>
    <code>"KR"</code>
    <population>50924172</population>
  </country>
  <country num_id="410">
    <name>"South Korea"</name>
    <code>"KR"</code>
    <population>50924172</population>
  </country>
  <country num_id="414">
    <name>"Kuwait"</name>
    <code>"KW"</code>
    <population>2832776</population>
  </country>
  <country num_id="417">
    <name>"Kyrgyzstan"</name>
    <code>"KG"</code>
    <population>5727553</population>
  </country>
  <country num_id="418">
    <name>"Lao People's Democratic Republic"</name>
    <code>"LA"</code>
    <population>7019073</population>
  </country>
  <country num_id="428">
    <name>"Latvia"</name>
    <code>"LV"</code>
    <population>1965686</population>
  </country>
  <country num_id="422">
    <name>"Lebanon"</name>
    <code>"LB"</code>
    <population>6237738</population>
  </country>
  <country num_id="426">
    <name>"Lesotho"</name>
    <code>"LS"</code>
    <population>1953070</population>
  </country>
  <country num_id="430">
    <name>"Liberia"</name>
    <code>"LR"</code>
    <population>4299944</population>
  </country>
  <country num_id="434">
    <name>"Libyan Arab Jamahiriya"</name>
    <code>"LY"</code>
    <population>6541948</population>
  </country>
  <country num_id="434">
    <name>"Libya"</name>
    <code>"LY"</code>
    <population>6541948</population>
  </country>
  <country num_id="438">
    <name>"Liechtenstein"</name>
    <code>"LI"</code>
    <population>37937</population>
  </country>
  <country num_id="440">
    <name>"Lithuania"</name>
    <code>"LT"</code>
    <population>2854235</population>
  </country>
  <country num_id="442">
    <name>"Luxembourg"</name>
    <code>"LU"</code>
    <population>582291</population>
  </country>
  <country num_id="446">
    <name>"Macao"</name>
    <code>"MO"</code>
    <population>597425</population>
  </country>
  <country num_id="807">
    <name>"Macedonia; the former Yugoslav Republic of"</name>
    <code>"MK"</code>
    <population>2100025</population>
  </country>
  <country num_id="450">
    <name>"Madagascar"</name>
    <code>"MG"</code>
    <population>24430325</population>
  </country>
  <country num_id="454">
    <name>"Malawi"</name>
    <code>"MW"</code>
    <population>18570321</population>
  </country>
  <country num_id="458">
    <name>"Malaysia"</name>
    <code>"MY"</code>
    <population>30949962</population>
  </country>
  <country num_id="462">
    <name>"Maldives"</name>
    <code>"MV"</code>
    <population>392960</population>
  </country>
  <country num_id="466">
    <name>"Mali"</name>
    <code>"ML"</code>
    <population>17467108</population>
  </country>
  <country num_id="470">
    <name>"Malta"</name>
    <code>"MT"</code>
    <population>415196</population>
  </country>
  <country num_id="584">
    <name>"Marshall Islands"</name>
    <code>"MH"</code>
    <population>73376</population>
  </country>
  <country num_id="474">
    <name>"Martinique"</name>
    <code>"MQ"</code>
    <population>395000</population>
  </country>
  <country num_id="478">
    <name>"Mauritania"</name>
    <code>"MR"</code>
    <population>3677293</population>
  </country>
  <country num_id="480">
    <name>"Mauritius"</name>
    <code>"MU"</code>
    <population>1348242</population>
  </country>
  <country num_id="175">
    <name>"Mayotte"</name>
    <code>"YT"</code>
    <population>223765</population>
  </country>
  <country num_id="484">
    <name>"Mexico"</name>
    <code>"MX"</code>
    <population>123166749</population>
  </country>
  <country num_id="583">
    <name>"Micronesia; Federated States of"</name>
    <code>"FM"</code>
    <population>104719</population>
  </country>
  <country num_id="498">
    <name>"Moldova; Republic of"</name>
    <code>"MD"</code>
    <population>3510485</population>
  </country>
  <country num_id="492">
    <name>"Monaco"</name>
    <code>"MC"</code>
    <population>30581</population>
  </country>
  <country num_id="496">
    <name>"Mongolia"</name>
    <code>"MN"</code>
    <population>3031330</population>
  </country>
  <country num_id="499">
    <name>"Montenegro"</name>
    <code>"ME"</code>
    <population>644578</population>
  </country>
  <country num_id="500">
    <name>"Montserrat"</name>
    <code>"MS"</code>
    <population>5267</population>
  </country>
  <country num_id="504">
    <name>"Morocco"</name>
    <code>"MA"</code>
    <population>33655786</population>
  </country>
  <country num_id="508">
    <name>"Mozambique"</name>
    <code>"MZ"</code>
    <population>25930150</population>
  </country>
  <country num_id="104">
    <name>"Myanmar"</name>
    <code>"MM"</code>
    <population>56890418</population>
  </country>
  <country num_id="104">
    <name>"Burma"</name>
    <code>"MM"</code>
    <population>56890418</population>
  </country>
  <country num_id="516">
    <name>"Namibia"</name>
    <code>"NA"</code>
    <population>2436469</population>
  </country>
  <country num_id="520">
    <name>"Nauru"</name>
    <code>"NR"</code>
    <population>9591</population>
  </country>
  <country num_id="524">
    <name>"Nepal"</name>
    <code>"NP"</code>
    <population>29033914</population>
  </country>
  <country num_id="528">
    <name>"Netherlands"</name>
    <code>"NL"</code>
    <population>17016967</population>
  </country>
  <country num_id="530">
    <name>"Netherlands Antilles"</name>
    <code>"AN"</code>
    <population>227049</population>
  </country>
  <country num_id="540">
    <name>"New Caledonia"</name>
    <code>"NC"</code>
    <population>275355</population>
  </country>
  <country num_id="554">
    <name>"New Zealand"</name>
    <code>"NZ"</code>
    <population>4474549</population>
  </country>
  <country num_id="558">
    <name>"Nicaragua"</name>
    <code>"NI"</code>
    <population>5966798</population>
  </country>
  <country num_id="562">
    <name>"Niger"</name>
    <code>"NE"</code>
    <population>18638600</population>
  </country>
  <country num_id="566">
    <name>"Nigeria"</name>
    <code>"NG"</code>
    <population>186053386</population>
  </country>
  <country num_id="570">
    <name>"Niue"</name>
    <code>"NU"</code>
    <population>1190</population>
  </country>
  <country num_id="574">
    <name>"Norfolk Island"</name>
    <code>"NF"</code>
    <population>2210</population>
  </country>
  <country num_id="580">
    <name>"Northern Mariana Islands"</name>
    <code>"MP"</code>
    <population>53467</population>
  </country>
  <country num_id="578">
    <name>"Norway"</name>
    <code>"NO"</code>
    <population>5265158</population>
  </country>
  <country num_id="512">
    <name>"Oman"</name>
    <code>"OM"</code>
    <population>3355262</population>
  </country>
  <country num_id="586">
    <name>"Pakistan"</name>
    <code>"PK"</code>
    <population>201995540</population>
  </country>
  <country num_id="585">
    <name>"Palau"</name>
    <code>"PW"</code>
    <population>21347</population>
  </country>
  <country num_id="275">
    <name>"Palestinian Territory; Occupied"</name>
    <code>"PS"</code>
    <population>2731052</population>
  </country>
  <country num_id="591">
    <name>"Panama"</name>
    <code>"PA"</code>
    <population>3705246</population>
  </country>
  <country num_id="598">
    <name>"Papua New Guinea"</name>
    <code>"PG"</code>
    <population>6791317</population>
  </country>
  <country num_id="600">
    <name>"Paraguay"</name>
    <code>"PY"</code>
    <population>6862812</population>
  </country>
  <country num_id="604">
    <name>"Peru"</name>
    <code>"PE"</code>
    <population>30741062</population>
  </country>
  <country num_id="608">
    <name>"Philippines"</name>
    <code>"PH"</code>
    <population>102624209</population>
  </country>
  <country num_id="612">
    <name>"Pitcairn"</name>
    <code>"PN"</code>
    <population>54</population>
  </country>
  <country num_id="616">
    <name>"Poland"</name>
    <code>"PL"</code>
    <population>38523261</population>
  </country>
  <country num_id="620">
    <name>"Portugal"</name>
    <code>"PT"</code>
    <population>10833816</population>
  </country>
  <country num_id="630">
    <name>"Puerto Rico"</name>
    <code>"PR"</code>
    <population>3578056</population>
  </country>
  <country num_id="634">
    <name>"Qatar"</name>
    <code>"QA"</code>
    <population>2258283</population>
  </country>
  <country num_id="638">
    <name>"Réunion"</name>
    <code>"RE"</code>
    <population>699000</population>
  </country>
  <country num_id="642">
    <name>"Romania"</name>
    <code>"RO"</code>
    <population>21599736</population>
  </country>
  <country num_id="643">
    <name>"Russian Federation"</name>
    <code>"RU"</code>
    <population>142355415</population>
  </country>
  <country num_id="643">
    <name>"Russia"</name>
    <code>"RU"</code>
    <population>142355415</population>
  </country>
  <country num_id="646">
    <name>"Rwanda"</name>
    <code>"RW"</code>
    <population>12988423</population>
  </country>
  <country num_id="654">
    <name>"Saint Helena; Ascension and Tristan da Cunha"</name>
    <code>"SH"</code>
    <population>7795</population>
  </country>
  <country num_id="659">
    <name>"Saint Kitts and Nevis"</name>
    <code>"KN"</code>
    <population>52329</population>
  </country>
  <country num_id="662">
    <name>"Saint Lucia"</name>
    <code>"LC"</code>
    <population>164464</population>
  </country>
  <country num_id="666">
    <name>"Saint Pierre and Miquelon"</name>
    <code>"PM"</code>
    <population>5595</population>
  </country>
  <country num_id="670">
    <name>"Saint Vincent and the Grenadines"</name>
    <code>"VC"</code>
    <population>102350</population>
  </country>
  <country num_id="670">
    <name>"Saint Vincent &amp; the Grenadines"</name>
    <code>"VC"</code>
    <population>102350</population>
  </country>
  <country num_id="670">
    <name>"St. Vincent and the Grenadines"</name>
    <code>"VC"</code>
    <population>102350</population>
  </country>
  <country num_id="882">
    <name>"Samoa"</name>
    <code>"WS"</code>
    <population>198926</population>
  </country>
  <country num_id="674">
    <name>"San Marino"</name>
    <code>"SM"</code>
    <population>33285</population>
  </country>
  <country num_id="678">
    <name>"Sao Tome and Principe"</name>
    <code>"ST"</code>
    <population>197541</population>
  </country>
  <country num_id="682">
    <name>"Saudi Arabia"</name>
    <code>"SA"</code>
    <population>28160273</population>
  </country>
  <country num_id="686">
    <name>"Senegal"</name>
    <code>"SN"</code>
    <population>14320055</population>
  </country>
  <country num_id="688">
    <name>"Serbia"</name>
    <code>"RS"</code>
    <population>7143921</population>
  </country>
  <country num_id="690">
    <name>"Seychelles"</name>
    <code>"SC"</code>
    <population>93186</population>
  </country>
  <country num_id="694">
    <name>"Sierra Leone"</name>
    <code>"SL"</code>
    <population>6018888</population>
  </country>
  <country num_id="702">
    <name>"Singapore"</name>
    <code>"SG"</code>
    <population>5781728</population>
  </country>
  <country num_id="703">
    <name>"Slovakia"</name>
    <code>"SK"</code>
    <population>5445802</population>
  </country>
  <country num_id="705">
    <name>"Slovenia"</name>
    <code>"SI"</code>
    <population>1978029</population>
  </country>
  <country num_id="90">
    <name>"Solomon Islands"</name>
    <code>"SB"</code>
    <population>635027</population>
  </country>
  <country num_id="706">
    <name>"Somalia"</name>
    <code>"SO"</code>
    <population>10817354</population>
  </country>
  <country num_id="710">
    <name>"South Africa"</name>
    <code>"ZA"</code>
    <population>54300704</population>
  </country>
  <country num_id="239">
    <name>"South Georgia and the South Sandwich Islands"</name>
    <code>"GS"</code>
    <population>30</population>
  </country>
  <country num_id="724">
    <name>"Spain"</name>
    <code>"ES"</code>
    <population>48563476</population>
  </country>
  <country num_id="144">
    <name>"Sri Lanka"</name>
    <code>"LK"</code>
    <population>22235000</population>
  </country>
  <country num_id="736">
    <name>"Sudan"</name>
    <code>"SD"</code>
    <population>36729501</population>
  </country>
  <country num_id="740">
    <name>"Suriname"</name>
    <code>"SR"</code>
    <population>585824</population>
  </country>
  <country num_id="744">
    <name>"Svalbard and Jan Mayen"</name>
    <code>"SJ"</code>
    <population>1872</population>
  </country>
  <country num_id="748">
    <name>"Swaziland"</name>
    <code>"SZ"</code>
    <population>1451428</population>
  </country>
  <country num_id="752">
    <name>"Sweden"</name>
    <code>"SE"</code>
    <population>9880604</population>
  </country>
  <country num_id="756">
    <name>"Switzerland"</name>
    <code>"CH"</code>
    <population>8179294</population>
  </country>
  <country num_id="760">
    <name>"Syrian Arab Republic"</name>
    <code>"SY"</code>
    <population>17185170</population>
  </country>
  <country num_id="158">
    <name>"Taiwan; Province of China"</name>
    <code>"TW"</code>
    <population>23464787</population>
  </country>
  <country num_id="158">
    <name>"Taiwan"</name>
    <code>"TW"</code>
    <population>23464787</population>
  </country>
  <country num_id="762">
    <name>"Tajikistan"</name>
    <code>"TJ"</code>
    <population>8330946</population>
  </country>
  <country num_id="834">
    <name>"Tanzania; United Republic of"</name>
    <code>"TZ"</code>
    <population>52482726</population>
  </country>
  <country num_id="764">
    <name>"Thailand"</name>
    <code>"TH"</code>
    <population>68200824</population>
  </country>
  <country num_id="626">
    <name>"Timor-Leste"</name>
    <code>"TL"</code>
    <population>1261072</population>
  </country>
  <country num_id="768">
    <name>"Togo"</name>
    <code>"TG"</code>
    <population>7756937</population>
  </country>
  <country num_id="772">
    <name>"Tokelau"</name>
    <code>"TK"</code>
    <population>1337</population>
  </country>
  <country num_id="776">
    <name>"Tonga"</name>
    <code>"TO"</code>
    <population>106513</population>
  </country>
  <country num_id="780">
    <name>"Trinidad and Tobago"</name>
    <code>"TT"</code>
    <population>1220479</population>
  </country>
  <country num_id="780">
    <name>"Trinidad &amp; Tobago"</name>
    <code>"TT"</code>
    <population>1220479</population>
  </country>
  <country num_id="788">
    <name>"Tunisia"</name>
    <code>"TN"</code>
    <population>11134588</population>
  </country>
  <country num_id="792">
    <name>"Turkey"</name>
    <code>"TR"</code>
    <population>80274604</population>
  </country>
  <country num_id="795">
    <name>"Turkmenistan"</name>
    <code>"TM"</code>
    <population>5291317</population>
  </country>
  <country num_id="796">
    <name>"Turks and Caicos Islands"</name>
    <code>"TC"</code>
    <population>51430</population>
  </country>
  <country num_id="798">
    <name>"Tuvalu"</name>
    <code>"TV"</code>
    <population>10959</population>
  </country>
  <country num_id="800">
    <name>"Uganda"</name>
    <code>"UG"</code>
    <population>38319241</population>
  </country>
  <country num_id="804">
    <name>"Ukraine"</name>
    <code>"UA"</code>
    <population>44209733</population>
  </country>
  <country num_id="784">
    <name>"United Arab Emirates"</name>
    <code>"AE"</code>
    <population>5927482</population>
  </country>
  <country num_id="826">
    <name>"United Kingdom"</name>
    <code>"GB"</code>
    <population>64430428</population>
  </country>
  <country num_id="840">
    <name>"United States"</name>
    <code>"US"</code>
    <population>323995528</population>
  </country>
  <country num_id="858">
    <name>"Uruguay"</name>
    <code>"UY"</code>
    <population>3351016</population>
  </country>
  <country num_id="860">
    <name>"Uzbekistan"</name>
    <code>"UZ"</code>
    <population>29473614</population>
  </country>
  <country num_id="548">
    <name>"Vanuatu"</name>
    <code>"VU"</code>
    <population>277554</population>
  </country>
  <country num_id="862">
    <name>"Venezuela; Bolivarian Republic of"</name>
    <code>"VE"</code>
    <population>30912302</population>
  </country>
  <country num_id="862">
    <name>"Venezuela"</name>
    <code>"VE"</code>
    <population>30912302</population>
  </country>
  <country num_id="704">
    <name>"Viet Nam"</name>
    <code>"VN"</code>
    <population>95261021</population>
  </country>
  <country num_id="704">
    <name>"Vietnam"</name>
    <code>"VN"</code>
    <population>95261021</population>
  </country>
  <country num_id="92">
    <name>"Virgin Islands; British"</name>
    <code>"VG"</code>
    <population>34232</population>
  </country>
  <country num_id="850">
    <name>"Virgin Islands; U.S."</name>
    <code>"VI"</code>
    <population>102951</population>
  </country>
  <country num_id="876">
    <name>"Wallis and Futuna"</name>
    <code>"WF"</code>
    <population>15664</population>
  </country>
  <country num_id="732">
    <name>"Western Sahara"</name>
    <code>"EH"</code>
    <population>587020</population>
  </country>
  <country num_id="887">
    <name>"Yemen"</name>
    <code>"YE"</code>
    <population>27392779</population>
  </country>
  <country num_id="894">
    <name>"Zambia"</name>
    <code>"ZM"</code>
    <population>15510711</population>
  </country>
  <country num_id="716">
    <name>"Zimbabwe"</name>
    <code>"ZW"</code>
    <population>14546961</population>
  </country>
</countries>