<countries>
  <country num_id="4">
    <name>"Afghanistan"</name>
    <code>"AF"</code>
  </country>
  <country num_id="8">
    <name>"Albania"</name>
    <code>"AL"</code>
  </country>
  <country num_id="12">
    <name>"Algeria"</name>
    <code>"DZ"</code>
  </country>
  <country num_id="16">
    <name>"American Samoa"</name>
    <code>"AS"</code>
  </country>
  <country num_id="20">
    <name>"Andorra"</name>
    <code>"AD"</code>
  </country>
  <country num_id="24">
    <name>"Angola"</name>
    <code>"AO"</code>
  </country>
  <country num_id="660">
    <name>"Anguilla"</name>
    <code>"AI"</code>
  </country>
  <country num_id="28">
    <name>"Antigua and Barbuda"</name>
    <code>"AG"</code>
  </country>
  <country num_id="32">
    <name>"Argentina"</name>
    <code>"AR"</code>
  </country>
  <country num_id="51">
    <name>"Armenia"</name>
    <code>"AM"</code>
  </country>
  <country num_id="533">
    <name>"Aruba"</name>
    <code>"AW"</code>
  </country>
  <country num_id="36">
    <name>"Australia"</name>
    <code>"AU"</code>
  </country>
  <country num_id="40">
    <name>"Austria"</name>
    <code>"AT"</code>
  </country>
  <country num_id="31">
    <name>"Azerbaijan"</name>
    <code>"AZ"</code>
  </country>
  <country num_id="44">
    <name>"Bahamas"</name>
    <code>"BS"</code>
  </country>
  <country num_id="48">
    <name>"Bahrain"</name>
    <code>"BH"</code>
  </country>
  <country num_id="50">
    <name>"Bangladesh"</name>
    <code>"BD"</code>
  </country>
  <country num_id="52">
    <name>"Barbados"</name>
    <code>"BB"</code>
  </country>
  <country num_id="112">
    <name>"Belarus"</name>
    <code>"BY"</code>
  </country>
  <country num_id="56">
    <name>"Belgium"</name>
    <code>"BE"</code>
  </country>
  <country num_id="84">
    <name>"Belize"</name>
    <code>"BZ"</code>
  </country>
  <country num_id="204">
    <name>"Benin"</name>
    <code>"BJ"</code>
  </country>
  <country num_id="60">
    <name>"Bermuda"</name>
    <code>"BM"</code>
  </country>
  <country num_id="64">
    <name>"Bhutan"</name>
    <code>"BT"</code>
  </country>
  <country num_id="68">
    <name>"Bolivia; Plurinational State of"</name>
    <code>"BO"</code>
  </country>
  <country num_id="68">
    <name>"Bolivia"</name>
    <code>"BO"</code>
  </country>
  <country num_id="70">
    <name>"Bosnia and Herzegovina"</name>
    <code>"BA"</code>
  </country>
  <country num_id="72">
    <name>"Botswana"</name>
    <code>"BW"</code>
  </country>
  <country num_id="76">
    <name>"Brazil"</name>
    <code>"BR"</code>
  </country>
  <country num_id="96">
    <name>"Brunei Darussalam"</name>
    <code>"BN"</code>
  </country>
  <country num_id="96">
    <name>"Brunei"</name>
    <code>"BN"</code>
  </country>
  <country num_id="100">
    <name>"Bulgaria"</name>
    <code>"BG"</code>
  </country>
  <country num_id="854">
    <name>"Burkina Faso"</name>
    <code>"BF"</code>
  </country>
  <country num_id="108">
    <name>"Burundi"</name>
    <code>"BI"</code>
  </country>
  <country num_id="116">
    <name>"Cambodia"</name>
    <code>"KH"</code>
  </country>
  <country num_id="120">
    <name>"Cameroon"</name>
    <code>"CM"</code>
  </country>
  <country num_id="124">
    <name>"Canada"</name>
    <code>"CA"</code>
  </country>
  <country num_id="132">
    <name>"Cape Verde"</name>
    <code>"CV"</code>
  </country>
  <country num_id="136">
    <name>"Cayman Islands"</name>
    <code>"KY"</code>
  </country>
  <country num_id="140">
    <name>"Central African Republic"</name>
    <code>"CF"</code>
  </country>
  <country num_id="148">
    <name>"Chad"</name>
    <code>"TD"</code>
  </country>
  <country num_id="152">
    <name>"Chile"</name>
    <code>"CL"</code>
  </country>
  <country num_id="156">
    <name>"China"</name>
    <code>"CN"</code>
  </country>
  <country num_id="162">
    <name>"Christmas Island"</name>
    <code>"CX"</code>
  </country>
  <country num_id="166">
    <name>"Cocos (Keeling) Islands"</name>
    <code>"CC"</code>
  </country>
  <country num_id="170">
    <name>"Colombia"</name>
    <code>"CO"</code>
  </country>
  <country num_id="174">
    <name>"Comoros"</name>
    <code>"KM"</code>
  </country>
  <country num_id="178">
    <name>"Congo"</name>
    <code>"CG"</code>
  </country>
  <country num_id="180">
    <name>"Congo; the Democratic Republic of the"</name>
    <code>"CD"</code>
  </country>
  <country num_id="184">
    <name>"Cook Islands"</name>
    <code>"CK"</code>
  </country>
  <country num_id="188">
    <name>"Costa Rica"</name>
    <code>"CR"</code>
  </country>
  <country num_id="384">
    <name>"Côte d'Ivoire"</name>
    <code>"CI"</code>
  </country>
  <country num_id="384">
    <name>"Ivory Coast"</name>
    <code>"CI"</code>
  </country>
  <country num_id="191">
    <name>"Croatia"</name>
    <code>"HR"</code>
  </country>
  <country num_id="192">
    <name>"Cuba"</name>
    <code>"CU"</code>
  </country>
  <country num_id="196">
    <name>"Cyprus"</name>
    <code>"CY"</code>
  </country>
  <country num_id="203">
    <name>"Czech Republic"</name>
    <code>"CZ"</code>
  </country>
  <country num_id="208">
    <name>"Denmark"</name>
    <code>"DK"</code>
  </country>
  <country num_id="262">
    <name>"Djibouti"</name>
    <code>"DJ"</code>
  </country>
  <country num_id="212">
    <name>"Dominica"</name>
    <code>"DM"</code>
  </country>
  <country num_id="214">
    <name>"Dominican Republic"</name>
    <code>"DO"</code>
  </country>
  <country num_id="218">
    <name>"Ecuador"</name>
    <code>"EC"</code>
  </country>
  <country num_id="818">
    <name>"Egypt"</name>
    <code>"EG"</code>
  </country>
  <country num_id="222">
    <name>"El Salvador"</name>
    <code>"SV"</code>
  </country>
  <country num_id="226">
    <name>"Equatorial Guinea"</name>
    <code>"GQ"</code>
  </country>
  <country num_id="232">
    <name>"Eritrea"</name>
    <code>"ER"</code>
  </country>
  <country num_id="233">
    <name>"Estonia"</name>
    <code>"EE"</code>
  </country>
  <country num_id="231">
    <name>"Ethiopia"</name>
    <code>"ET"</code>
  </country>
  <country num_id="238">
    <name>"Falkland Islands (Malvinas)"</name>
    <code>"FK"</code>
  </country>
  <country num_id="234">
    <name>"Faroe Islands"</name>
    <code>"FO"</code>
  </country>
  <country num_id="242">
    <name>"Fiji"</name>
    <code>"FJ"</code>
  </country>
  <country num_id="246">
    <name>"Finland"</name>
    <code>"FI"</code>
  </country>
  <country num_id="250">
    <name>"France"</name>
    <code>"FR"</code>
  </country>
  <country num_id="254">
    <name>"French Guiana"</name>
    <code>"GF"</code>
  </country>
  <country num_id="258">
    <name>"French Polynesia"</name>
    <code>"PF"</code>
  </country>
  <country num_id="266">
    <name>"Gabon"</name>
    <code>"GA"</code>
  </country>
  <country num_id="270">
    <name>"Gambia"</name>
    <code>"GM"</code>
  </country>
  <country num_id="268">
    <name>"Georgia"</name>
    <code>"GE"</code>
  </country>
  <country num_id="276">
    <name>"Germany"</name>
    <code>"DE"</code>
  </country>
  <country num_id="288">
    <name>"Ghana"</name>
    <code>"GH"</code>
  </country>
  <country num_id="292">
    <name>"Gibraltar"</name>
    <code>"GI"</code>
  </country>
  <country num_id="300">
    <name>"Greece"</name>
    <code>"GR"</code>
  </country>
  <country num_id="304">
    <name>"Greenland"</name>
    <code>"GL"</code>
  </country>
  <country num_id="308">
    <name>"Grenada"</name>
    <code>"GD"</code>
  </country>
  <country num_id="312">
    <name>"Guadeloupe"</name>
    <code>"GP"</code>
  </country>
  <country num_id="316">
    <name>"Guam"</name>
    <code>"GU"</code>
  </country>
  <country num_id="320">
    <name>"Guatemala"</name>
    <code>"GT"</code>
  </country>
  <country num_id="831">
    <name>"Guernsey"</name>
    <code>"GG"</code>
  </country>
  <country num_id="324">
    <name>"Guinea"</name>
    <code>"GN"</code>
  </country>
  <country num_id="624">
    <name>"Guinea-Bissau"</name>
    <code>"GW"</code>
  </country>
  <country num_id="328">
    <name>"Guyana"</name>
    <code>"GY"</code>
  </country>
  <country num_id="332">
    <name>"Haiti"</name>
    <code>"HT"</code>
  </country>
  <country num_id="336">
    <name>"Holy See (Vatican City State)"</name>
    <code>"VA"</code>
  </country>
  <country num_id="340">
    <name>"Honduras"</name>
    <code>"HN"</code>
  </country>
  <country num_id="344">
    <name>"Hong Kong"</name>
    <code>"HK"</code>
  </country>
  <country num_id="348">
    <name>"Hungary"</name>
    <code>"HU"</code>
  </country>
  <country num_id="352">
    <name>"Iceland"</name>
    <code>"IS"</code>
  </country>
  <country num_id="356">
    <name>"India"</name>
    <code>"IN"</code>
  </country>
  <country num_id="360">
    <name>"Indonesia"</name>
    <code>"ID"</code>
  </country>
  <country num_id="364">
    <name>"Iran; Islamic Republic of"</name>
    <code>"IR"</code>
  </country>
  <country num_id="368">
    <name>"Iraq"</name>
    <code>"IQ"</code>
  </country>
  <country num_id="372">
    <name>"Ireland"</name>
    <code>"IE"</code>
  </country>
  <country num_id="833">
    <name>"Isle of Man"</name>
    <code>"IM"</code>
  </country>
  <country num_id="376">
    <name>"Israel"</name>
    <code>"IL"</code>
  </country>
  <country num_id="380">
    <name>"Italy"</name>
    <code>"IT"</code>
  </country>
  <country num_id="388">
    <name>"Jamaica"</name>
    <code>"JM"</code>
  </country>
  <country num_id="392">
    <name>"Japan"</name>
    <code>"JP"</code>
  </country>
  <country num_id="832">
    <name>"Jersey"</name>
    <code>"JE"</code>
  </country>
  <country num_id="400">
    <name>"Jordan"</name>
    <code>"JO"</code>
  </country>
  <country num_id="398">
    <name>"Kazakhstan"</name>
    <code>"KZ"</code>
  </country>
  <country num_id="404">
    <name>"Kenya"</name>
    <code>"KE"</code>
  </country>
  <country num_id="296">
    <name>"Kiribati"</name>
    <code>"KI"</code>
  </country>
  <country num_id="408">
    <name>"Korea; Democratic People's Republic of"</name>
    <code>"KP"</code>
  </country>
  <country num_id="410">
    <name>"Korea; Republic of"</name>
    <code>"KR"</code>
  </country>
  <country num_id="410">
    <name>"South Korea"</name>
    <code>"KR"</code>
  </country>
  <country num_id="414">
    <name>"Kuwait"</name>
    <code>"KW"</code>
  </country>
  <country num_id="417">
    <name>"Kyrgyzstan"</name>
    <code>"KG"</code>
  </country>
  <country num_id="418">
    <name>"Lao People's Democratic Republic"</name>
    <code>"LA"</code>
  </country>
  <country num_id="428">
    <name>"Latvia"</name>
    <code>"LV"</code>
  </country>
  <country num_id="422">
    <name>"Lebanon"</name>
    <code>"LB"</code>
  </country>
  <country num_id="426">
    <name>"Lesotho"</name>
    <code>"LS"</code>
  </country>
  <country num_id="430">
    <name>"Liberia"</name>
    <code>"LR"</code>
  </country>
  <country num_id="434">
    <name>"Libyan Arab Jamahiriya"</name>
    <code>"LY"</code>
  </country>
  <country num_id="434">
    <name>"Libya"</name>
    <code>"LY"</code>
  </country>
  <country num_id="438">
    <name>"Liechtenstein"</name>
    <code>"LI"</code>
  </country>
  <country num_id="440">
    <name>"Lithuania"</name>
    <code>"LT"</code>
  </country>
  <country num_id="442">
    <name>"Luxembourg"</name>
    <code>"LU"</code>
  </country>
  <country num_id="446">
    <name>"Macao"</name>
    <code>"MO"</code>
  </country>
  <country num_id="807">
    <name>"Macedonia; the former Yugoslav Republic of"</name>
    <code>"MK"</code>
  </country>
  <country num_id="450">
    <name>"Madagascar"</name>
    <code>"MG"</code>
  </country>
  <country num_id="454">
    <name>"Malawi"</name>
    <code>"MW"</code>
  </country>
  <country num_id="458">
    <name>"Malaysia"</name>
    <code>"MY"</code>
  </country>
  <country num_id="462">
    <name>"Maldives"</name>
    <code>"MV"</code>
  </country>
  <country num_id="466">
    <name>"Mali"</name>
    <code>"ML"</code>
  </country>
  <country num_id="470">
    <name>"Malta"</name>
    <code>"MT"</code>
  </country>
  <country num_id="584">
    <name>"Marshall Islands"</name>
    <code>"MH"</code>
  </country>
  <country num_id="474">
    <name>"Martinique"</name>
    <code>"MQ"</code>
  </country>
  <country num_id="478">
    <name>"Mauritania"</name>
    <code>"MR"</code>
  </country>
  <country num_id="480">
    <name>"Mauritius"</name>
    <code>"MU"</code>
  </country>
  <country num_id="175">
    <name>"Mayotte"</name>
    <code>"YT"</code>
  </country>
  <country num_id="484">
    <name>"Mexico"</name>
    <code>"MX"</code>
  </country>
  <country num_id="583">
    <name>"Micronesia; Federated States of"</name>
    <code>"FM"</code>
  </country>
  <country num_id="498">
    <name>"Moldova; Republic of"</name>
    <code>"MD"</code>
  </country>
  <country num_id="492">
    <name>"Monaco"</name>
    <code>"MC"</code>
  </country>
  <country num_id="496">
    <name>"Mongolia"</name>
    <code>"MN"</code>
  </country>
  <country num_id="499">
    <name>"Montenegro"</name>
    <code>"ME"</code>
  </country>
  <country num_id="500">
    <name>"Montserrat"</name>
    <code>"MS"</code>
  </country>
  <country num_id="504">
    <name>"Morocco"</name>
    <code>"MA"</code>
  </country>
  <country num_id="508">
    <name>"Mozambique"</name>
    <code>"MZ"</code>
  </country>
  <country num_id="104">
    <name>"Myanmar"</name>
    <code>"MM"</code>
  </country>
  <country num_id="104">
    <name>"Burma"</name>
    <code>"MM"</code>
  </country>
  <country num_id="516">
    <name>"Namibia"</name>
    <code>"NA"</code>
  </country>
  <country num_id="520">
    <name>"Nauru"</name>
    <code>"NR"</code>
  </country>
  <country num_id="524">
    <name>"Nepal"</name>
    <code>"NP"</code>
  </country>
  <country num_id="528">
    <name>"Netherlands"</name>
    <code>"NL"</code>
  </country>
  <country num_id="530">
    <name>"Netherlands Antilles"</name>
    <code>"AN"</code>
  </country>
  <country num_id="540">
    <name>"New Caledonia"</name>
    <code>"NC"</code>
  </country>
  <country num_id="554">
    <name>"New Zealand"</name>
    <code>"NZ"</code>
  </country>
  <country num_id="558">
    <name>"Nicaragua"</name>
    <code>"NI"</code>
  </country>
  <country num_id="562">
    <name>"Niger"</name>
    <code>"NE"</code>
  </country>
  <country num_id="566">
    <name>"Nigeria"</name>
    <code>"NG"</code>
  </country>
  <country num_id="570">
    <name>"Niue"</name>
    <code>"NU"</code>
  </country>
  <country num_id="574">
    <name>"Norfolk Island"</name>
    <code>"NF"</code>
  </country>
  <country num_id="580">
    <name>"Northern Mariana Islands"</name>
    <code>"MP"</code>
  </country>
  <country num_id="578">
    <name>"Norway"</name>
    <code>"NO"</code>
  </country>
  <country num_id="512">
    <name>"Oman"</name>
    <code>"OM"</code>
  </country>
  <country num_id="586">
    <name>"Pakistan"</name>
    <code>"PK"</code>
  </country>
  <country num_id="585">
    <name>"Palau"</name>
    <code>"PW"</code>
  </country>
  <country num_id="275">
    <name>"Palestinian Territory; Occupied"</name>
    <code>"PS"</code>
  </country>
  <country num_id="591">
    <name>"Panama"</name>
    <code>"PA"</code>
  </country>
  <country num_id="598">
    <name>"Papua New Guinea"</name>
    <code>"PG"</code>
  </country>
  <country num_id="600">
    <name>"Paraguay"</name>
    <code>"PY"</code>
  </country>
  <country num_id="604">
    <name>"Peru"</name>
    <code>"PE"</code>
  </country>
  <country num_id="608">
    <name>"Philippines"</name>
    <code>"PH"</code>
  </country>
  <country num_id="612">
    <name>"Pitcairn"</name>
    <code>"PN"</code>
  </country>
  <country num_id="616">
    <name>"Poland"</name>
    <code>"PL"</code>
  </country>
  <country num_id="620">
    <name>"Portugal"</name>
    <code>"PT"</code>
  </country>
  <country num_id="630">
    <name>"Puerto Rico"</name>
    <code>"PR"</code>
  </country>
  <country num_id="634">
    <name>"Qatar"</name>
    <code>"QA"</code>
  </country>
  <country num_id="638">
    <name>"Réunion"</name>
    <code>"RE"</code>
  </country>
  <country num_id="642">
    <name>"Romania"</name>
    <code>"RO"</code>
  </country>
  <country num_id="643">
    <name>"Russian Federation"</name>
    <code>"RU"</code>
  </country>
  <country num_id="643">
    <name>"Russia"</name>
    <code>"RU"</code>
  </country>
  <country num_id="646">
    <name>"Rwanda"</name>
    <code>"RW"</code>
  </country>
  <country num_id="654">
    <name>"Saint Helena; Ascension and Tristan da Cunha"</name>
    <code>"SH"</code>
  </country>
  <country num_id="659">
    <name>"Saint Kitts and Nevis"</name>
    <code>"KN"</code>
  </country>
  <country num_id="662">
    <name>"Saint Lucia"</name>
    <code>"LC"</code>
  </country>
  <country num_id="666">
    <name>"Saint Pierre and Miquelon"</name>
    <code>"PM"</code>
  </country>
  <country num_id="670">
    <name>"Saint Vincent and the Grenadines"</name>
    <code>"VC"</code>
  </country>
  <country num_id="670">
    <name>"Saint Vincent &amp; the Grenadines"</name>
    <code>"VC"</code>
  </country>
  <country num_id="670">
    <name>"St. Vincent and the Grenadines"</name>
    <code>"VC"</code>
  </country>
  <country num_id="882">
    <name>"Samoa"</name>
    <code>"WS"</code>
  </country>
  <country num_id="674">
    <name>"San Marino"</name>
    <code>"SM"</code>
  </country>
  <country num_id="678">
    <name>"Sao Tome and Principe"</name>
    <code>"ST"</code>
  </country>
  <country num_id="682">
    <name>"Saudi Arabia"</name>
    <code>"SA"</code>
  </country>
  <country num_id="686">
    <name>"Senegal"</name>
    <code>"SN"</code>
  </country>
  <country num_id="688">
    <name>"Serbia"</name>
    <code>"RS"</code>
  </country>
  <country num_id="690">
    <name>"Seychelles"</name>
    <code>"SC"</code>
  </country>
  <country num_id="694">
    <name>"Sierra Leone"</name>
    <code>"SL"</code>
  </country>
  <country num_id="702">
    <name>"Singapore"</name>
    <code>"SG"</code>
  </country>
  <country num_id="703">
    <name>"Slovakia"</name>
    <code>"SK"</code>
  </country>
  <country num_id="705">
    <name>"Slovenia"</name>
    <code>"SI"</code>
  </country>
  <country num_id="90">
    <name>"Solomon Islands"</name>
    <code>"SB"</code>
  </country>
  <country num_id="706">
    <name>"Somalia"</name>
    <code>"SO"</code>
  </country>
  <country num_id="710">
    <name>"South Africa"</name>
    <code>"ZA"</code>
  </country>
  <country num_id="239">
    <name>"South Georgia and the South Sandwich Islands"</name>
    <code>"GS"</code>
  </country>
  <country num_id="724">
    <name>"Spain"</name>
    <code>"ES"</code>
  </country>
  <country num_id="144">
    <name>"Sri Lanka"</name>
    <code>"LK"</code>
  </country>
  <country num_id="736">
    <name>"Sudan"</name>
    <code>"SD"</code>
  </country>
  <country num_id="740">
    <name>"Suriname"</name>
    <code>"SR"</code>
  </country>
  <country num_id="744">
    <name>"Svalbard and Jan Mayen"</name>
    <code>"SJ"</code>
  </country>
  <country num_id="748">
    <name>"Swaziland"</name>
    <code>"SZ"</code>
  </country>
  <country num_id="752">
    <name>"Sweden"</name>
    <code>"SE"</code>
  </country>
  <country num_id="756">
    <name>"Switzerland"</name>
    <code>"CH"</code>
  </country>
  <country num_id="760">
    <name>"Syrian Arab Republic"</name>
    <code>"SY"</code>
  </country>
  <country num_id="158">
    <name>"Taiwan; Province of China"</name>
    <code>"TW"</code>
  </country>
  <country num_id="158">
    <name>"Taiwan"</name>
    <code>"TW"</code>
  </country>
  <country num_id="762">
    <name>"Tajikistan"</name>
    <code>"TJ"</code>
  </country>
  <country num_id="834">
    <name>"Tanzania; United Republic of"</name>
    <code>"TZ"</code>
  </country>
  <country num_id="764">
    <name>"Thailand"</name>
    <code>"TH"</code>
  </country>
  <country num_id="626">
    <name>"Timor-Leste"</name>
    <code>"TL"</code>
  </country>
  <country num_id="768">
    <name>"Togo"</name>
    <code>"TG"</code>
  </country>
  <country num_id="772">
    <name>"Tokelau"</name>
    <code>"TK"</code>
  </country>
  <country num_id="776">
    <name>"Tonga"</name>
    <code>"TO"</code>
  </country>
  <country num_id="780">
    <name>"Trinidad and Tobago"</name>
    <code>"TT"</code>
  </country>
  <country num_id="780">
    <name>"Trinidad &amp; Tobago"</name>
    <code>"TT"</code>
  </country>
  <country num_id="788">
    <name>"Tunisia"</name>
    <code>"TN"</code>
  </country>
  <country num_id="792">
    <name>"Turkey"</name>
    <code>"TR"</code>
  </country>
  <country num_id="795">
    <name>"Turkmenistan"</name>
    <code>"TM"</code>
  </country>
  <country num_id="796">
    <name>"Turks and Caicos Islands"</name>
    <code>"TC"</code>
  </country>
  <country num_id="798">
    <name>"Tuvalu"</name>
    <code>"TV"</code>
  </country>
  <country num_id="800">
    <name>"Uganda"</name>
    <code>"UG"</code>
  </country>
  <country num_id="804">
    <name>"Ukraine"</name>
    <code>"UA"</code>
  </country>
  <country num_id="784">
    <name>"United Arab Emirates"</name>
    <code>"AE"</code>
  </country>
  <country num_id="826">
    <name>"United Kingdom"</name>
    <code>"GB"</code>
  </country>
  <country num_id="840">
    <name>"United States"</name>
    <code>"US"</code>
  </country>
  <country num_id="858">
    <name>"Uruguay"</name>
    <code>"UY"</code>
  </country>
  <country num_id="860">
    <name>"Uzbekistan"</name>
    <code>"UZ"</code>
  </country>
  <country num_id="548">
    <name>"Vanuatu"</name>
    <code>"VU"</code>
  </country>
  <country num_id="862">
    <name>"Venezuela; Bolivarian Republic of"</name>
    <code>"VE"</code>
  </country>
  <country num_id="862">
    <name>"Venezuela"</name>
    <code>"VE"</code>
  </country>
  <country num_id="704">
    <name>"Viet Nam"</name>
    <code>"VN"</code>
  </country>
  <country num_id="704">
    <name>"Vietnam"</name>
    <code>"VN"</code>
  </country>
  <country num_id="92">
    <name>"Virgin Islands; British"</name>
    <code>"VG"</code>
  </country>
  <country num_id="850">
    <name>"Virgin Islands; U.S."</name>
    <code>"VI"</code>
  </country>
  <country num_id="876">
    <name>"Wallis and Futuna"</name>
    <code>"WF"</code>
  </country>
  <country num_id="732">
    <name>"Western Sahara"</name>
    <code>"EH"</code>
  </country>
  <country num_id="887">
    <name>"Yemen"</name>
    <code>"YE"</code>
  </country>
  <country num_id="894">
    <name>"Zambia"</name>
    <code>"ZM"</code>
  </country>
  <country num_id="716">
    <name>"Zimbabwe"</name>
    <code>"ZW"</code>
  </country>
</countries>