<countries>
  <country>
    <name>"Afghanistan"</name>
    <code>"AF"</code>
    <population>33332025</population>
  </country>
  <country>
    <name>"Egypt"</name>
    <code>"EG"</code>
    <population>94666993</population>
  </country>
  <country>
    <name>"Åland Islands"</name>
    <code>"AX"</code>
    <population>29013</population>
  </country>
  <country>
    <name>"Albania"</name>
    <code>"AL"</code>
    <population>3038594</population>
  </country>
  <country>
    <name>"Algeria"</name>
    <code>"DZ"</code>
    <population>40263711</population>
  </country>
  <country>
    <name>"American Samoa"</name>
    <code>"AS"</code>
    <population>54194</population>
  </country>
  <country>
    <name>"Andorra"</name>
    <code>"AD"</code>
    <population>85660</population>
  </country>
  <country>
    <name>"Angola"</name>
    <code>"AO"</code>
    <population>20172332</population>
  </country>
  <country>
    <name>"Anguilla"</name>
    <code>"AI"</code>
    <population>16752</population>
  </country>
  <country>
    <name>"Antarctica"</name>
    <code>"AQ"</code>
    <population>0</population>
  </country>
  <country>
    <name>"Antigua and Barbuda"</name>
    <code>"AG"</code>
    <population>93581</population>
  </country>
  <country>
    <name>"Equatorial Guinea"</name>
    <code>"GQ"</code>
    <population>759451</population>
  </country>
  <country>
    <name>"Argentina"</name>
    <code>"AR"</code>
    <population>43886748</population>
  </country>
  <country>
    <name>"Armenia"</name>
    <code>"AM"</code>
    <population>3051250</population>
  </country>
  <country>
    <name>"Aruba"</name>
    <code>"AW"</code>
    <population>113648</population>
  </country>
  <country>
    <name>"Azerbaijan"</name>
    <code>"AZ"</code>
    <population>9872765</population>
  </country>
  <country>
    <name>"Ethiopia"</name>
    <code>"ET"</code>
    <population>102374044</population>
  </country>
  <country>
    <name>"Australia"</name>
    <code>"AU"</code>
    <population>22992654</population>
  </country>
  <country>
    <name>"Bahamas"</name>
    <code>"BS"</code>
    <population>327316</population>
  </country>
  <country>
    <name>"Bahrain"</name>
    <code>"BH"</code>
    <population>1378904</population>
  </country>
  <country>
    <name>"Bangladesh"</name>
    <code>"BD"</code>
    <population>156186882</population>
  </country>
  <country>
    <name>"Barbados"</name>
    <code>"BB"</code>
    <population>291495</population>
  </country>
  <country>
    <name>"Belarus"</name>
    <code>"BY"</code>
    <population>9570376</population>
  </country>
  <country>
    <name>"Belgium"</name>
    <code>"BE"</code>
    <population>11409077</population>
  </country>
  <country>
    <name>"Belize"</name>
    <code>"BZ"</code>
    <population>353858</population>
  </country>
  <country>
    <name>"Benin"</name>
    <code>"BJ"</code>
    <population>10741458</population>
  </country>
  <country>
    <name>"Bermuda"</name>
    <code>"BM"</code>
    <population>70537</population>
  </country>
  <country>
    <name>"Bhutan"</name>
    <code>"BT"</code>
    <population>750125</population>
  </country>
  <country>
    <name>"Bolivia"</name>
    <code>"BO"</code>
    <population>10969649</population>
  </country>
  <country>
    <name>"Bosnia and Herzegovina"</name>
    <code>"BA"</code>
    <population>3861912</population>
  </country>
  <country>
    <name>"Botswana"</name>
    <code>"BW"</code>
    <population>2209208</population>
  </country>
  <country>
    <name>"Bouvet Island"</name>
    <code>"BV"</code>
    <population>0</population>
  </country>
  <country>
    <name>"Brazil"</name>
    <code>"BR"</code>
    <population>205823665</population>
  </country>
  <country>
    <name>"British Indian Ocean Territory"</name>
    <code>"IO"</code>
    <population>0</population>
  </country>
  <country>
    <name>"Brunei"</name>
    <code>"BN"</code>
    <population>436620</population>
  </country>
  <country>
    <name>"Bulgaria"</name>
    <code>"BG"</code>
    <population>7144653</population>
  </country>
  <country>
    <name>"Burkina Faso"</name>
    <code>"BF"</code>
    <population>19512533</population>
  </country>
  <country>
    <name>"Burundi"</name>
    <code>"BI"</code>
    <population>11099298</population>
  </country>
  <country>
    <name>"Chile"</name>
    <code>"CL"</code>
    <population>17650114</population>
  </country>
  <country>
    <name>"China"</name>
    <code>"CN"</code>
    <population>1373541278</population>
  </country>
  <country>
    <name>"Cook Islands"</name>
    <code>"CK"</code>
    <population>9556</population>
  </country>
  <country>
    <name>"Costa Rica"</name>
    <code>"CR"</code>
    <population>4872543</population>
  </country>
  <country>
    <name>"Curacao"</name>
    <code>"CW"</code>
    <population>149035</population>
  </country>
  <country>
    <name>"Denmark"</name>
    <code>"DK"</code>
    <population>5593785</population>
  </country>
  <country>
    <name>"Democratic Republic of the Congo"</name>
    <code>"CD"</code>
    <population>81331050</population>
  </country>
  <country>
    <name>"Germany"</name>
    <code>"DE"</code>
    <population>80722792</population>
  </country>
  <country>
    <name>"Dominica"</name>
    <code>"DM"</code>
    <population>73757</population>
  </country>
  <country>
    <name>"Dominican Republic"</name>
    <code>"DO"</code>
    <population>10606865</population>
  </country>
  <country>
    <name>"Djibouti"</name>
    <code>"DJ"</code>
    <population>846687</population>
  </country>
  <country>
    <name>"Ecuador"</name>
    <code>"EC"</code>
    <population>16080778</population>
  </country>
  <country>
    <name>"El Salvador"</name>
    <code>"SV"</code>
    <population>6156670</population>
  </country>
  <country>
    <name>"Ivory Coast"</name>
    <code>"CI"</code>
    <population>23740424</population>
  </country>
  <country>
    <name>"Eritrea"</name>
    <code>"ER"</code>
    <population>5869869</population>
  </country>
  <country>
    <name>"Estonia"</name>
    <code>"EE"</code>
    <population>1258545</population>
  </country>
  <country>
    <name>"Falkland Islands"</name>
    <code>"FK"</code>
    <population>2931</population>
  </country>
  <country>
    <name>"Faroe Islands"</name>
    <code>"FO"</code>
    <population>50456</population>
  </country>
  <country>
    <name>"Fiji"</name>
    <code>"FJ"</code>
    <population>915303</population>
  </country>
  <country>
    <name>"Finland"</name>
    <code>"FI"</code>
    <population>5498211</population>
  </country>
  <country>
    <name>"France"</name>
    <code>"FR"</code>
    <population>66836154</population>
  </country>
  <country>
    <name>"French Guiana"</name>
    <code>"GF"</code>
    <population>181000</population>
  </country>
  <country>
    <name>"French Polynesia"</name>
    <code>"PF"</code>
    <population>285321</population>
  </country>
  <country>
    <name>"French Southern and Antarctic Lands"</name>
    <code>"TF"</code>
    <population>0</population>
  </country>
  <country>
    <name>"Gabon"</name>
    <code>"GA"</code>
    <population>1738541</population>
  </country>
  <country>
    <name>"Gambia"</name>
    <code>"GM"</code>
    <population>2009648</population>
  </country>
  <country>
    <name>"Georgia"</name>
    <code>"GE"</code>
    <population>4928052</population>
  </country>
  <country>
    <name>"Ghana"</name>
    <code>"GH"</code>
    <population>26908262</population>
  </country>
  <country>
    <name>"Gibraltar"</name>
    <code>"GI"</code>
    <population>29328</population>
  </country>
  <country>
    <name>"Grenada"</name>
    <code>"GD"</code>
    <population>111219</population>
  </country>
  <country>
    <name>"Greece"</name>
    <code>"GR"</code>
    <population>10773253</population>
  </country>
  <country>
    <name>"Greenland"</name>
    <code>"GL"</code>
    <population>57728</population>
  </country>
  <country>
    <name>"Guadeloupe"</name>
    <code>"GP"</code>
    <population>456000</population>
  </country>
  <country>
    <name>"Guam"</name>
    <code>"GU"</code>
    <population>162742</population>
  </country>
  <country>
    <name>"Guatemala"</name>
    <code>"GT"</code>
    <population>15189958</population>
  </country>
  <country>
    <name>"Guernsey"</name>
    <code>"GG"</code>
    <population>66297</population>
  </country>
  <country>
    <name>"Guinea"</name>
    <code>"GN"</code>
    <population>12093349</population>
  </country>
  <country>
    <name>"Guinea-Bissau"</name>
    <code>"GW"</code>
    <population>1759159</population>
  </country>
  <country>
    <name>"Guyana"</name>
    <code>"GY"</code>
    <population>735909</population>
  </country>
  <country>
    <name>"Haiti"</name>
    <code>"HT"</code>
    <population>10485800</population>
  </country>
  <country>
    <name>"Heard Island and McDonald Islands"</name>
    <code>"HM"</code>
    <population>0</population>
  </country>
  <country>
    <name>"Honduras"</name>
    <code>"HN"</code>
    <population>8893259</population>
  </country>
  <country>
    <name>"Hong Kong"</name>
    <code>"HK"</code>
    <population>7167403</population>
  </country>
  <country>
    <name>"India"</name>
    <code>"IN"</code>
    <population>1266883598</population>
  </country>
  <country>
    <name>"Indonesia"</name>
    <code>"ID"</code>
    <population>258316051</population>
  </country>
  <country>
    <name>"Isle of Man"</name>
    <code>"IM"</code>
    <population>88195</population>
  </country>
  <country>
    <name>"Iraq"</name>
    <code>"IQ"</code>
    <population>38146025</population>
  </country>
  <country>
    <name>"Iran"</name>
    <code>"IR"</code>
    <population>82801633</population>
  </country>
  <country>
    <name>"Ireland"</name>
    <code>"IE"</code>
    <population>4952473</population>
  </country>
  <country>
    <name>"Iceland"</name>
    <code>"IS"</code>
    <population>335878</population>
  </country>
  <country>
    <name>"Israel"</name>
    <code>"IL"</code>
    <population>8174527</population>
  </country>
  <country>
    <name>"Italy"</name>
    <code>"IT"</code>
    <population>62007540</population>
  </country>
  <country>
    <name>"Jamaica"</name>
    <code>"JM"</code>
    <population>2970340</population>
  </country>
  <country>
    <name>"Japan"</name>
    <code>"JP"</code>
    <population>126702133</population>
  </country>
  <country>
    <name>"Yemen"</name>
    <code>"YE"</code>
    <population>27392779</population>
  </country>
  <country>
    <name>"Jersey"</name>
    <code>"JE"</code>
    <population>98069</population>
  </country>
  <country>
    <name>"Jordan"</name>
    <code>"JO"</code>
    <population>8185384</population>
  </country>
  <country>
    <name>"British Virgin Islands"</name>
    <code>"VG"</code>
    <population>34232</population>
  </country>
  <country>
    <name>"Virgin Islands"</name>
    <code>"VI"</code>
    <population>102951</population>
  </country>
  <country>
    <name>"Cayman Islands"</name>
    <code>"KY"</code>
    <population>57268</population>
  </country>
  <country>
    <name>"Cambodia"</name>
    <code>"KH"</code>
    <population>15957223</population>
  </country>
  <country>
    <name>"Cameroon"</name>
    <code>"CM"</code>
    <population>24360803</population>
  </country>
  <country>
    <name>"Canada"</name>
    <code>"CA"</code>
    <population>35362905</population>
  </country>
  <country>
    <name>"Cape Verde"</name>
    <code>"CV"</code>
    <population>553432</population>
  </country>
  <country>
    <name>"Kazakhstan"</name>
    <code>"KZ"</code>
    <population>18360353</population>
  </country>
  <country>
    <name>"Qatar"</name>
    <code>"QA"</code>
    <population>2258283</population>
  </country>
  <country>
    <name>"Kenya"</name>
    <code>"KE"</code>
    <population>46790758</population>
  </country>
  <country>
    <name>"Kyrgyzstan"</name>
    <code>"KG"</code>
    <population>5727553</population>
  </country>
  <country>
    <name>"Kiribati"</name>
    <code>"KI"</code>
    <population>106925</population>
  </country>
  <country>
    <name>"Cocos Islands"</name>
    <code>"CC"</code>
    <population>596</population>
  </country>
  <country>
    <name>"Colombia"</name>
    <code>"CO"</code>
    <population>47220856</population>
  </country>
  <country>
    <name>"Comoros"</name>
    <code>"KM"</code>
    <population>794678</population>
  </country>
  <country>
    <name>"Republic of the Congo"</name>
    <code>"CG"</code>
    <population>4852412</population>
  </country>
  <country>
    <name>"Kosovo"</name>
    <code>"XK"</code>
    <population>1883018</population>
  </country>
  <country>
    <name>"Croatia"</name>
    <code>"HR"</code>
    <population>4313707</population>
  </country>
  <country>
    <name>"Cuba"</name>
    <code>"CU"</code>
    <population>11179995</population>
  </country>
  <country>
    <name>"Kuwait"</name>
    <code>"KW"</code>
    <population>2832776</population>
  </country>
  <country>
    <name>"Laos"</name>
    <code>"LA"</code>
    <population>7019073</population>
  </country>
  <country>
    <name>"Lesotho"</name>
    <code>"LS"</code>
    <population>1953070</population>
  </country>
  <country>
    <name>"Latvia"</name>
    <code>"LV"</code>
    <population>1965686</population>
  </country>
  <country>
    <name>"Lebanon"</name>
    <code>"LB"</code>
    <population>6237738</population>
  </country>
  <country>
    <name>"Liberia"</name>
    <code>"LR"</code>
    <population>4299944</population>
  </country>
  <country>
    <name>"Libya"</name>
    <code>"LY"</code>
    <population>6541948</population>
  </country>
  <country>
    <name>"Liechtenstein"</name>
    <code>"LI"</code>
    <population>37937</population>
  </country>
  <country>
    <name>"Lithuania"</name>
    <code>"LT"</code>
    <population>2854235</population>
  </country>
  <country>
    <name>"Luxembourg"</name>
    <code>"LU"</code>
    <population>582291</population>
  </country>
  <country>
    <name>"Macau"</name>
    <code>"MO"</code>
    <population>597425</population>
  </country>
  <country>
    <name>"Madagascar"</name>
    <code>"MG"</code>
    <population>24430325</population>
  </country>
  <country>
    <name>"Malawi"</name>
    <code>"MW"</code>
    <population>18570321</population>
  </country>
  <country>
    <name>"Malaysia"</name>
    <code>"MY"</code>
    <population>30949962</population>
  </country>
  <country>
    <name>"Maldives"</name>
    <code>"MV"</code>
    <population>392960</population>
  </country>
  <country>
    <name>"Mali"</name>
    <code>"ML"</code>
    <population>17467108</population>
  </country>
  <country>
    <name>"Malta"</name>
    <code>"MT"</code>
    <population>415196</population>
  </country>
  <country>
    <name>"Morocco"</name>
    <code>"MA"</code>
    <population>33655786</population>
  </country>
  <country>
    <name>"Marshall Islands"</name>
    <code>"MH"</code>
    <population>73376</population>
  </country>
  <country>
    <name>"Martinique"</name>
    <code>"MQ"</code>
    <population>395000</population>
  </country>
  <country>
    <name>"Mauritania"</name>
    <code>"MR"</code>
    <population>3677293</population>
  </country>
  <country>
    <name>"Mauritius"</name>
    <code>"MU"</code>
    <population>1348242</population>
  </country>
  <country>
    <name>"Mayotte"</name>
    <code>"YT"</code>
    <population>223765</population>
  </country>
  <country>
    <name>"Macedonia"</name>
    <code>"MK"</code>
    <population>2100025</population>
  </country>
  <country>
    <name>"Mexico"</name>
    <code>"MX"</code>
    <population>123166749</population>
  </country>
  <country>
    <name>"Micronesia, Federated States of"</name>
    <code>"FM"</code>
    <population>104719</population>
  </country>
  <country>
    <name>"Moldova"</name>
    <code>"MD"</code>
    <population>3510485</population>
  </country>
  <country>
    <name>"Monaco"</name>
    <code>"MC"</code>
    <population>30581</population>
  </country>
  <country>
    <name>"Mongolia"</name>
    <code>"MN"</code>
    <population>3031330</population>
  </country>
  <country>
    <name>"Montenegro"</name>
    <code>"ME"</code>
    <population>644578</population>
  </country>
  <country>
    <name>"Montserrat"</name>
    <code>"MS"</code>
    <population>5267</population>
  </country>
  <country>
    <name>"Mozambique"</name>
    <code>"MZ"</code>
    <population>25930150</population>
  </country>
  <country>
    <name>"Burma"</name>
    <code>"MM"</code>
    <population>56890418</population>
  </country>
  <country>
    <name>"Namibia"</name>
    <code>"NA"</code>
    <population>2436469</population>
  </country>
  <country>
    <name>"Nauru"</name>
    <code>"NR"</code>
    <population>9591</population>
  </country>
  <country>
    <name>"Nepal"</name>
    <code>"NP"</code>
    <population>29033914</population>
  </country>
  <country>
    <name>"New Caledonia"</name>
    <code>"NC"</code>
    <population>275355</population>
  </country>
  <country>
    <name>"New Zealand"</name>
    <code>"NZ"</code>
    <population>4474549</population>
  </country>
  <country>
    <name>"Nicaragua"</name>
    <code>"NI"</code>
    <population>5966798</population>
  </country>
  <country>
    <name>"Netherlands"</name>
    <code>"NL"</code>
    <population>17016967</population>
  </country>
  <country>
    <name>"Netherlands Antilles"</name>
    <code>"AN"</code>
    <population>227049</population>
  </country>
  <country>
    <name>"Niger"</name>
    <code>"NE"</code>
    <population>18638600</population>
  </country>
  <country>
    <name>"Nigeria"</name>
    <code>"NG"</code>
    <population>186053386</population>
  </country>
  <country>
    <name>"Niue"</name>
    <code>"NU"</code>
    <population>1190</population>
  </country>
  <country>
    <name>"North Korea"</name>
    <code>"KP"</code>
    <population>25115311</population>
  </country>
  <country>
    <name>"Northern Mariana Islands"</name>
    <code>"MP"</code>
    <population>53467</population>
  </country>
  <country>
    <name>"Norfolk Island"</name>
    <code>"NF"</code>
    <population>2210</population>
  </country>
  <country>
    <name>"Norway"</name>
    <code>"NO"</code>
    <population>5265158</population>
  </country>
  <country>
    <name>"Oman"</name>
    <code>"OM"</code>
    <population>3355262</population>
  </country>
  <country>
    <name>"Austria"</name>
    <code>"AT"</code>
    <population>8711770</population>
  </country>
  <country>
    <name>"Timor-Leste"</name>
    <code>"TL"</code>
    <population>1261072</population>
  </country>
  <country>
    <name>"Pakistan"</name>
    <code>"PK"</code>
    <population>201995540</population>
  </country>
  <country>
    <name>"Palestine"</name>
    <code>"PS"</code>
    <population>2731052</population>
  </country>
  <country>
    <name>"Palau"</name>
    <code>"PW"</code>
    <population>21347</population>
  </country>
  <country>
    <name>"Panama"</name>
    <code>"PA"</code>
    <population>3705246</population>
  </country>
  <country>
    <name>"Papua New Guinea"</name>
    <code>"PG"</code>
    <population>6791317</population>
  </country>
  <country>
    <name>"Paraguay"</name>
    <code>"PY"</code>
    <population>6862812</population>
  </country>
  <country>
    <name>"Peru"</name>
    <code>"PE"</code>
    <population>30741062</population>
  </country>
  <country>
    <name>"Philippines"</name>
    <code>"PH"</code>
    <population>102624209</population>
  </country>
  <country>
    <name>"Pitcairn Islands"</name>
    <code>"PN"</code>
    <population>54</population>
  </country>
  <country>
    <name>"Poland"</name>
    <code>"PL"</code>
    <population>38523261</population>
  </country>
  <country>
    <name>"Portugal"</name>
    <code>"PT"</code>
    <population>10833816</population>
  </country>
  <country>
    <name>"Puerto Rico"</name>
    <code>"PR"</code>
    <population>3578056</population>
  </country>
  <country>
    <name>"Reunion"</name>
    <code>"RE"</code>
    <population>699000</population>
  </country>
  <country>
    <name>"Rwanda"</name>
    <code>"RW"</code>
    <population>12988423</population>
  </country>
  <country>
    <name>"Romania"</name>
    <code>"RO"</code>
    <population>21599736</population>
  </country>
  <country>
    <name>"Russia"</name>
    <code>"RU"</code>
    <population>142355415</population>
  </country>
  <country>
    <name>"Solomon Islands"</name>
    <code>"SB"</code>
    <population>635027</population>
  </country>
  <country>
    <name>"Zambia"</name>
    <code>"ZM"</code>
    <population>15510711</population>
  </country>
  <country>
    <name>"Samoa"</name>
    <code>"WS"</code>
    <population>198926</population>
  </country>
  <country>
    <name>"San Marino"</name>
    <code>"SM"</code>
    <population>33285</population>
  </country>
  <country>
    <name>"Saint Barthelemy"</name>
    <code>"BL"</code>
    <population>7209</population>
  </country>
  <country>
    <name>"Sao Tome and Principe"</name>
    <code>"ST"</code>
    <population>197541</population>
  </country>
  <country>
    <name>"Saudi Arabia"</name>
    <code>"SA"</code>
    <population>28160273</population>
  </country>
  <country>
    <name>"Sweden"</name>
    <code>"SE"</code>
    <population>9880604</population>
  </country>
  <country>
    <name>"Switzerland"</name>
    <code>"CH"</code>
    <population>8179294</population>
  </country>
  <country>
    <name>"Senegal"</name>
    <code>"SN"</code>
    <population>14320055</population>
  </country>
  <country>
    <name>"Serbia"</name>
    <code>"RS"</code>
    <population>7143921</population>
  </country>
  <country>
    <name>"Seychelles"</name>
    <code>"SC"</code>
    <population>93186</population>
  </country>
  <country>
    <name>"Sierra Leone"</name>
    <code>"SL"</code>
    <population>6018888</population>
  </country>
  <country>
    <name>"Zimbabwe"</name>
    <code>"ZW"</code>
    <population>14546961</population>
  </country>
  <country>
    <name>"Singapore"</name>
    <code>"SG"</code>
    <population>5781728</population>
  </country>
  <country>
    <name>"Saint Martin"</name>
    <code>"SX"</code>
    <population>31949</population>
  </country>
  <country>
    <name>"Slovakia"</name>
    <code>"SK"</code>
    <population>5445802</population>
  </country>
  <country>
    <name>"Slovenia"</name>
    <code>"SI"</code>
    <population>1978029</population>
  </country>
  <country>
    <name>"Somalia"</name>
    <code>"SO"</code>
    <population>10817354</population>
  </country>
  <country>
    <name>"Spain"</name>
    <code>"ES"</code>
    <population>48563476</population>
  </country>
  <country>
    <name>"Sri Lanka"</name>
    <code>"LK"</code>
    <population>22235000</population>
  </country>
  <country>
    <name>"Saint Helena, Ascension and Tristan da Cunha"</name>
    <code>"SH"</code>
    <population>7795</population>
  </country>
  <country>
    <name>"Saint Kitts and Nevis"</name>
    <code>"KN"</code>
    <population>52329</population>
  </country>
  <country>
    <name>"Saint Lucia"</name>
    <code>"LC"</code>
    <population>164464</population>
  </country>
  <country>
    <name>"Saint Pierre and Miquelon"</name>
    <code>"PM"</code>
    <population>5595</population>
  </country>
  <country>
    <name>"Saint Vincent and the Grenadines"</name>
    <code>"VC"</code>
    <population>102350</population>
  </country>
  <country>
    <name>"South Africa"</name>
    <code>"ZA"</code>
    <population>54300704</population>
  </country>
  <country>
    <name>"Sudan"</name>
    <code>"SD"</code>
    <population>36729501</population>
  </country>
  <country>
    <name>"South Georgia and South Sandwich Islands"</name>
    <code>"GS"</code>
    <population>30</population>
  </country>
  <country>
    <name>"South Korea"</name>
    <code>"KR"</code>
    <population>50924172</population>
  </country>
  <country>
    <name>"South Sudan"</name>
    <code>"SS"</code>
    <population>12530717</population>
  </country>
  <country>
    <name>"Suriname"</name>
    <code>"SR"</code>
    <population>585824</population>
  </country>
  <country>
    <name>"Svalbard"</name>
    <code>"SJ"</code>
    <population>1872</population>
  </country>
  <country>
    <name>"Swaziland"</name>
    <code>"SZ"</code>
    <population>1451428</population>
  </country>
  <country>
    <name>"Syria"</name>
    <code>"SY"</code>
    <population>17185170</population>
  </country>
  <country>
    <name>"Tajikistan"</name>
    <code>"TJ"</code>
    <population>8330946</population>
  </country>
  <country>
    <name>"Taiwan"</name>
    <code>"TW"</code>
    <population>23464787</population>
  </country>
  <country>
    <name>"Tanzania"</name>
    <code>"TZ"</code>
    <population>52482726</population>
  </country>
  <country>
    <name>"Thailand"</name>
    <code>"TH"</code>
    <population>68200824</population>
  </country>
  <country>
    <name>"Togo"</name>
    <code>"TG"</code>
    <population>7756937</population>
  </country>
  <country>
    <name>"Tokelau"</name>
    <code>"TK"</code>
    <population>1337</population>
  </country>
  <country>
    <name>"Tonga"</name>
    <code>"TO"</code>
    <population>106513</population>
  </country>
  <country>
    <name>"Trinidad and Tobago"</name>
    <code>"TT"</code>
    <population>1220479</population>
  </country>
  <country>
    <name>"Chad"</name>
    <code>"TD"</code>
    <population>11852462</population>
  </country>
  <country>
    <name>"Czech Republic"</name>
    <code>"CZ"</code>
    <population>10644842</population>
  </country>
  <country>
    <name>"Tunisia"</name>
    <code>"TN"</code>
    <population>11134588</population>
  </country>
  <country>
    <name>"Turkey"</name>
    <code>"TR"</code>
    <population>80274604</population>
  </country>
  <country>
    <name>"Turkmenistan"</name>
    <code>"TM"</code>
    <population>5291317</population>
  </country>
  <country>
    <name>"Turks and Caicos Islands"</name>
    <code>"TC"</code>
    <population>51430</population>
  </country>
  <country>
    <name>"Tuvalu"</name>
    <code>"TV"</code>
    <population>10959</population>
  </country>
  <country>
    <name>"Uganda"</name>
    <code>"UG"</code>
    <population>38319241</population>
  </country>
  <country>
    <name>"Ukraine"</name>
    <code>"UA"</code>
    <population>44209733</population>
  </country>
  <country>
    <name>"Hungary"</name>
    <code>"HU"</code>
    <population>9874784</population>
  </country>
  <country>
    <name>"Uruguay"</name>
    <code>"UY"</code>
    <population>3351016</population>
  </country>
  <country>
    <name>"Uzbekistan"</name>
    <code>"UZ"</code>
    <population>29473614</population>
  </country>
  <country>
    <name>"Vanuatu"</name>
    <code>"VU"</code>
    <population>277554</population>
  </country>
  <country>
    <name>"Holy See (Vatican City)"</name>
    <code>"VA"</code>
    <population>1000</population>
  </country>
  <country>
    <name>"Venezuela"</name>
    <code>"VE"</code>
    <population>30912302</population>
  </country>
  <country>
    <name>"United Arab Emirates"</name>
    <code>"AE"</code>
    <population>5927482</population>
  </country>
  <country>
    <name>"United States"</name>
    <code>"US"</code>
    <population>323995528</population>
  </country>
  <country>
    <name>"United Kingdom"</name>
    <code>"GB"</code>
    <population>64430428</population>
  </country>
  <country>
    <name>"Vietnam"</name>
    <code>"VN"</code>
    <population>95261021</population>
  </country>
  <country>
    <name>"Wallis and Futuna"</name>
    <code>"WF"</code>
    <population>15664</population>
  </country>
  <country>
    <name>"Christmas Island"</name>
    <code>"CX"</code>
    <population>2205</population>
  </country>
  <country>
    <name>"Western Sahara"</name>
    <code>"EH"</code>
    <population>587020</population>
  </country>
  <country>
    <name>"Central African Republic"</name>
    <code>"CF"</code>
    <population>5507257</population>
  </country>
  <country>
    <name>"Cyprus"</name>
    <code>"CY"</code>
    <population>1205575</population>
  </country>
</countries>